keys,zh,en,ja
ACT_BAIYE_MASS_DISTRIBUTION_DESC,广发诗文行卷以期一遇伯乐,,
ACT_BAIYE_MASS_DISTRIBUTION_NAME,拜谒 · 广发行卷,,
ACT_BAIYE_NORMAL_DESC,投刺候见无人引荐不足为外人道,,
ACT_BAIYE_NORMAL_NAME,拜谒 · 普通拜谒,,
ACT_BAIYE_POEM_VISIT_DESC,递上新诗以才华叩响朱门,,
ACT_BAIYE_POEM_VISIT_NAME,拜谒 · 携诗拜谒,,
ACT_BAIYE_THREATEN_DESC,以把柄为筹码换来横财,,
ACT_BAIYE_THREATEN_NAME,拜谒 · 要挟,,
ACT_DENGGAO_LEYOUYUAN_DESC,乐游原上怀古,,
ACT_DENGGAO_LEYOUYUAN_NAME,远游 · 乐游原,,
ACT_DENGGAO_QUJIANGCHI_DESC,曲江池畔遣兴,,
ACT_DENGGAO_QUJIANGCHI_NAME,远游 · 曲江池,,
ACT_DENGGAO_SHAOLINGYUAN_DESC,少陵原上咏史,,
ACT_DENGGAO_SHAOLINGYUAN_NAME,远游 · 少陵原,,
ACT_DUZHUO_FANGJIAN_TINGWEN_DESC,在酒肆茶馆间打听奇闻异事,,
ACT_DUZHUO_FANGJIAN_TINGWEN_NAME,闲居 · 坊间听闻,,
ACT_DUZHUO_HEYAOJIU_DESC,以药酒祛毒养身,,
ACT_DUZHUO_HEYAOJIU_NAME,闲居 · 喝药酒,,
ACT_DUZHUO_XIAOZHUO_DESC,浅尝辄止微醺养生,,
ACT_DUZHUO_XIAOZHUO_NAME,闲居 · 小酌一口,,
ACT_FANGSHI_BANZHUAN_DESC,体力活,,
ACT_FANGSHI_BANZHUAN_NAME,坊市 · 搬砖,,
ACT_FANGSHI_FGMAIZI_DESC,清高卖字,,
ACT_FANGSHI_FGMAIZI_NAME,坊市 · 风骨卖字,,
ACT_FANGSHI_MAIZI_DESC,卖字为生,,
ACT_FANGSHI_MAIZI_NAME,坊市 · 卖字,,
ACT_FANGSHI_SELL_POEM_DESC,卖与平康坊歌女传唱,,
ACT_FANGSHI_SELL_POEM_NAME,坊市 · 卖诗,,
ACT_FANGSHI_SHIYAO_DESC,当代李时珍,,
ACT_FANGSHI_SHIYAO_NAME,坊市 · 试药,,
ACT_JIAOYOU_HOLD_FEAST_DESC,设宴款待各路宾客或可获得引荐之机,,
ACT_JIAOYOU_HOLD_FEAST_NAME,交游 · 举办宴席,,
ACT_JIAOYOU_INTRO_GACHA_DESC,出席权贵宴席广结人脉或可获得引荐之机,,
ACT_JIAOYOU_INTRO_GACHA_NAME,交游 · 赴宴雅集,,
ACT_JIAOYOU_LEVERAGE_FARM_DESC,在暗巷中打探风声或可获知他人隐秘,,
ACT_JIAOYOU_LEVERAGE_FARM_NAME,交游 · 暗巷刺探,,
ACT_JIAOYOU_RECITE_POEM_DESC,当众宣读新作以诗换名,,
ACT_JIAOYOU_RECITE_POEM_NAME,交游 · 宣读诗词,,
ACT_JIAOYOU_TAVERN_GACHA_DESC,在坊间酒肆以酒会友结识市井中人,,
ACT_JIAOYOU_TAVERN_GACHA_NAME,交游 · 坊间买醉,,
ACT_JIAOYOU_TONGYOU_CHANGAN_DESC,与友人结伴遍览长安风物,,
ACT_JIAOYOU_TONGYOU_CHANGAN_NAME,交游 · 同游长安,,
ACT_JIWEN_LEVERAGE_EXCHANGE_DESC,以把柄为筹码换取吉温的助力,,
ACT_JIWEN_LEVERAGE_EXCHANGE_NAME,吉温 · 把柄换势,,
ACT_TUT_DUZHUO_HEYAOJIU_DESC,药酒提神激发文思,,
ACT_TUT_DUZHUO_HEYAOJIU_NAME,闲居 · 喝药酒（醒神）,,
ACT_TUT_TAOIST_DISPEL_FOG_DESC,请道长施法驱散山顶云雾,,
ACT_TUT_TAOIST_DISPEL_FOG_NAME,交游 · 驱散云雾,,
ACT_ZHENGQIAN_POEM_EXCHANGE_DESC,向郑虔展示诗作换取灵感与文名,,
ACT_ZHENGQIAN_POEM_EXCHANGE_NAME,郑虔 · 以诗换兴望,,
ACT_ZHU_LIU_HUANGCHENG_DESC,移步皇城落脚,,
ACT_ZHU_LIU_HUANGCHENG_NAME,驻留 · 皇城,,
ACT_ZHU_LIU_PINGKANGFANG_DESC,移步平康坊落脚,,
ACT_ZHU_LIU_PINGKANGFANG_NAME,驻留 · 平康坊,,
ACT_ZHU_LIU_XISHI_DESC,移步西市落脚,,
ACT_ZHU_LIU_XISHI_NAME,驻留 · 西市,,
CHAR_NAME_LIBAI,李白,,
CHAR_NAME_WANGWEI,王维,,
CHAR_NAME_ZHENGQIAN,郑虔,,
CODE_ACTION_06CF4D3D54,平康坊,,
CODE_ACTION_BE2A911592,西市,,
CODE_ACTION_BUTTON_60ABF5AC4F,暂时无法执行此行动,,
CODE_ACTION_BUTTON_A3ED1BB61F,已取消等待,,
CODE_ACTION_CD2724EB5A,皇城,,
CODE_ACTION_HINT_BUILDER_D8D33EAD9A,（无数据）,,
CODE_ACTION_HINT_FORMATTER_0094D495FD,微小,,
CODE_ACTION_HINT_FORMATTER_0BBC7EDA2B,• 额外耗时 %d 天,,
CODE_ACTION_HINT_FORMATTER_1A5219A827,不足,,
CODE_ACTION_HINT_FORMATTER_20C021DFAA,⏱%d天,,
CODE_ACTION_HINT_FORMATTER_213F14AD2B,成败未卜,,
CODE_ACTION_HINT_FORMATTER_23FB1D474F,必然,,
CODE_ACTION_HINT_FORMATTER_2508765118,很高,,
CODE_ACTION_HINT_FORMATTER_2EEE8E4508,• %s 将会消耗（重复行动，消耗增加20%%）,,
CODE_ACTION_HINT_FORMATTER_2FB48A6C2F,⏱ 耗时 %s,,
CODE_ACTION_HINT_FORMATTER_389509B135,• %s 将会消耗,,
CODE_ACTION_HINT_FORMATTER_400F1725F5,后果难料,,
CODE_ACTION_HINT_FORMATTER_49020789F4,后果难料…,,
CODE_ACTION_HINT_FORMATTER_49638608D2,卖诗,,
CODE_ACTION_HINT_FORMATTER_4D8C1C5B42,未知,,
CODE_ACTION_HINT_FORMATTER_537A21D6E2,时间 %d,,
CODE_ACTION_HINT_FORMATTER_5B7E1F080F,多半,,
CODE_ACTION_HINT_FORMATTER_6391FF1D34,%s%s（重复）,,
CODE_ACTION_HINT_FORMATTER_710EC86137,成败未卜…,,
CODE_ACTION_HINT_FORMATTER_7D295E9E17,━━━ 产出 ━━━,,
CODE_ACTION_HINT_FORMATTER_92A049E66F,• %s 将会增加,,
CODE_ACTION_HINT_FORMATTER_A7B388A324,以诗换名,,
CODE_ACTION_HINT_FORMATTER_AED2FEF5AE,━━━ 风险 ━━━,,
CODE_ACTION_HINT_FORMATTER_B3A5CEA754,渺茫,,
CODE_ACTION_HINT_FORMATTER_BA06578EC5,• 额外耗时 %d 天（重复行动，消耗增加20%%）,,
CODE_ACTION_HINT_FORMATTER_BF10FD5886,（无叙述）,,
CODE_ACTION_HINT_FORMATTER_C5ECC3C43D,━━━ 可行性 ━━━,,
CODE_ACTION_HINT_FORMATTER_C611D44ACD,━━━ 耗费 ━━━,,
CODE_ACTION_HINT_FORMATTER_C7E5FDA3A3,将被迫中断,,
CODE_ACTION_HINT_FORMATTER_D00FB77ACE,携诗拜谒,,
CODE_ACTION_HINT_FORMATTER_D8D33EAD9A,（无数据）,,
CODE_ACTION_HINT_FORMATTER_E18ED459F1,概率: %d%%,,
CODE_ACTION_HINT_FORMATTER_E90E20838E,• %s 将会增加（重复行动，效果减少20%%）,,
CODE_ACTION_HINT_FORMATTER_E9186A064E,将有不良后果,,
CODE_ACTION_HINT_FORMATTER_F30071FA50,半,,
CODE_ACTION_MANAGER_0E03C08950,超过当前可用行动数量,,
CODE_ACTION_MANAGER_14BEE7594A,「%s」不足，当前%d，需要%d,,
CODE_ACTION_MANAGER_1E3F359752,时间充足（剩余%d天，需要%s）,,
CODE_ACTION_MANAGER_27122C05D7,"%d天（+%d, 由于 %s）",,
CODE_ACTION_MANAGER_302B5DE297,%s(%d旬),,
CODE_ACTION_MANAGER_3BB5410E85,预留席位已满,,
CODE_ACTION_MANAGER_4267E5ADD3,时间剩余%d天，但这项行动需要%s,,
CODE_ACTION_MANAGER_4A67FE38B4,%d天,,
CODE_ACTION_MANAGER_54213AACF4,%s(%s旬),,
CODE_ACTION_MANAGER_5576EB8849,%s→%d旬,,
CODE_ACTION_MANAGER_C1939F32EF,重复预定,,
CODE_ACTION_MANAGER_D16BFC8474,「%s」充足（当前%d）,,
CODE_ACTION_MANAGER_E29F84E3C5,此路不通，换个主意吧,,
CODE_ACTION_MANAGER_F5B23A5C5F,条件满足,,
CODE_ACTION_MATCH_REQUIREMENT_C6CF49304D,当执行「%s」时,,
CODE_ADD_RANDOM_INTRO_OPERATOR_6C288E2BB4,获得了「%s」的引荐信,,
CODE_ADD_RANDOM_INTRO_OPERATOR_7C0C7B5038,添加引荐信给 context[%s],,
CODE_ADD_RANDOM_INTRO_OPERATOR_D093C7C50C,随机获得某人的引荐信,,
CODE_ADD_RANDOM_LEVERAGE_OPERATOR_0108716880,在暗巷中打探消息，或可获知他人把柄,,
CODE_ADD_RANDOM_LEVERAGE_OPERATOR_184F5B7573,收受贿赂的记录,,
CODE_ADD_RANDOM_LEVERAGE_OPERATOR_254E9A0624,与人私通的证据,,
CODE_ADD_RANDOM_LEVERAGE_OPERATOR_3996EDABB3,背信弃义的密约,,
CODE_ADD_RANDOM_LEVERAGE_OPERATOR_502DC14B76,伪造文书的笔迹,,
CODE_ADD_RANDOM_LEVERAGE_OPERATOR_7D65F67B10,见不得光的家丑,,
CODE_ADD_RANDOM_LEVERAGE_OPERATOR_7F26389725,挪用公款的痕迹,,
CODE_ADD_RANDOM_LEVERAGE_OPERATOR_B13ABA59F6,科举舞弊的线索,,
CODE_ADD_RANDOM_LEVERAGE_OPERATOR_B3AD279BCF,常年逃税的账目,,
CODE_ADD_RANDOM_LEVERAGE_OPERATOR_C58E3CFC02,探得了「%s」的把柄：%s,,
CODE_ADD_RANDOM_LEVERAGE_OPERATOR_D1A59CEE54,隐匿的巨额债务,,
CODE_ADD_RANDOM_LEVERAGE_OPERATOR_EC0F4AD515,添加把柄给 context[%s],,
CODE_ADD_RANDOM_LEVERAGE_OPERATOR_F66EF53384,尘封的旧日罪行,,
CODE_ADVANCE_PLOT_PLACEHOLDER_OPERATOR_321B98CB7A,随机与一位人物增进交情，关系层级提升,,
CODE_ADVANCE_PLOT_PLACEHOLDER_OPERATOR_A0F966902C,与%s攀谈甚欢，关系增进,,
CODE_ADVANCE_PLOT_PLACEHOLDER_OPERATOR_B42B332E93,与%s攀谈甚欢,,
CODE_ALL_EMO_SUB_OPERATOR_AD44EE7793,全情↓(%d),,
CODE_AMBITION_CONFIG_0329A1F3B0,阶段状态未知,,
CODE_AMBITION_HUD_314DD9FA4C,将 tracked_property 连续值映射为 Unicode 古典圆点：●●●◐○ + 文学化文本,,
CODE_AMBITION_HUD_C835E76AC4,根据 ambition.tracked_property 从 Database 中取出对应的 Property 资源,,
CODE_AUDIO_MANAGER_0AEE7286EA,循环回调：重新播放。,,
CODE_AUDIO_MANAGER_13C2163725,从类别随机选一个音效，用独立循环播放器无限循环。返回是否成功。,,
CODE_AUDIO_MANAGER_5A9B74407B,停止循环播放器。,,
CODE_AUDIO_MANAGER_9AC22D24D8,索引,,
CODE_BBCODE_01EEBE490C,⏳ 等待 %d/%d 旬,,
CODE_BBCODE_0C8ABDDBB1,[成功效果]:,,
CODE_BBCODE_0D46022B0E,锁定：,,
CODE_BBCODE_0F9928F317,产：无,,
CODE_BBCODE_1726614F08,可行：,,
CODE_BBCODE_2C5F8B18A4,可行：未知,,
CODE_BBCODE_2FB48A6C2F,⏱ 耗时 %s,,
CODE_BBCODE_4D7C36AA23,险：,,
CODE_BBCODE_4F9DFB5567,⚠ 重复行动 — 收益减少20%%，消耗增加20%%,,
CODE_BBCODE_703E75446D,耗：,,
CODE_BBCODE_7117939F67,📍 自动消耗1天前往%s,,
CODE_BBCODE_7CA5205A5B,耗：无,,
CODE_BBCODE_7F0CC21586,赴%s,,
CODE_BBCODE_85C48E965A,⚠ 资源不足，%s,,
CODE_BBCODE_8B1564F7D5,[失败效果]:,,
CODE_BBCODE_9B4C29C5F6,━━━ 持续 ━━━,,
CODE_BBCODE_A8DE0CCC7F,[预览],,
CODE_BBCODE_A95858CB62,━━━ 结果 ━━━,,
CODE_BBCODE_B082955862,产：,,
CODE_BBCODE_B9C206F855,━━━ 前提 ━━━,,
CODE_BBCODE_BB986C4BCD,概率: %d%%成功，,,
CODE_BBCODE_C1E9B923E7,⏳ 执行后等待 %d 旬,,
CODE_BBCODE_C7EC16875B,每旬: %s,,
CODE_BBCODE_D8663A39B4,Lv%d 意象,,
CODE_BBCODE_E18ED459F1,概率: %d%%,,
CODE_BBCODE_E9BCBC440D,锁定：条件不足,,
CODE_BBCODE_EAE89B1E8B,⏱ 耗时 %s ～ %s,,
CODE_BBCODE_ECCD17434E,━━━ 失败 ━━━,,
CODE_BBCODE_F17C55154D,━━━ 效果 ━━━,,
CODE_BBCODE_FA6F390B49,⏱ 耗时 %s — 时间不足（剩余%d天）,,
CODE_BUFF_OPERATOR_0A676BE9DE,获取效率,,
CODE_BUFF_OPERATOR_0B15CFDD12,-%d旬,,
CODE_BUFF_OPERATOR_1DD5A83A65,关系需求,,
CODE_BUFF_OPERATOR_26DD29F108,按 type+named_key 模糊删除（兜底）,,
CODE_BUFF_OPERATOR_27D874C137,每旬,,
CODE_BUFF_OPERATOR_2D602CA4EF,行动加成,,
CODE_BUFF_OPERATOR_33564A7B86,关系时间,,
CODE_BUFF_OPERATOR_540C92CD69,初始化：验证 named_amount_key 是否存在,,
CODE_BUFF_OPERATOR_66D1B869F2,+%d档,,
CODE_BUFF_OPERATOR_7591B94741,修饰器不直接引用属性，返回空,,
CODE_BUFF_OPERATOR_8E7DDBEEE3,上限,,
CODE_BUFF_OPERATOR_A22B5ACD70,交易档次,,
CODE_BUFF_OPERATOR_A61F72D944,修饰器不直接依赖属性，返回空,,
CODE_BUFF_OPERATOR_CC1E0272A8,注册修饰器：向 GameSave.data.active_modifiers 添加一条,,
CODE_BUFF_OPERATOR_CE5F9104CD,Alt 预览：展示修饰器效果文本,,
CODE_BUFF_OPERATOR_D763EDC735,注销修饰器：从 GameSave.data.active_modifiers 删除匹配本条的所有条目,,
CODE_BUSINESS_LINTER_RULE_05E50861A1,事件 %s 的PropertyOperator缺少property设置,,
CODE_BUSINESS_LINTER_RULE_4FE69FE119,业务规则检查官,,
CODE_BUSINESS_LINTER_RULE_5501701ABA,事件 %s 的TraitOperator缺少str_traits和_trait_key设置,,
CODE_BUSINESS_LINTER_RULE_5B18B68CBF,事件 %s 的FlagOperator缺少flag_id设置,,
CODE_BUSINESS_LINTER_RULE_96E1440EBB,事件 %s 的选项 '%s' 有结果但没有时间推动,,
CODE_BUSINESS_LINTER_RULE_C3F663CE96,事件 %s 的TraitReplaceOperator缺少_replace_other_trait设置,,
CODE_BUSINESS_LINTER_RULE_F3604B2778,事件 %s 的TraitReplaceOperator缺少_to_be_replaced_trait设置,,
CODE_CAMERA_8BFDF5633D,大唐时空视界控制,,
CODE_CHAIN_EXECUTOR_0C0C93145A,[ChainExecutor] create_once_option: 无法生成 flag_id,,
CODE_CHAIN_EXECUTOR_2944CE15BE,[ChainExecutor] create_hierarchy 参数不完整: %s,,
CODE_CHAIN_EXECUTOR_2AB12B839F,[ChainExecutor] create_once_option: 注入 operator 失败,,
CODE_CHAIN_EXECUTOR_33AB74724F,[ChainExecutor] create_once_option: 保存事件 '%s' 失败,,
CODE_CHAIN_EXECUTOR_3C51E8A9A5,[ChainExecutor] 命令为 null,,
CODE_CHAIN_EXECUTOR_3CA68A727F,[ChainExecutor] 未知命令类型: %d,,
CODE_CHAIN_EXECUTOR_55DC78D4EA,[ChainExecutor] create_once_option: 设置 requirement 失败,,
CODE_CHAIN_EXECUTOR_6A127B566C,[ChainExecutor] create_reversible_hierarchy 参数不完整: %s,,
CODE_CHAIN_EXECUTOR_7697E711FC,[ChainExecutor] create_hierarchy 成功: %s(%s) ──[Push(%s)]──► %s,,
CODE_CHAIN_EXECUTOR_8783882DF6,[ChainExecutor] create_reversible_hierarchy 失败: 无法注入 Pop 到 %s(%s)（Push 已注入 %s）,,
CODE_CHAIN_EXECUTOR_94EC82CEBD,[ChainExecutor] create_once_option 参数不完整: %s,,
CODE_CHAIN_EXECUTOR_B5BF8FA3BE,[ChainExecutor] create_reversible_hierarchy 失败: 无法注入 Push 到 %s(%s),,
CODE_CHAIN_EXECUTOR_B88A99114E,[ChainExecutor] create_reversible_hierarchy 成功: %s(%s) ──[Push]──► %s ──[Pop]──► %s,,
CODE_CHAIN_EXECUTOR_BE7B523902,[ChainExecutor] create_once_option: 无法加载事件 '%s',,
CODE_CHAIN_EXECUTOR_C811A52B2C,"[ChainExecutor] create_hierarchy 失败: source=%s, source_opt=%s, target=%s",,
CODE_CHAIN_EXECUTOR_ECB00882C2,[ChainExecutor] create_once_option 成功: %s(%s) [flag=%s],,
CODE_CHAIN_EXECUTOR_FDD75F2F56,[ChainExecutor] create_once_option: 在事件 '%s' 中未找到选项 '%s',,
CODE_COMPLEX_EVENT_OPTION_1F4CD3AC79,选项已禁用,,
CODE_CONSUME_RANDOM_LEVERAGE_OPERATOR_1EAD417A70,消耗随机一个把柄,,
CODE_CREATE_FENGXIAN_EVENTS_04F1363AC8,熟悉的路径,,
CODE_CREATE_FENGXIAN_EVENTS_0ABC8F6837,你不知道家在哪里,,
CODE_CREATE_FENGXIAN_EVENTS_1078EFF619,不去问人，直接凭着直觉去找那间漏雨的老屋,,
CODE_CREATE_FENGXIAN_EVENTS_11B6F35547,转身离开,,
CODE_CREATE_FENGXIAN_EVENTS_1EB93AF397,你急疯了，在泥水里跌跌撞撞。那阵哭声变得极其微弱，几乎要被风声盖过。,,
CODE_CREATE_FENGXIAN_EVENTS_1F0DF912AC,[FengxianCreator] 三个 Flag 名称（用于手动 interruptor）:,,
CODE_CREATE_FENGXIAN_EVENTS_20CA6FDCE5,[FengxianCreator] ✓ 已保存: %s,,
CODE_CREATE_FENGXIAN_EVENTS_28C7A55C47,折返回村口,,
CODE_CREATE_FENGXIAN_EVENTS_3E83AC39C2,里正闭着眼，指了一个你根本不认识的方向。风里…听不到哭声了。,,
CODE_CREATE_FENGXIAN_EVENTS_49E10CD8E4,退出门外,,
CODE_CREATE_FENGXIAN_EVENTS_6058B754AE,里正还坐在那张磨得发亮的木凳上，像是从未挪过。你走过去的时候，他正闭着眼晒太阳——不，也许只是在打盹。冬天的太阳没有温度，照在他脸上像一层薄灰。,,
CODE_CREATE_FENGXIAN_EVENTS_6BF646D272,旧居,,
CODE_CREATE_FENGXIAN_EVENTS_842353CF65,[FengxianCreator] ========== 开始创建奉先村事件链 ==========,,
CODE_CREATE_FENGXIAN_EVENTS_8C95CA9E9A,你站在奉先村的村口，风从骊山方向灌过来，把衣摆吹得猎猎作响。十年前的记忆在脑子里乱撞，每条巷子都像，又都不像。村口的老槐树还在，但树下的石凳上坐着陌生的人。,,
CODE_CREATE_FENGXIAN_EVENTS_9A7899478F,你凭着十年前的记忆在这片田野里摸索。路早就被荒草吞没了大半，但方向还在骨头里。风从奉先县城那边吹过来，夹着一股柴烟味。,,
CODE_CREATE_FENGXIAN_EVENTS_9CC9AB94A9,村口的里正,,
CODE_CREATE_FENGXIAN_EVENTS_A277BA513D,你知道那里不对，里正死了，他们似乎搬迁到了你不熟悉的地方,,
CODE_CREATE_FENGXIAN_EVENTS_A66C71E27A,沿着记忆中的小径，去找十年前住过的那间屋,,
CODE_CREATE_FENGXIAN_EVENTS_B083A4688B,奉先村村头,,
CODE_CREATE_FENGXIAN_EVENTS_B93E5BF815,门虚掩着。你推开门，屋里的霉味混着一股甜腻的腐烂气息迎面扑来。地上趴着一具干尸——骨节粗大，肩宽，不像女人，更不是孩子。你蹲下来翻看尸体的手，指节上有老茧，是握锄头的痕迹。,,
CODE_CREATE_FENGXIAN_EVENTS_CE07598636,[FengxianCreator] ✗ 保存失败 (code=%d): %s,,
CODE_CREATE_FENGXIAN_EVENTS_CFE205E880,回头去找村口的里正，他应该知道这些年发生了什么,,
CODE_CREATE_FENGXIAN_EVENTS_E42A444235,向小木屋走去,,
CODE_CREATE_FENGXIAN_EVENTS_E8D1E0FB2C,[FengxianCreator] ========== 全部完成 ==========,,
CODE_CREATE_FENGXIAN_EVENTS_EC014FDEA7,远处的茅草屋里传来婴儿断断续续的啼哭，像是在硬撑。,,
CODE_CREATE_FENGXIAN_EVENTS_F6B7B0EFB3,你又站在了村口。风还是从骊山方向来，但现在你知道有些东西已经不一样了。里正死了，那片你住过的区域已经换了模样——他们似乎搬迁到了你不熟悉的地方。你不常回来，也没钱，这些年村子对你来说，已经成了一个陌生的地方。,,
CODE_CSV_CLOUD_LOADER_05926677F2,清流逢迎事件库,,
CODE_CSV_CLOUD_LOADER_085931B25C,本地优先,,
CODE_CSV_CLOUD_LOADER_1DFC949653,清流互助事件库,,
CODE_CSV_CLOUD_LOADER_45A38D424B,云端,,
CODE_CSV_CLOUD_LOADER_545965AE5D,赶路旅途事件库（本地生成）,,
CODE_CSV_CLOUD_LOADER_61DBE2097D,拜谒蜜月期生成事件（本地生成）,,
CODE_CSV_CLOUD_LOADER_6275468EAB,随机事件池,,
CODE_CSV_CLOUD_LOADER_7793AAD691,旷达期登高事件,,
CODE_CSV_CLOUD_LOADER_82FF83CBA9,拜谒真实面目,,
CODE_CSV_CLOUD_LOADER_83DAF1A19E,浊流猎奇事件库,,
CODE_CSV_CLOUD_LOADER_86F0576A5B,清流钻营事件库,,
CODE_CSV_CLOUD_LOADER_8A38D983E1,多态旷达事件,,
CODE_CSV_CLOUD_LOADER_8E0945C965,野心生活事件,,
CODE_CSV_CLOUD_LOADER_9DC0C591E5,浊流逢迎事件库,,
CODE_CSV_CLOUD_LOADER_BE236A6399,自责事件库,,
CODE_CSV_CLOUD_LOADER_CB2B5390A8,浊流钻营事件库,,
CODE_CSV_CLOUD_LOADER_D052A649DA,焦虑事件库,,
CODE_CSV_CLOUD_LOADER_E172FAE110,狂客×清流谐振事件库,,
CODE_CSV_CLOUD_LOADER_F4692DBE3F,疾病事件（诊断+污染）,,
CODE_CSV_CLOUD_LOADER_F80D0EB98B,道心破碎事件库,,
CODE_CSV_CLOUD_LOADER_FD173F084C,狂客-浊流事件库,,
CODE_DATABASE_4D67642CC6,构建诗词食谱索引 — { sorted_concept_key → Poem recipe },,
CODE_DATABASE_63FD4D1686,提取 resource 的 uuid 和 class_name，写入 _raw_data_pool 和 _index_by_class,,
CODE_DATABASE_651DC1486F,校验 resource 是否匹配 class_filter，空 filter 视为匹配,,
CODE_DATABASE_6F781D1EED,扫描平铺字典的所有值，对 Resource 类型执行索引,,
CODE_DATABASE_FAD55858C4,从 Resource 提取 uuid，优先 'uuid' 字段，兜底 'id' 字段,,
CODE_DATA_SCANNER_546FD6E862,从 Resource 中提取 uuid，支持 'uuid' 和 'id' 字段,,
CODE_DATA_SCANNER_87B9B14697,DataScanner: ID 冲突！full_id='%s' 已存在（文件: %s）,,
CODE_DATA_SCANNER_D144DA1A9F,DataScanner: CSV 池冲突！full_id='%s' 已存在,,
CODE_DATA_SCANNER_F7573DA95E,加载 eb_*.json 文件为 EventBase Resource,,
CODE_DECISION_SCROLL_46A040596E,江湖风平浪静，此处暂且无事。,,
CODE_DUMP_TRAIT_HINTS_399888A2E0,共 %d 个 Imaginary,,
CODE_DUMP_TRAIT_HINTS_8CE84AA5D3,✅ Dump 完成:,,
CODE_DUMP_TRAIT_HINTS_980FA0FD3E,❌ 无法写入文件,,
CODE_DUMP_TRAIT_HINTS_A410B3E61F,ERROR: 目录不可达,,
CODE_DUMP_TRAIT_HINTS_D14370FE66,⚠️ Database.imaginaries_detail 为空 — 无运行时 Imaginary,,
CODE_DUMP_TRAIT_HINTS_E58116E336,📁 第1部分：静态 .tres Trait 文件,,
CODE_DUMP_TRAIT_HINTS_EF92583DCC,=== 全量 Trait + Imaginary Hint Dump ===\n,,
CODE_DUMP_TRAIT_HINTS_F4013C8605,📁 第2部分：运行时 Imaginary (Database.imaginaries_detail),,
CODE_EMOTION_OPERATOR_0AB342DF06,野心,,
CODE_EMOTION_OPERATOR_192BC492B2,愁苦,,
CODE_EMOTION_OPERATOR_9A85FF3DCC,狂傲,,
CODE_EMOTION_OPERATOR_A62908DEDA,旷达,,
CODE_EMOTION_OPERATOR_DC917B1566,愤懑,,
CODE_EMOTION_REQUIREMENT_0AB342DF06,野心,,
CODE_EMOTION_REQUIREMENT_192BC492B2,愁苦,,
CODE_EMOTION_REQUIREMENT_8C8222BD2A,需要情绪: %s(≥%d),,
CODE_EMOTION_REQUIREMENT_9A85FF3DCC,狂傲,,
CODE_EMOTION_REQUIREMENT_A62908DEDA,旷达,,
CODE_EMOTION_REQUIREMENT_DC917B1566,愤懑,,
CODE_ENUMERATES_06CF4D3D54,平康坊,,
CODE_ENUMERATES_96DF5611DF,泰山,,
CODE_ENUMERATES_BE2A911592,西市,,
CODE_ENUMERATES_CD2724EB5A,皇城,,
CODE_ENUMERATES_F1D945BB0B,泰山脚下,,
CODE_ENUMERATES_FAD381D3E4,泰山上,,
CODE_EVENT_BTN_057AE9C4A2,[前提],,
CODE_EVENT_BTN_1F4CD3AC79,选项已禁用,,
CODE_EVENT_BTN_29178BE430,你想知道什么发生了,,
CODE_EVENT_BTN_8C71DF151B,初始化选项数据,,
CODE_EVENT_BTN_B9820968D7,工厂方法：创建并初始化按钮,,
CODE_EVENT_BTN_BB7486F441,选项,,
CODE_EVENT_BTN_CDAC366955,[影响],,
CODE_EVENT_CHAIN_BUILDER_347845FC55,DSL 解析失败，未产生任何命令,,
CODE_EVENT_CHAIN_BUILDER_6975313313,DSL 为空,,
CODE_EVENT_CHAIN_BUILDER_EF28AAE998,"执行完成: %d 成功, %d 失败",,
CODE_EVENT_CHAIN_LINTER_04972C11EC,subgraph Chain%d[链 %d: %d个事件],,
CODE_EVENT_CHAIN_LINTER_F9AC67EC13,%% 事件链依赖关系图,,
CODE_EVENT_UI_46A78AC7C9,「 既决：%s 」,,
CODE_EVENT_UI_5819995A2D,注册纸带 ScrollContainer，供 InputManager 处理 PgUp/PgDn,,
CODE_EXAMPLE_USAGE_2117252AA8,拂袖而去,,
CODE_EXAMPLE_USAGE_34A3241C28,市场诗会,,
CODE_EXAMPLE_USAGE_3A241EDFCE,市场上正在举行一场诗会，许多文人墨客聚集于此。,,
CODE_EXAMPLE_USAGE_77392360EA,塞钱贿赂,,
CODE_EXAMPLE_USAGE_A456365D59,默默观察,,
CODE_EXAMPLE_USAGE_BB27B4F5E7,你在长安的一家酒馆中遇到了一位神秘的诗人。,,
CODE_EXAMPLE_USAGE_DB5BB25CD0,参与诗会,,
CODE_EXAMPLE_USAGE_DF4F5862A6,长安酒馆奇遇,,
CODE_EXAMPLE_USAGE_F7F4376B3F,你在长安的一家酒馆中遇到了一位神秘的诗人，他似乎喝醉了，但眼中却闪烁着智慧的光芒。,,
CODE_FACTION_80FA989E68,汉,,
CODE_FOCUS_CHAT_TAPE_ENTRY_32FCFCFD75,根据 ChoiceResult 反向查找选项的展示文本,,
CODE_FOCUS_CHAT_TAPE_ENTRY_46A78AC7C9,「 既决：%s 」,,
CODE_GAME_DATA_PANEL_088AAD036F,点击保存以占用此槽位,,
CODE_GAME_DATA_PANEL_B7F0764174,第%dd | %.1f年 | %s,,
CODE_GAME_DATA_PANEL_D1A76721CD,杜甫,,
CODE_GAME_DATA_PANEL_E191E9DFB1,空存档,,
CODE_GAME_SAVE_D1A76721CD,杜甫,,
CODE_GAME_SAVE_DATA_D1A76721CD,杜甫,,
CODE_GENERATE_TEST_POEM_EVENTS_04A0AC9ECB,创建一个事件，每选一个选项就获得一个意象,,
CODE_GENERATE_TEST_POEM_EVENTS_0599B96A29,使用 PoemTypeChooseOperator 选择诗词,,
CODE_GENERATE_TEST_POEM_EVENTS_522D4F744A,获得诗词: 干谒诗 Lv1,,
CODE_GENERATE_TEST_POEM_EVENTS_5633C6F5A2,[测试] 场景4: 获取「风雪夜归人」食谱的 Imaginary,,
CODE_GENERATE_TEST_POEM_EVENTS_6FBDCC9010,获得意象: %s,,
CODE_GENERATE_TEST_POEM_EVENTS_AC8B504A29,[测试] 场景3: 获取各种不相干的 Imaginary,,
CODE_GENERATE_TEST_POEM_EVENTS_AD52404E24,[测试] 场景7: 2/3 命中 → 打油诗,,
CODE_GENERATE_TEST_POEM_EVENTS_BDF92E1A1B,[测试] 场景2: 获取「风雪夜归人」食谱的 Imaginary,,
CODE_GENERATE_TEST_POEM_EVENTS_F3F05F0AE5,[测试] 场景6: 获取 Tier 1/2 的 Imaginary 素材（V5: Tier 2/3 已合并）,,
CODE_GENERATE_TEST_POEM_EVENTS_F5A050C3E9,[测试] 场景1: 获取两个重叠 Imaginary,,
CODE_GLITCH_PREPROCESSOR_8E14EED932,%s: tag '%s' 的参数不是 Dictionary，跳过,,
CODE_GLITCH_PREPROCESSOR_FB8806A61B,%s: 正则编译失败 tag=%s pattern=%s,,
CODE_IDEA_928E46A5AE,遍历 0..current_idea_level 所有已解锁 buff，注入 source_uuid 后 on_exit 清理，重置 level 为 -1,,
CODE_IDEA_BTN_099E3CCA8A,未知理念,,
CODE_IDEA_BTN_115FA2A54C,被锁定,,
CODE_IDEA_BTN_17A8CAB3B2,被锁定，由于,,
CODE_IDEA_BTN_460B3574E4,不可用,,
CODE_IDEA_BTN_8BA872D0D3,设置按钮显示的 Idea。locked=true 时禁用并显示锁定原因。,,
CODE_IDEA_BTN_BBF2377F0F,根据 _idea 填充 Label 文本,,
CODE_IDEA_DBA21B691F,递归注入 source_uuid 并执行 operate（支持 MultiBuffOperator 嵌套）,,
CODE_IDEA_E147F80CD1,递归注入 source_uuid 并执行 on_exit（支持 MultiBuffOperator 嵌套）,,
CODE_IDEA_F1337B7A69,提升一级，解锁更多一个buff，注入 source_uuid 后立即 operate 对应 buff,,
CODE_IDEA_PAGE_0127C5A788,暂无可用理念,,
CODE_IDEA_PAGE_06953F3F53,刷新右栏候选理念池（Database.ideas - 已解锁 - 冲突检测）,,
CODE_IDEA_PAGE_099E3CCA8A,未知理念,,
CODE_IDEA_PAGE_1D52523402,外部调用：当获得新理念或理念数据变化时刷新页面,,
CODE_IDEA_PAGE_27819FC258,刷新左栏 5 个槽位（已解锁理念）,,
CODE_IDEA_PAGE_28231E903A,解锁效果%d？消耗 %d点%s,,
CODE_IDEA_PAGE_2DB22EE5C9,点击选择理念,,
CODE_IDEA_PAGE_42BB022322,左栏槽位点击：选中已解锁理念,,
CODE_IDEA_PAGE_65257D423A,根据 _selected_idea_uuid 填充中栏详情,,
CODE_IDEA_PAGE_693D8DE286,描述理念的 counter_idea 关系（无冲突时显示潜在互斥）,,
CODE_IDEA_PAGE_7705E3690F,（理念未找到）,,
CODE_IDEA_PAGE_811A80B78E,%s：与「%s」冲突,,
CODE_IDEA_PAGE_8CE5EBD06A,清除效果列所有 Label（保留 EffectsContainer 自身）,,
CODE_IDEA_PAGE_90A49E5099,（未知）,,
CODE_IDEA_PAGE_913DD190F6,检查理念是否仍然可访问（在已解锁或 Database 中）,,
CODE_IDEA_PAGE_967E62B0FF,选择一个理念,,
CODE_IDEA_PAGE_9E946767B7,升级/获取按钮点击：消耗资源 + 加入槽位/提升理念等级,,
CODE_IDEA_PAGE_A244E21556,空槽位,,
CODE_IDEA_PAGE_A440FE94DB,与「%s」互斥,,
CODE_IDEA_PAGE_D6D8E1DE4A,已满级,,
CODE_IDEA_PAGE_D89BCCFDA0,获取「%s」？消耗 %d点%s,,
CODE_IDEA_PAGE_EC45DBDF25,（不足）,,
CODE_IDEA_PAGE_EC97C1482B,刷新所有栏位的数据,,
CODE_ITEM_PICKER_TAPE_ATTACHMENT_28A9393815,【选择物品】,,
CODE_LEFT_PLAYER_PANEL_0D13673A08,势 %d/%d,,
CODE_LEFT_PLAYER_PANEL_134E5C5565,距离大考还剩: %d 旬,,
CODE_LEFT_PLAYER_PANEL_34B6CBC411,定 %d/%d,,
CODE_LEFT_PLAYER_PANEL_73D0BD60AB,进度「%s」：%d(%s),,
CODE_LEFT_PLAYER_PANEL_745A42FECC,%d/%d 文,,
CODE_LEFT_PLAYER_PANEL_7CB079ED6A,驻留 · %s — %s在此,,
CODE_LEFT_PLAYER_PANEL_82ED953449,望 %d/%d,,
CODE_LEFT_PLAYER_PANEL_87D55E3395,%d/%d 健,,
CODE_LEFT_PLAYER_PANEL_B24700B22F,府 %d/%d,,
CODE_LEFT_PLAYER_PANEL_B3540AF984,才 %d/%d,,
CODE_LEFT_PLAYER_PANEL_C5D046C34E,兴 %d/%d,,
CODE_LEFT_PLAYER_PANEL_E6142E8810,驻留 · %s,,
CODE_LEVERAGE_ADD_OPERATOR_1E0F945362,门子,,
CODE_LEVERAGE_ADD_OPERATOR_2D61825931,清客,,
CODE_LEVERAGE_ADD_OPERATOR_3DC14978A1,王维,,
CODE_LEVERAGE_ADD_OPERATOR_5692EF6E24,高适,,
CODE_LEVERAGE_ADD_OPERATOR_6AEECA1FB4,获得了关于「%s」的把柄,,
CODE_LEVERAGE_ADD_OPERATOR_6E27E9DA69,商贩,,
CODE_LEVERAGE_ADD_OPERATOR_7A4C672055,李灵甫,,
CODE_LEVERAGE_ADD_OPERATOR_85A28E77E3,[系统提示]：,,
CODE_LEVERAGE_ADD_OPERATOR_9CF19D2B90,穷人,,
CODE_LEVERAGE_ADD_OPERATOR_AAAA7D9F19,清流主人,,
CODE_LEVERAGE_ADD_OPERATOR_B23F840FF5,李白,,
CODE_LEVERAGE_ADD_OPERATOR_D1A76721CD,杜甫,,
CODE_LEVERAGE_ADD_OPERATOR_D972C462FC,清流官,,
CODE_LEVERAGE_ADD_OPERATOR_E3BD042ACC,县尉,,
CODE_LEVERAGE_ADD_OPERATOR_E4CA3EA091,权贵,,
CODE_LEVERAGE_ADD_OPERATOR_F09988C201,浊流官,,
CODE_LEVERAGE_ADD_OPERATOR_F9BB96CFEC,郑虔,,
CODE_LIANJU_SCORE_OPERATOR_322E3E0A8C,尚可，中规中矩。,,
CODE_LIANJU_SCORE_OPERATOR_3478636167,妙绝！此句浑然天成，四座皆惊！,,
CODE_LIANJU_SCORE_OPERATOR_6ADE1D34AF,佳句！宾客纷纷点头赞许。,,
CODE_LIANJU_SCORE_OPERATOR_8D7675BC3A,你的对句平淡无奇…,,
CODE_LINKER_LINTER_RULE_805DBF72C7,链接检查官,,
CODE_LINKER_LINTER_RULE_A3922B8D57,Flag %s 被需求但没有事件提供,,
CODE_LINKER_LINTER_RULE_F7EDD1483F,Trait %s 被需求但没有事件提供,,
CODE_LINTER_CONSOLE_03C60BBCBB,[color=magenta]💀 未知指令。输入 'help' 获取救赎。[/color],,
CODE_LINTER_CONSOLE_2F8ABC3F69,[color=cyan]fetch[/color] - 从云端同步原始 CSV 资产,,
CODE_LINTER_CONSOLE_78294FDE39,[color=cyan]lint[/color]  - 执行数据完整性与永动机漏洞静态扫描,,
CODE_LINTER_CONSOLE_89A8022B7B,[color=cyan]bake[/color]  - 将原始数据分流打包为 O(1) .tres 运行时数据库,,
CODE_LINTER_CONSOLE_BFCDCC4442,[color=green]🚀 开始执行异步链式下载...[/color],,
CODE_LINTER_CONSOLE_E79CC36346,[color=yellow][b]⚔️ 大唐数值资产控制台已挂载。输入 'help' 查看可用指令。[/b][/color],,
CODE_LINTER_CONSOLE_FA600D9974,[color=red][b]😡 [Linter Error] 发现永动机选项！事件 [event_9527] 消耗时间为0却提供奖励！[/b][/color],,
CODE_MAIN_ACTION_BUTTON_13B937F5A7,属性不满足,,
CODE_MAIN_ACTION_BUTTON_46F4EC4498,条件不满足：,,
CODE_MAIN_ACTION_BUTTON_DC059CE490,时间不足（剩余%d天，需要%s）,,
CODE_MAIN_PAGE_59CA1F817B,律法,,
CODE_MAIN_PAGE_B6BDB1C7B1,隐,,
CODE_MAIN_PAGE_FE9C846C52,京,,
CODE_MANIA_PROVIDER_5B4A72C92F,狂笑不止，踽踽独行,,
CODE_MODIFIER_CONFIG_0288A3D9E2,才华,,
CODE_MODIFIER_CONFIG_0B0EC74089,才华 {mod_val} → 清流交互消耗 -{pct}%,,
CODE_MODIFIER_CONFIG_24C118E561,城府,,
CODE_MODIFIER_CONFIG_27F59B3B2C,城府 {mod_val} → 浊流交互消耗 -{pct}%,,
CODE_MODIFIER_CONFIG_5A9DF0C8BE,城府 {mod_val} → 钱财获取 +{pct}%,,
CODE_MODIFIER_CONFIG_6437EEB330,才华 {mod_val} → 声望获取 +{pct}%,,
CODE_MODIFIER_CONFIG_6A9F4227A3,定力 {mod_val} → 健康失去减免 {pct}%,,
CODE_MODIFIER_CONFIG_70B6B26C92,定力,,
CODE_MODIFIER_CONFIG_78ACB44470,城府 {mod_val} → 声望获取 -{pct}%,,
CODE_MODIFIER_CONFIG_79A843720B,城府 {mod_val} → 势衰减减免 {pct}%,,
CODE_MODIFIER_CONFIG_BCACFF08CC,定力 {mod_val} → 兴致获取 -{pct}%,,
CODE_MODIFIER_HINT_FORMATTER_0288A3D9E2,才华,,
CODE_MODIFIER_HINT_FORMATTER_24C118E561,城府,,
CODE_MODIFIER_HINT_FORMATTER_70B6B26C92,定力,,
CODE_MONTH_END_SETTLEMENT_0868FBC8C0,冬,,
CODE_MONTH_END_SETTLEMENT_0EB863C78D,钱,,
CODE_MONTH_END_SETTLEMENT_1047F73848,合上考评,,
CODE_MONTH_END_SETTLEMENT_1E52BBFF88,[font_size=16][b]「长安米贵」[/b][/font_size],,
CODE_MONTH_END_SETTLEMENT_213A369D1D,[font_size=16][b]「潜伏暗线」[/b][/font_size],,
CODE_MONTH_END_SETTLEMENT_2DF825FBDA,府,,
CODE_MONTH_END_SETTLEMENT_3281E6BBE7,途,,
CODE_MONTH_END_SETTLEMENT_403869A2B5,[i]天道盈亏，自有定数。月盈则亏，水满则溢。[/i],,
CODE_MONTH_END_SETTLEMENT_4B35F007CC,每旬结算开始时清空所有属性颜色覆盖，使染色仅反映当旬变化。,,
CODE_MONTH_END_SETTLEMENT_4BA71F5DC5,[i]本月诸般光景，与上月无异[/i],,
CODE_MONTH_END_SETTLEMENT_51A5D681A9,名,,
CODE_MONTH_END_SETTLEMENT_55D3A19D9E,势,,
CODE_MONTH_END_SETTLEMENT_5A2E5E4B12,秋,,
CODE_MONTH_END_SETTLEMENT_5B0E0492B5,季,,
CODE_MONTH_END_SETTLEMENT_66329961B5,%s·%s 结,,
CODE_MONTH_END_SETTLEMENT_6EC5A9FCC0,[i]天机未显，静待时变。[/i],,
CODE_MONTH_END_SETTLEMENT_7D58B6422C,时,,
CODE_MONTH_END_SETTLEMENT_8482432C02,夏,,
CODE_MONTH_END_SETTLEMENT_8B0329C50B,健,,
CODE_MONTH_END_SETTLEMENT_9A8D951DCB,才,,
CODE_MONTH_END_SETTLEMENT_A071406EDF,定,,
CODE_MONTH_END_SETTLEMENT_ACF5072074,孟,,
CODE_MONTH_END_SETTLEMENT_AD90D4FFCA,兴,,
CODE_MONTH_END_SETTLEMENT_B3C33B7ABA,春,,
CODE_MONTH_END_SETTLEMENT_E7830EE499,[font_size=16][b]「状态衰变」[/b][/font_size],,
CODE_MONTH_END_SETTLEMENT_FE801EE143,仲,,
CODE_MULTIPLE_REQUIREMENETS_CFE59E3D4A,或,,
CODE_NARRATIVE_DIRECTOR_F9D19345A0,中断,,
CODE_NARRATIVE_OVERLAY_0FD45121F9,囊中已近空空，再过一旬怕是揭不开锅了…,,
CODE_NARRATIVE_OVERLAY_122B32DFFA,债台高筑，负债%d钱…这日子何时是个头？,,
CODE_NARRATIVE_OVERLAY_182CC3CF53,独白,,
CODE_NARRATIVE_OVERLAY_18E02E9CCA,[中断],,
CODE_NARRATIVE_OVERLAY_239A7F9A00,[选择],,
CODE_NARRATIVE_OVERLAY_25A6D2931B,[自动],,
CODE_NARRATIVE_OVERLAY_27CF55BC59,朱门酒肉臭，路有冻死骨。,,
CODE_NARRATIVE_OVERLAY_4BCAAF19D3,⚡ 过场动画,,
CODE_NARRATIVE_OVERLAY_4D55EEC9A8,手头缺了%d钱，下一旬的生计还没着落。,,
CODE_NARRATIVE_OVERLAY_86A00CF742,效果,,
CODE_NARRATIVE_OVERLAY_9BB022C2C6,安得广厦千万间，大庇天下寒士俱欢颜。,,
CODE_NARRATIVE_OVERLAY_9DC2A087A1,致君尧舜上，再使风俗淳。,,
CODE_NARRATIVE_OVERLAY_A693D63283,[时尽],,
CODE_NARRATIVE_OVERLAY_A70B4CA97E,人生如寄，山河万里，何处是归程？,,
CODE_NARRATIVE_OVERLAY_ADA3A9AF8D,[跳过],,
CODE_NARRATIVE_OVERLAY_DC51FCD65A,白日放歌须纵酒，青春作伴好还乡。,,
CODE_NOTE_MANAGER_4A78691E24,属性变化 → 检查 _notes_by_prop[prop_name],,
CODE_NOTE_MANAGER_5BA714241D,执行笔记触发流程,,
CODE_NOTE_MANAGER_6D672C2A84,检查笔记是否已被触发（持久化状态）,,
CODE_NOTE_MANAGER_855448D5F6,Flag 变化 → 遍历所有非 PropertyRequirement 笔记中 FlagRequirement 的,,
CODE_NOTE_MANAGER_8621B5666F,检查 Note 的 requirement 是否满足,,
CODE_NOTE_MANAGER_9BD0BBE336,Trait 变化 → 遍历所有 TraitRequirement 笔记,,
CODE_NOTE_MANAGER_D69F745081,注册信号钩子,,
CODE_NOTE_MANAGER_E24EB48F12,从 Database.notes 加载并建立索引,,
CODE_NOTE_PAGE_4B713DD25B,已触发 %d/%d 篇笔记,,
CODE_NOTE_PAGE_5256C46E1D,刷新左侧笔记列表 + 更新 NoteAmount,,
CODE_NOTE_PAGE_6BDBAF77F8,无已触发笔记时显示待触发占位,,
CODE_NOTE_PAGE_6FAAC7AB6E,左侧笔记按钮点击 → 右侧展示详情,,
CODE_NOTE_PAGE_A4B3B97E7C,暂无可查看的笔记,,
CODE_NOTE_PAGE_BAC59007BF,（未命名笔记）,,
CODE_NOTE_PAGE_C80B8A993F,填充右侧详情面板,,
CODE_NPC_ACTION_BUTTON_021C2B38D2,条件不满足,,
CODE_NPC_ACTION_BUTTON_0F9928F317,产：无,,
CODE_NPC_ACTION_BUTTON_4D7C36AA23,险：,,
CODE_NPC_ACTION_BUTTON_50E9C6E262,需要诗词才能执行此行动,,
CODE_NPC_ACTION_BUTTON_60ABF5AC4F,暂时无法执行此行动,,
CODE_NPC_ACTION_BUTTON_7005AA9069,可行：?,,
CODE_NPC_ACTION_BUTTON_7CA5205A5B,耗：无,,
CODE_NPC_ACTION_BUTTON_B5F6E16585,行动数据异常,,
CODE_NPC_ACTION_BUTTON_B7F447C362,请先选择一个行动,,
CODE_NPC_ACTION_LOCK_CHECKER_71BC43506B,需要与%s相识方可执行此行动,,
CODE_NPC_ACTION_LOCK_CHECKER_ED757BE5DD,需要与NPC相识方可执行此行动,,
CODE_NPC_FACTION_REQUIREMENT_02BAE0D4E1,浊流,,
CODE_NPC_FACTION_REQUIREMENT_92C54C878B,清流,,
CODE_NPC_FACTION_REQUIREMENT_C528572287,目标为「%s」派系时,,
CODE_NPC_TIER_REQUIREMENT_83FDDD20EC,目标为「%s」阶层时,,
CODE_NPC_TIER_REQUIREMENT_B5B9D84ABF,市井,,
CODE_NPC_TIER_REQUIREMENT_C74492EB54,文人,,
CODE_NPC_TIER_REQUIREMENT_E4CA3EA091,权贵,,
CODE_OPTION_BTNS_12267A7A5D,遍历所有 EventBtn 子按钮，包装 Callable，注册到 InputManager,,
CODE_PERSON_STATE_OPERATOR_27212B01DC,升级 %s 到下一级,,
CODE_PERSON_STATE_OPERATOR_3D01BBC36A,设置 %s → %s,,
CODE_PICKER_ITEM_5DB17E4310,暂时无法选择此行动,,
CODE_PICKER_ITEM_CC479D8361,无名,,
CODE_PICKER_TAPE_ATTACHMENT_3951965D54,暂无特殊行动,,
CODE_PICKER_TAPE_ATTACHMENT_C32B61E9BD,特殊,,
CODE_PICKER_TAPE_ATTACHMENT_DE907D10DF,普通,,
CODE_PICKER_TAPE_ATTACHMENT_E234B1D8D2,暂无普通行动,,
CODE_PICK_NPC_BY_PLACE_OPERATOR_32ACEBF8BA,在当前驻留地点中随机选人,,
CODE_PICK_NPC_BY_PLACE_OPERATOR_5254542205,所有选择逻辑在 init() 中完成,,
CODE_PICK_NPC_OPERATOR_039C53C7AF,选人（mode=%s）,,
CODE_PICK_NPC_OPERATOR_4645ED88AF,将 NPC tag + social_tag 注入 current_action_tags,,
CODE_PLAYER_STATE_D1A76721CD,杜甫,,
CODE_PLAYER_STATE_E3DEF00A8B,从 SourceOfTruth.npc_person_state_overrides 覆盖 NPC 开局 person_state,,
CODE_PLAYER_STATE_FF59D8BF92,确保 GameSave.data.properties 中有该属性，不存在时从 Property 模板读取默认 val 写入,,
CODE_POEM_CRAFTER_08CAA7B0F4,万象在旁，呼之欲出,,
CODE_POEM_CRAFTER_101706478E,手感生涩，勉力为之,,
CODE_POEM_CRAFTER_158B31FA2D,文思渐涌，偶得佳句,,
CODE_POEM_CRAFTER_161BC32B63,意象丰沛，气韵生动,,
CODE_POEM_CRAFTER_1637FC84DB,过多…,,
CODE_POEM_CRAFTER_1DBE0EA442,文思枯涩，全凭基本功,,
CODE_POEM_CRAFTER_357762EA7B,已有诗作，先将其送出或题壁后再来。,,
CODE_POEM_CRAFTER_3E435BB535,[color=#aaa]出了些问题，稍后再试吧。[/color],,
CODE_POEM_CRAFTER_46DC19151B,[color=#aaa]意象不足，至少需要%d个意象方能成诗。[/color],,
CODE_POEM_CRAFTER_493B39E86C,似有灵光，若即若离,,
CODE_POEM_CRAFTER_5149591659,━━━ 创作代价 ━━━,,
CODE_POEM_CRAFTER_54EAEBD3D3,意象贫瘠，恐成陈词滥调,,
CODE_POEM_CRAFTER_5971DCC005,才思泉涌，下笔如飞,,
CODE_POEM_CRAFTER_5DADE3605B,[color=#ff4444]（不足）[/color],,
CODE_POEM_CRAFTER_6510BE12F0,文思平平,,
CODE_POEM_CRAFTER_659C9410D1,消耗灵感：%d 兴,,
CODE_POEM_CRAFTER_6CCA05DC6F,灵光乍现，妙手偶得,,
CODE_POEM_CRAFTER_7150BC2988,[color=#888888]当前 %d[/color],,
CODE_POEM_CRAFTER_728EB1E5A1,意象单薄，难成气候,,
CODE_POEM_CRAFTER_7D1B3E04F1,意象平平,,
CODE_POEM_CRAFTER_8DD341F160,灵感涌动，如有神助,,
CODE_POEM_CRAFTER_8F3C2318AC,思绪凝滞，步步为营,,
CODE_POEM_CRAFTER_9050E24622,[color=#aaa]出了些问题…[/color],,
CODE_POEM_CRAFTER_A34283ABC1,意象得体，渐入佳境,,
CODE_POEM_CRAFTER_AB290C38E3,意象纵横，吞吐大荒,,
CODE_POEM_CRAFTER_B6C4708BC5,暂无意象,,
CODE_POEM_CRAFTER_B95E344FCD,心手渐畅，暗藏机锋,,
CODE_POEM_CRAFTER_BED5C7074B,意象尚可，颇有章法,,
CODE_POEM_CRAFTER_C260C3CC52,寥寥数象，勉强成篇,,
CODE_POEM_CRAFTER_C7E02CBBD0,[color=#ddd]此诗的精力将倾注于千古文章之上[/color],,
CODE_POEM_CRAFTER_D70FF08DAF,[color=#aaa]灵感不足，至少需要 %d 兴方能创作。[/color],,
CODE_POEM_CRAFTER_DA3A618F49,已达化境，随心所欲,,
CODE_POEM_CRAFTER_DEE7793FFC,意象初具，犹待点睛,,
CODE_POEM_CRAFTER_DFCDFD5D28,——竟有神来之笔！,,
CODE_POEM_CRAFTER_FD387E2C9F,[color=#ddd]此诗的精力将倾注于世俗功名之上[/color],,
CODE_POEM_CRAFTING_CALCULATOR_2EA731CCE3,佳作,,
CODE_POEM_CRAFTING_CALCULATOR_4D8C1C5B42,未知,,
CODE_POEM_CRAFTING_CALCULATOR_C335175F07,绝唱,,
CODE_POEM_CRAFTING_CALCULATOR_CE57606FBB,平庸,,
CODE_POEM_REWARD_OPERATOR_23C1E43C42,文学声望,,
CODE_POEM_REWARD_OPERATOR_5CA4682D5D,金钱,,
CODE_POEM_REWARD_OPERATOR_7BEB46C6C3,少量,,
CODE_POEM_REWARD_OPERATOR_7C67E3E689,仕途进度,,
CODE_POEM_REWARD_OPERATOR_7DA42E20E7,（平庸→中等灵感+声望 佳作→大量 绝唱→巨额）,,
CODE_POEM_REWARD_OPERATOR_857EF83274,（平庸→中等 佳作→大量 绝唱→巨额）,,
CODE_POEM_REWARD_OPERATOR_932A98F687,巨额,,
CODE_POEM_REWARD_OPERATOR_9DF9932972,向郑虔展示《%s》，获%s灵感+声望,,
CODE_POEM_REWARD_OPERATOR_C1599FB99A,（平庸→少量 佳作→中等 绝唱→大量）,,
CODE_POEM_REWARD_OPERATOR_C7092C51FD,中等,,
CODE_POEM_REWARD_OPERATOR_D206220AA1,《%s》换得%s%s,,
CODE_POEM_REWARD_OPERATOR_DCEF4BD7C0,选择一首诗词换取%s%s,,
CODE_POEM_REWARD_OPERATOR_F5C239DF75,大量,,
CODE_POEM_REWARD_OPERATOR_F88651B977,（灵感迸发！）,,
CODE_POEM_REWARD_OPERATOR_FF9D757A8F,灵感+声望,,
CODE_POEM_SLOT_FE548D8FF5,溢出／过多 Slot 置灰显示,,
CODE_PROPERTY_1613904BFA,成熟,,
CODE_PROPERTY_599ABC8C57,初始状态,,
CODE_PROPERTY_ADF6F87B42,成长中,,
CODE_PROPERTY_EC0D9BDB00,未知状态,,
CODE_PROPERTY_OPERATOR_0D50242214,，消耗后仅剩,,
CODE_PROPERTY_OPERATOR_10A10C7F32,已达上限，无法继续获得,,
CODE_PROPERTY_OPERATOR_3C14C9AF08,%s %s：%+d（原%+d%s，重复行动%s%d%%）,,
CODE_PROPERTY_OPERATOR_6704B0D77C,不足，当前,,
CODE_PROPERTY_OPERATOR_D1DF056B3B,%s %s：%+d（原%+d，重复行动%s%d%%）,,
CODE_PROPERTY_REQUIREMENT_B0E2EB548E,需要「%d(%s)」,,
CODE_PROPERTY_REQUIREMENT_EC0D9BDB00,未知状态,,
CODE_PUSH_INTERRUPT_EVENT_OPERATOR_F9D19345A0,中断,,
CODE_RANDOM_PICK_OPERATOR_AA9CEC85C5,所有逻辑在 init() 中完成,,
CODE_RANGE_REQUIREMENT_B0E2EB548E,需要「%d(%s)」,,
CODE_RANGE_REQUIREMENT_EC0D9BDB00,未知状态,,
CODE_REMOTE_ACTION_FILTER_MANAGER_17B380DCF4,完全异地,,
CODE_RIGHT_INFO_PANEL_1BA44F209A,杨国忠,,
CODE_RIGHT_INFO_PANEL_2C01ABE772,外戚,,
CODE_RIGHT_INFO_PANEL_3732C36978,点击注解按钮查看关于「%s」的注解,,
CODE_RIGHT_INFO_PANEL_3DC14978A1,王维,,
CODE_RIGHT_INFO_PANEL_422551FD0B,死穴：%d,,
CODE_RIGHT_INFO_PANEL_441BE330DE,点击诗词按钮创作诗词,,
CODE_RIGHT_INFO_PANEL_489B840597,「死穴：%s」,,
CODE_RIGHT_INFO_PANEL_5692EF6E24,高适,,
CODE_RIGHT_INFO_PANEL_74592EF709,「恩义」×%d,,
CODE_RIGHT_INFO_PANEL_7FB471BC60,恩义：%d,,
CODE_RIGHT_INFO_PANEL_92C54C878B,清流,,
CODE_RIGHT_INFO_PANEL_96BE00E055,虢国夫人,,
CODE_RIGHT_INFO_PANEL_B23F840FF5,李白,,
CODE_RIGHT_INFO_PANEL_B593A0EA10,点击理念按钮接受理念,,
CODE_RIGHT_INFO_PANEL_C3C019A3D2,纪闻,,
CODE_RIGHT_INFO_PANEL_C5E7068A59,胡商,,
CODE_RIGHT_INFO_PANEL_C6BF361CC6,李林甫,,
CODE_RIGHT_INFO_PANEL_D261840111,右相府,,
CODE_RIGHT_INFO_PANEL_F9BB96CFEC,郑虔,,
CODE_RIGHT_INFO_PANEL_FEB5B96171,点击人脉按钮查看社交关系,,
CODE_ROLL_IMAGINARY_OPERATOR_5E10AC6407,随机获得一个等级%d的意象,,
CODE_ROLL_IMAGINARY_OPERATOR_F52969836C,随机获得一个意象,,
CODE_RUNTIME_PROBE_52A3654848,EventManager Autoload 不可用,,
CODE_RUNTIME_PROBE_7F961B96F1,"未知端点。可用端点: /api/scene_tree, /api/game_state, /api/event_system, /api/logs",,
CODE_RUNTIME_PROBE_D15CF5899A,本探针仅接受 GET 请求。,,
CODE_RUNTIME_PROBE_DF6CDFCE02,PlayerState 或 GameState Autoload 不可用,,
CODE_RUNTIME_PROBE_E73103FE03,RuntimeProbe 尚未挂入场景树,,
CODE_SCHEMA_LINTER_RULE_1A1F83B77A,flags 为空 (Database.flags 无内容),,
CODE_SCHEMA_LINTER_RULE_3C8A35EC2B,Schema检查官,,
CODE_SCHEMA_LINTER_RULE_4388E75BEC,focused_chat_data 为空,,
CODE_SCHEMA_LINTER_RULE_46647FC669,end_random_events 为空,,
CODE_SCHEMA_LINTER_RULE_4F195BBC21,normal_poem_events 为空,,
CODE_SCHEMA_LINTER_RULE_5217DB3371,ambitions 为空,,
CODE_SCHEMA_LINTER_RULE_73ED188C58,decided_events 为空,,
CODE_SCHEMA_LINTER_RULE_8247361078,flags 为 null (Database 尚未填充 flags 数据),,
CODE_SCHEMA_LINTER_RULE_92E5D440AC,traits 为空,,
CODE_SCHEMA_LINTER_RULE_947D08D6C6,properties 为空,,
CODE_SCHEMA_LINTER_RULE_A043BE5907,history_events 为空,,
CODE_SCHEMA_LINTER_RULE_AB67772B4A,imaginaries 为空,,
CODE_SCHEMA_LINTER_RULE_B4B36D128C,decisions 为空,,
CODE_SCHEMA_LINTER_RULE_DC58ED20ED,random_events 为空,,
CODE_SCHEMA_LINTER_RULE_FE2059569F,actions 为空,,
CODE_SETTLEMENT_TAPE_ENTRY_1047F73848,合上考评,,
CODE_SETTLEMENT_TAPE_ENTRY_46A78AC7C9,「 既决：%s 」,,
CODE_SET_RANDOM_PERSON_STATE_OPERATOR_02240D6CB4,酒酣耳热之际，听人提起了%s,,
CODE_SET_RANDOM_PERSON_STATE_OPERATOR_89C40F81F7,在酒馆中听人提起新面孔,,
CODE_SET_RANDOM_PERSON_STATE_OPERATOR_F6DF6F2CDB,酒酣耳热之际环顾四周，却无值得结交之人,,
CODE_SET_STAY_PLACE_OPERATOR_011D4BC5AA,驻留 → %s,,
CODE_SET_STAY_PLACE_OPERATOR_06CF4D3D54,平康坊,,
CODE_SET_STAY_PLACE_OPERATOR_BE2A911592,西市,,
CODE_SET_STAY_PLACE_OPERATOR_CD2724EB5A,皇城,,
CODE_SET_STAY_PLACE_OPERATOR_F1D945BB0B,泰山脚下,,
CODE_SET_STAY_PLACE_OPERATOR_FAD381D3E4,泰山上,,
CODE_SHATTEREFFECT_C40174C301,"%s: texture 为空, 碎个寂寞 💀",,
CODE_SIMPLE_OPERATOR_PREVIEW_FORMATTER_20C021DFAA,⏱%d天,,
CODE_SIMPLE_OPERATOR_PREVIEW_FORMATTER_49638608D2,卖诗,,
CODE_SIMPLE_OPERATOR_PREVIEW_FORMATTER_52AC4C7A26,获 %s,,
CODE_SIMPLE_OPERATOR_PREVIEW_FORMATTER_A7B388A324,以诗换名,,
CODE_SIMPLE_OPERATOR_PREVIEW_FORMATTER_D00FB77ACE,携诗拜谒,,
CODE_SIMPLE_OPERATOR_PREVIEW_FORMATTER_F8ABBE184F,失 %s,,
CODE_SMOOTH_SCROLL_CONTAINER_38E1A679FE,"由 InputManager 调用。direction: -1=向上, +1=向下",,
CODE_SOCIAL_ACTION_RESOLVER_3EBA4A0836,社交行动,,
CODE_SOCIAL_ACTION_RESOLVER_7AD811D16A,威胁,,
CODE_SOCIAL_ACTION_RESOLVER_8EC1F89B4E,交好,,
CODE_SOCIAL_CONNECTION_PAGE_02A90CFD1C,把柄 (%d 个):,,
CODE_SOCIAL_CONNECTION_PAGE_06CF4D3D54,平康坊,,
CODE_SOCIAL_CONNECTION_PAGE_1559C9C814,引荐信 (%d 封):,,
CODE_SOCIAL_CONNECTION_PAGE_272D014D81,恩义 ×%d,,
CODE_SOCIAL_CONNECTION_PAGE_320A6DD958,相识,,
CODE_SOCIAL_CONNECTION_PAGE_42ED69BD0B,暂无关系记录,,
CODE_SOCIAL_CONNECTION_PAGE_497C85690C,暂无数据,,
CODE_SOCIAL_CONNECTION_PAGE_4F10F59F78,请从左侧选择一位人物,,
CODE_SOCIAL_CONNECTION_PAGE_67B1207A0B,知己,,
CODE_SOCIAL_CONNECTION_PAGE_73CA9EBD64,[b]%s[/b] （覆盖「%s」）,,
CODE_SOCIAL_CONNECTION_PAGE_76BE7378D6,T3 权贵,,
CODE_SOCIAL_CONNECTION_PAGE_82200B0785,死友,,
CODE_SOCIAL_CONNECTION_PAGE_90D2FA0B75,[b]%s[/b]\n关系状态: %s\n偏好地点: %s,,
CODE_SOCIAL_CONNECTION_PAGE_A2A09D3198,无关联人物,,
CODE_SOCIAL_CONNECTION_PAGE_AF314B7D7E,T2 文人,,
CODE_SOCIAL_CONNECTION_PAGE_AF4682C8B2,未知阵营,,
CODE_SOCIAL_CONNECTION_PAGE_BE2A911592,西市,,
CODE_SOCIAL_CONNECTION_PAGE_CBAC35BFBD,无特定偏好,,
CODE_SOCIAL_CONNECTION_PAGE_CD2724EB5A,皇城,,
CODE_SOCIAL_CONNECTION_PAGE_CDC9E0E088,其他地点,,
CODE_SOCIAL_CONNECTION_PAGE_D5617BCA8A,T1 市井,,
CODE_SOCIAL_CONNECTION_PAGE_ECF3D57F6F,暂无可用配方,,
CODE_SOCIAL_CONNECTION_PAGE_FC09E638F1,听闻,,
CODE_STYLE_STRATEGY_OPERATOR_0EF211C6E3,(默认),,
CODE_STYLE_STRATEGY_OPERATOR_A12A874BF6,未知控件,,
CODE_STYLE_STRATEGY_OPERATOR_F7CD302E68,风格策略: %s → %s,,
CODE_SUB_ACTION_BUTTON_5DB17E4310,暂时无法选择此行动,,
CODE_SURVIVAL_MANAGER_260BD80462,望,,
CODE_SURVIVAL_MANAGER_3F464BCF67,每旬仅 5 天可用（病入膏肓）,,
CODE_SURVIVAL_MANAGER_55D3A19D9E,势,,
CODE_SURVIVAL_MANAGER_83EB826B68,根据健康值启动/停止心跳循环音效。,,
CODE_SURVIVAL_MANAGER_8E973C4B99,每旬仅 8 天可用（疲态初显）,,
CODE_SURVIVAL_MANAGER_AD90D4FFCA,兴,,
CODE_TIME_BREATH_UI_1640D0A850,季节更替,,
CODE_TIME_BREATH_UI_364138561F,天寒地冻,,
CODE_TIME_BREATH_UI_63B8A20FF1,夏至,,
CODE_TIME_BREATH_UI_D99449E075,树叶枯黄,,
CODE_TIME_BREATH_UI_E451C2C5EF,万物复苏,,
CODE_TIME_CONTROL_PANEL_479D71C5EB,公元 %d 年 %d 月,,
CODE_TIME_CONTROL_PANEL_670AC1B359,第%d天,,
CODE_TIME_OPERATOR_8AD92110DA,时间消耗 %d 天,,
CODE_TIME_SERVICE_084B42F6E9,二,,
CODE_TIME_SERVICE_08B1AD763F,圣历,,
CODE_TIME_SERVICE_0D5E3BBCFF,永徽,,
CODE_TIME_SERVICE_13DF179D96,咸亨,,
CODE_TIME_SERVICE_143A14DCBD,广德,,
CODE_TIME_SERVICE_14A8C51CF5,咸通,,
CODE_TIME_SERVICE_1B0542878C,七,,
CODE_TIME_SERVICE_1F1F9CFE35,长安,,
CODE_TIME_SERVICE_205BE8D289,光化,,
CODE_TIME_SERVICE_20CFB0C092,先天,,
CODE_TIME_SERVICE_2A3DCD2909,大历,,
CODE_TIME_SERVICE_2B7437DCC3,天复,,
CODE_TIME_SERVICE_2C467D3673,八,,
CODE_TIME_SERVICE_3E78DF1CAF,至德,,
CODE_TIME_SERVICE_403E603F8E,贞观,,
CODE_TIME_SERVICE_42C209DA45,载,,
CODE_TIME_SERVICE_43283C362D,天祐,,
CODE_TIME_SERVICE_44D1B109F0,兴元,,
CODE_TIME_SERVICE_475BAB9FD8,下旬,,
CODE_TIME_SERVICE_4CE0CCE1D6,永昌,,
CODE_TIME_SERVICE_4CE22F0D8E,景福,,
CODE_TIME_SERVICE_51A75F4634,一,,
CODE_TIME_SERVICE_52D8404CDB,永隆,,
CODE_TIME_SERVICE_52EB72A19A,长庆,,
CODE_TIME_SERVICE_586BDF6287,乾元,,
CODE_TIME_SERVICE_622C678144,广明,,
CODE_TIME_SERVICE_62EF900A8F,年,,
CODE_TIME_SERVICE_6433E7CCD9,景云,,
CODE_TIME_SERVICE_65002B56BD,永淳,,
CODE_TIME_SERVICE_6C5C004D20,久视,,
CODE_TIME_SERVICE_6EFB5FBAAD,调露,,
CODE_TIME_SERVICE_754A9D5828,四,,
CODE_TIME_SERVICE_768FFF6C9D,麟德,,
CODE_TIME_SERVICE_76B14E9510,神龙,,
CODE_TIME_SERVICE_7F0F044408,景龙,,
CODE_TIME_SERVICE_7F77F23AF7,元,,
CODE_TIME_SERVICE_8005F72353,开耀,,
CODE_TIME_SERVICE_806479BBE5,龙纪,,
CODE_TIME_SERVICE_820487222A,宝应,,
CODE_TIME_SERVICE_8DFE461005,光启,,
CODE_TIME_SERVICE_94C28C1B7D,垂拱,,
CODE_TIME_SERVICE_94C832BD32,会昌,,
CODE_TIME_SERVICE_95A8ABDB21,建中,,
CODE_TIME_SERVICE_9945881634,弘道,,
CODE_TIME_SERVICE_996CA5380A,永贞,,
CODE_TIME_SERVICE_997643A9ED,延载,,
CODE_TIME_SERVICE_9FE4309997,上旬,,
CODE_TIME_SERVICE_A00C2A7703,未知年号,,
CODE_TIME_SERVICE_A032500609,天授,,
CODE_TIME_SERVICE_A3812802ED,天宝,,
CODE_TIME_SERVICE_A496F11152,乾封,,
CODE_TIME_SERVICE_A4C3313DEB,三,,
CODE_TIME_SERVICE_AB0C667C28,宝历,,
CODE_TIME_SERVICE_AE6E896497,万岁通天,,
CODE_TIME_SERVICE_B07BC6AE9A,仪凤,,
CODE_TIME_SERVICE_B2F2889795,总章,,
CODE_TIME_SERVICE_BC72E0C796,贞元,,
CODE_TIME_SERVICE_BD75E4D1F4,太和,,
CODE_TIME_SERVICE_BE459DFCE3,永泰,,
CODE_TIME_SERVICE_C01217EA48,文德,,
CODE_TIME_SERVICE_C035071BB3,大中,,
CODE_TIME_SERVICE_C9B87F516A,五,,
CODE_TIME_SERVICE_CE70CDD370,开成,,
CODE_TIME_SERVICE_DB1ED4AFEC,光宅,,
CODE_TIME_SERVICE_DB90AAFB25,上元,,
CODE_TIME_SERVICE_DE07B53838,六,,
CODE_TIME_SERVICE_DF16A52314,乾符,,
CODE_TIME_SERVICE_DF897DA6E0,九,,
CODE_TIME_SERVICE_E0A29CB71B,万岁登封,,
CODE_TIME_SERVICE_E95AAC3C95,显庆,,
CODE_TIME_SERVICE_EBACEF51CD,大顺,,
CODE_TIME_SERVICE_EBEE17546E,开元,,
CODE_TIME_SERVICE_EDEB19DEA2,乾宁,,
CODE_TIME_SERVICE_EE29E8AAA4,长寿,,
CODE_TIME_SERVICE_EF11B5079E,武德,,
CODE_TIME_SERVICE_F26B3DA78A,神功,,
CODE_TIME_SERVICE_F85E33B67D,龙朔,,
CODE_TIME_SERVICE_F9160160E9,元和,,
CODE_TIME_SERVICE_FB3F2583E0,中和,,
CODE_TIME_SERVICE_FC7EDD399A,十,,
CODE_TIME_SERVICE_FEAEC3E70D,中旬,,
CODE_TOMB_STONE_SCREEN_1E45D99EA5,[center][font_size=36][color=#aa3333]■ 观测停止 ■[/color][/font_size][/center]\n,,
CODE_TOMB_STONE_SCREEN_1F46FB6E91,[color=#999999] - %s 你干了 %s [/color]\n,,
CODE_TOMB_STONE_SCREEN_2B1EDECF08,[color=#88888855][font_size=16]数据快照 | 财富:%d | 仕途进程:%d [/font_size][/color]\n\n,,
CODE_TOMB_STONE_SCREEN_3D83BB3103,\n[center][color=#555555]...然而这些世俗的挣扎，终将被时间彻底风化...[/color][/center]\n\n,,
CODE_TOMB_STONE_SCREEN_46432180C4,观测者消逝于无名的熵增...,,
CODE_TOMB_STONE_SCREEN_96317E1F85,[center][font_size=40][color=#555555]（绝笔无言，泯然众人）[/color][/font_size][/center]\n,,
CODE_TOMB_STONE_SCREEN_D75D9088E0,\n[center][color=#911414]可怜的人类，如虫子一般被风吹散，不曾留下任何挣扎的痕迹[/color][/center]\n\n,,
CODE_TOMB_STONE_SCREEN_E888517B9E,[color=#cccccc]观测记录：[/color]\n,,
CODE_TRAIT_DEMONSTRATOR_4D0041FE1D,【%s】\n（未注册的软特质，无详细效果数据）,,
CODE_TRAIT_HINT_FORMATTER_242227891D,• 所有行动：+%d天%s,,
CODE_TRAIT_HINT_FORMATTER_3F4306227C,（未知道）,,
CODE_TRAIT_HINT_FORMATTER_470CFD541A,• %s（区域）%s ×%.1f,,
CODE_TRAIT_HINT_FORMATTER_48D974DBB2,• 行动力上限 %+d,,
CODE_TRAIT_HINT_FORMATTER_49F63F252B,• %d旬后转化为「%s」（已持续%d旬）,,
CODE_TRAIT_HINT_FORMATTER_4F7367ADBD,正面效果,,
CODE_TRAIT_HINT_FORMATTER_508D363EA0,（无特殊效果）,,
CODE_TRAIT_HINT_FORMATTER_6E03EF5EFD,负面效果,,
CODE_TRAIT_HINT_FORMATTER_99D99C2111,（持有期无副作用）,,
CODE_TRAIT_HINT_FORMATTER_AD303D19FC,变动,,
CODE_TRAIT_HINT_FORMATTER_B0F0BFCE9A,• %d旬后自动移除（已持续%d旬）,,
CODE_TRAIT_HINT_FORMATTER_D0C04469DD,• %s：+%d天,,
CODE_TRAIT_HINT_FORMATTER_D8663A39B4,Lv%d 意象,,
CODE_TRAIT_HINT_FORMATTER_D9F38FD52F,所有变动,,
CODE_TRAIT_HINT_FORMATTER_F2B2580C35,• 所有行动 +%d天,,
CODE_TRAIT_HINT_FORMATTER_FA613EE11A,• 每旬：%s,,
CODE_TRAIT_OPERATOR_587CC92918,获得「%s」,,
CODE_TRAIT_OPERATOR_9DBEC35E50,失去「%s」,,
CODE_TRAIT_REQUIREMENT_7C2985A29D,需要「%s」,,
CODE_TRAIT_REQUIREMENT_BFBF373707,禁止「%s」,,
CODE_TUTORIAL_CONTROLLER_095EFAB7C8,山雾弥漫，看不清山顶…或许道长知道些什么？点击「出游」查看,,
CODE_TUTORIAL_CONTROLLER_0AE2169679,文思如泉涌！点击右下角毛笔按钮，开始写诗吧,,
CODE_TUTORIAL_CONTROLLER_12586AB749,道士进入打坐状态（not_meet，玩家不能交互）,,
CODE_TUTORIAL_CONTROLLER_16EFDC16D7,与道长关系还不够密切…试试请他喝酒？点击「交游」→「共饮」,,
CODE_TUTORIAL_CONTROLLER_179CB8FB4E,道长愿意帮你了！点击「交游」→ 请道长驱散云雾,,
CODE_TUTORIAL_CONTROLLER_2482669467,直接设置 RightInfoPanel 上 Control/SpecialLabel 的文本,,
CODE_TUTORIAL_CONTROLLER_24F0B161F7,道长开始做法驱散云雾，需要两旬时间…去周边转转吧！点击「出游」探索四方,,
CODE_TUTORIAL_CONTROLLER_3171C95644,往上看,,
CODE_TUTORIAL_CONTROLLER_343A3514E3,面对壮丽山河，何不赋诗一首？点击右下角毛笔按钮开始创作,,
CODE_TUTORIAL_CONTROLLER_40AB2EDE13,云雾已散！点击「出游」→ 往山顶看看,,
CODE_TUTORIAL_CONTROLLER_492C9E4D68,泰山之巅尽收眼底！点击右下角蓝色印章，将感悟化为诗句,,
CODE_TUTORIAL_CONTROLLER_6D0E37AE7F,无法事件期间触发,,
CODE_TUTORIAL_CONTROLLER_7E905994B5,返回 main.tscn 中预置的 ConfirmationDialogCustom 实例,,
CODE_TUTORIAL_CONTROLLER_93E7E727A3,道长正在打坐…先在附近转转吧。点击右侧「交游」或「驻留」按钮开始探索,,
CODE_TUTORIAL_CONTROLLER_ACE0C1BEC6,道长对你的诗赞不绝口！点击右下角蓝色印章，确立你的远大志向,,
CODE_TUTORIAL_CONTROLLER_AD341EBFCF,清除所有 tutorial 相关的 flag,,
CODE_TUTORIAL_CONTROLLER_BC3D3B02C0,喝点药酒提提神吧！点击「闲居」→「喝药酒」,,
CODE_TUTORIAL_CONTROLLER_ED9554CBC2,道长重新开始做法…这次别再打断了。点击「出游」探索周边,,
CODE_TUTORIAL_CONTROLLER_FF7E1A1C7B,云雾消散，泰山之巅显现！点击右下角毛笔按钮开始写诗,,
CODE_UNLOCK_SOCIAL_NODE_PLACEHOLDER_OPERATOR_5F04530ED6,社交节点解锁（待实装）,,
CODE_UNLOCK_SOCIAL_NODE_PLACEHOLDER_OPERATOR_AD6CB47C02,解锁社交节点（待实装）,,
CODE_URN_0C13829F5F,编辑器模式辅助：用 DirAccess 扫描 data_dir 目录下的 .tres/.tscn 文件，按 uuid 匹配资源,,
CODE_URN_24DA95FEFE,将 URN_TYPE enum 值转换为 URN 资源类型字符串（小写+连字符）,,
CODE_URN_34D8031DE2,通过字符串查找对应的 URN_TYPE enum 值，未找到返回 -1,,
CODE_URN_759765FF8C,生成完整的 URN 字符串: urn:<type>:<id>,,
CODE_VTEST_GOLDEN_SHINE_06FFA726CD,诗意盎然,,
CODE_VTEST_GOLDEN_SHINE_2C4C6284D0,金碧辉煌,,
CODE_VTEST_GOLDEN_SHINE_E56FE50456,大唐风华,,
CODE_VTEST_GOLDEN_SHINE_EF622DDDC0,呼吸金光,,
CODE_VTEST_NARRATIVE_OVERLAY_1A7BACE0E6,坚决保住她,,
CODE_VTEST_NARRATIVE_OVERLAY_1C015818A6,757年 长安,,
CODE_VTEST_NARRATIVE_OVERLAY_348F1CF124,我知道了,,
CODE_VTEST_NARRATIVE_OVERLAY_45323DA6A8,剑外忽传收蓟北，初闻涕泪满衣裳。官军已收复京师！,,
CODE_VTEST_NARRATIVE_OVERLAY_4EE29B8406,收复长安,,
CODE_VTEST_NARRATIVE_OVERLAY_646CD3FFE7,石壕吏,,
CODE_VTEST_NARRATIVE_OVERLAY_65F2DF86F1,在墙角默默记录,,
CODE_VTEST_NARRATIVE_OVERLAY_7369422DC5,漫卷诗书喜欲狂,,
CODE_VTEST_NARRATIVE_OVERLAY_77CD91DEDE,赐死杨玉环,,
CODE_VTEST_NARRATIVE_OVERLAY_83D5BE2253,安史之乱,,
CODE_VTEST_NARRATIVE_OVERLAY_A0E36E4083,755年 范阳,,
CODE_VTEST_NARRATIVE_OVERLAY_AE6DF29F62,渔阳鼙鼓动地来，惊破霓裳羽衣曲。安禄山在范阳起兵，直指洛阳。,,
CODE_VTEST_NARRATIVE_OVERLAY_B727926D45,758年 陕州,,
CODE_VTEST_NARRATIVE_OVERLAY_D090BECA34,六军不发无奈何，宛转蛾眉马前死。禁军要求处死杨贵妃，否则拒绝开拔。,,
CODE_VTEST_NARRATIVE_OVERLAY_D2EFB8D7EF,暮投石壕村，有吏夜捉人。老翁逾墙走，老妇出门看。,,
CODE_VTEST_NARRATIVE_OVERLAY_DB1CE346AF,756年 马嵬驿,,
CODE_VTEST_NARRATIVE_OVERLAY_DCAFE4963D,马嵬坡之变,,
CODE_VTEST_TRAIT_HINTS_508D363EA0,（无特殊效果）,,
CODE_VTEST_TRAIT_HINTS_BE1E9C3C80,🔍 仅 Dump 有 效果字段 的 Trait,,
CODE_VTEST_TRAIT_HINTS_CBAB3C0E87,🔍 Dump 所有 Trait Hint 到控制台,,
CODE_VTEST_TRAIT_HINTS_D0C5FDDF75,🔍 仅 Dump 有 duration_xun 的 Trait,,
EVT_747KUANGDA_DENGGAO_LEYOU_MORNING_EMOTION_AMBITION_DESC,西南角的中书省、东侧礼部衙署、右相府邸的飞檐，手指在石栏上描出轮廓。早市叫卖声断断续续，风卷起你衣角。,,
EVT_747KUANGDA_DENGGAO_LEYOU_MORNING_EMOTION_AMBITION_OPT0_DESC,“雾太厚，看不清方向。”话毕，你转身望向终南山。,,
EVT_747KUANGDA_DENGGAO_LEYOU_MORNING_EMOTION_AMBITION_OPT1_DESC,你点头“嗯”一声，抬手将石栏上露水抹去，目光未离城中。,,
EVT_747KUANGDA_DENGGAO_LEYOU_MORNING_EMOTION_AMBITION_OPT2_DESC,你拱手：“大人见教。”身子微侧，让出半个身位。,,
EVT_747KUANGDA_DENGGAO_LEYOU_MORNING_EMOTION_AMBITION_TITLE,雾中朱门,,
EVT_747KUANGDA_DENGGAO_LEYOU_MORNING_EMOTION_ARROGANCE_DESC,天光未亮透，你已登乐游原东侧土坡。晨雾如纱，长安城九横九纵的坊墙从雾气中缓慢浮现，屋瓦镀上第一缕金，终南山在天边仅是一道青灰色的虚影。身后草叶沙沙响，有人踩着露水上来了，脚步声在你身后三步处停住。他没有开口，你能感到那道目光落在你的后背上。风里有早市胡饼的焦香，还有铜驼街方向传过来的隐约叫卖声。你站着，目光越过脚下的屋脊，一直看到终南山隐没在雾里。,,
EVT_747KUANGDA_DENGGAO_LEYOU_MORNING_EMOTION_ARROGANCE_OPT0_DESC,“晨雾散了，便是另一个长安。”你对着终南山说，不看身后。,,
EVT_747KUANGDA_DENGGAO_LEYOU_MORNING_EMOTION_ARROGANCE_OPT1_DESC,你伸手拨开挡在眼前的一枝酸枣，继续看远处，仿佛身后无人。,,
EVT_747KUANGDA_DENGGAO_LEYOU_MORNING_EMOTION_ARROGANCE_OPT2_DESC,你微微侧身，让出半个视野，好叫那人也能看到终南山的轮廓。,,
EVT_747KUANGDA_DENGGAO_LEYOU_MORNING_EMOTION_ARROGANCE_TITLE,晨雾金瓦,,
EVT_747KUANGDA_DENGGAO_LEYOU_MORNING_EMOTION_NUMBNESS_DESC,秋日清晨，你沿着湿滑的石阶登上乐游原。晨雾比前几日更浓，长安城的轮廓浮在雾中，像一幅未干透的水墨画。你靠在一棵老槐树粗糙的树干上时，膝盖咯吱响了一声。远处终南山的影子在雾里时隐时现，早市的叫卖声和人语碎片断断续续随风送上来。有人登原，在你身后几步停住——拂了拂石凳上的露水，坐了下来，没说话，也没起身离开。你垂下眼，看见自己袖口的泥渍和鞋帮上干涸的草屑。,,
EVT_747KUANGDA_DENGGAO_LEYOU_MORNING_EMOTION_NUMBNESS_OPT0_DESC,（[狂客动作]）,,
EVT_747KUANGDA_DENGGAO_LEYOU_MORNING_EMOTION_NUMBNESS_OPT1_DESC,（[旷达动作]）,,
EVT_747KUANGDA_DENGGAO_LEYOU_MORNING_EMOTION_NUMBNESS_OPT2_DESC,（[低旷达动作]）,,
EVT_747KUANGDA_DENGGAO_LEYOU_MORNING_EMOTION_NUMBNESS_TITLE,雾重肩沉,,
EVT_747KUANGDA_DENGGAO_LEYOU_MORNING_EMOTION_SORROW_DESC,晨雾如愁，长安城在脚下摊开，屋瓦镀金，终南山隐现。有人登原，脚步声擦过你身侧，停在不远处的石栏旁。他低低说了句什么，像是自言自语，又像是对你说——风把字句吹散，只剩尾音挂在雾里。你没转头。远处早市的叫卖声断断续续，万家灯火灼眼，每一扇窗都亮得与你无关。那人站了片刻，又踏着雾气下山去了。衣角被风吹起，你抬手拢了拢，指节碰触到潮冷的石栏。,,
EVT_747KUANGDA_DENGGAO_LEYOU_MORNING_EMOTION_SORROW_OPT0_DESC,你望着渐散的人影，转身朝相反方向的草丛啐了口痰。,,
EVT_747KUANGDA_DENGGAO_LEYOU_MORNING_EMOTION_SORROW_OPT1_DESC,你掸了掸衣袖上的晨露，目光从灯火移向终南山的轮廓。,,
EVT_747KUANGDA_DENGGAO_LEYOU_MORNING_EMOTION_SORROW_OPT2_DESC,你朝那背影躬身拱手，低声说：“承蒙点拨，谢过足下。”,,
EVT_747KUANGDA_DENGGAO_LEYOU_MORNING_EMOTION_SORROW_TITLE,雾锁孤影,,
EVT_747KUANGDA_DENGGAO_LEYOU_MORNING_EMOTION_TRANQUILITY_DESC,乐游原上薄雾如纱，长安城的轮廓在晨光中渐渐清晰。你倚着木栏，指尖在粗糙的木质上缓缓摩挲，望着远处终南山的黛青色山脊——雾气从山腰流过，像是水墨画里的留白。早市的叫卖声和炊烟一起升上来，模糊而遥远。你站在那里，风穿过衣襟，衣角轻轻拍着膝侧。身后有脚步声——一个人登上原头，在你左手边停下，也看着同一个方向。他没有说话，你也没有动。过了很久，那个人咳嗽一声，转身下山。脚步声越来越远，终南山的雾气又合拢了。,,
EVT_747KUANGDA_DENGGAO_LEYOU_MORNING_EMOTION_TRANQUILITY_OPT0_DESC,你抬头看远处飞过的一只孤鸟，没有回头。,,
EVT_747KUANGDA_DENGGAO_LEYOU_MORNING_EMOTION_TRANQUILITY_OPT1_DESC,你收回视线，继续看雾中的长安城，指尖没有离开木栏。,,
EVT_747KUANGDA_DENGGAO_LEYOU_MORNING_EMOTION_TRANQUILITY_OPT2_DESC,你侧身让出一点位置，看着那人，等他先开口。,,
EVT_747KUANGDA_DENGGAO_LEYOU_MORNING_EMOTION_TRANQUILITY_TITLE,晨雾阑干,,
EVT_747KUANGDA_DENGGAO_LEYOU_NIGHT_EMOTION_NUMBNESS_DESC,你背靠一块半埋入土的残碑坐下，膝盖咯吱响了一声。风从原下灌上来，撩动衣摆。远处万家灯火明灭不定，像蒸腾的雾气。你听着风声，听着自己粗重的呼吸。有车马声从身后传来，停在坡下。,,
EVT_747KUANGDA_DENGGAO_LEYOU_NIGHT_EMOTION_NUMBNESS_OPT0_DESC,（[狂客动作]）,,
EVT_747KUANGDA_DENGGAO_LEYOU_NIGHT_EMOTION_NUMBNESS_OPT1_DESC,（[旷达动作]）,,
EVT_747KUANGDA_DENGGAO_LEYOU_NIGHT_EMOTION_NUMBNESS_OPT2_DESC,（[低旷达动作]）,,
EVT_747KUANGDA_DENGGAO_LEYOU_NIGHT_EMOTION_NUMBNESS_TITLE,倚石听灯,,
EVT_747KUANGDA_DENGGAO_LEYOU_NIGHT_EMOTION_SORROW_DESC,乐游原上，晚风萧瑟。你立于原畔，望着脚下长安城万千灯火如繁星落地。远处传来模糊的人声与笛音，夜风将它们揉碎，送到你耳中时已辨不清悲喜。你站了很久，衣袍被风灌满，身体却越来越重。不是累了，是沉了。转身下山时，有露水般凉的东西落在你手背上。,,
EVT_747KUANGDA_DENGGAO_LEYOU_NIGHT_EMOTION_SORROW_OPT0_DESC,“这满城灯火，倒是替天省了蜡烛。”,,
EVT_747KUANGDA_DENGGAO_LEYOU_NIGHT_EMOTION_SORROW_OPT1_DESC,伸手接住那片凉意，转身往原下走。,,
EVT_747KUANGDA_DENGGAO_LEYOU_NIGHT_EMOTION_SORROW_OPT2_DESC,望灯火出神片刻，低声自语：“不知哪一盏，能为我留门。”,,
EVT_747KUANGDA_DENGGAO_LEYOU_NIGHT_EMOTION_SORROW_TITLE,灯火如星照孤影,,
EVT_747KUANGDA_DENGGAO_LEYOU_NIGHT_EMOTION_TRANQUILITY_DESC,站在乐游原最高处。脚下万家灯火连成一片，模糊的市声被风吹散。远处断续传来笛声，不知从哪座府邸飘出。你手指在石栏上缓缓摩挲，触感冰凉粗糙。更鼓敲过一巡，声音在空旷的夜里显得格外清晰。,,
EVT_747KUANGDA_DENGGAO_LEYOU_NIGHT_EMOTION_TRANQUILITY_OPT0_DESC,接过帖子看也不看，随手搁在石栏上，转身望向远处。,,
EVT_747KUANGDA_DENGGAO_LEYOU_NIGHT_EMOTION_TRANQUILITY_OPT1_DESC,接过帖子，展开扫了一眼，折好收入袖中，继续看夜景。,,
EVT_747KUANGDA_DENGGAO_LEYOU_NIGHT_EMOTION_TRANQUILITY_OPT2_DESC,双手接过帖子，压低声音问：“敢问主人名讳？小的好登门拜,,
EVT_747KUANGDA_DENGGAO_LEYOU_NIGHT_EMOTION_TRANQUILITY_TITLE,灯火寒笛,,
EVT_747KUANGDA_DENGGAO_PAGODA_MORNING_EMOTION_AMBITION_DESC,卯时，慈恩寺钟声震荡塔檐。塔基石板湿滑，晨露反光。塔下广场上，新科进士们倚栏吟诗，佩玉相碰，有人高声念诵新题。杜甫立在塔阶旁，右手扶住第一块塔砖，指腹沿着砖面一道裂纹从左划到右。视线越过人群，锁定远处朱门与衙署的轮廓。阶上青苔在晨光中泛着暗绿。钟声歇时，他换了一只脚承重，手指仍停在裂纹尽头。,,
EVT_747KUANGDA_DENGGAO_PAGODA_MORNING_EMOTION_AMBITION_OPT0_DESC,转身向塔下吟诗者，从袖中抽出一卷旧纸，迎风展开。,,
EVT_747KUANGDA_DENGGAO_PAGODA_MORNING_EMOTION_AMBITION_OPT1_DESC,收回视线，在阶上蹲下，食指轻划青苔表面，起身拍手。,,
EVT_747KUANGDA_DENGGAO_PAGODA_MORNING_EMOTION_AMBITION_OPT2_DESC,整了整衣襟，向最近一群进士走近两步，抱拳低首。,,
EVT_747KUANGDA_DENGGAO_PAGODA_MORNING_EMOTION_AMBITION_TITLE,塔砖裂纹与青苔,,
EVT_747KUANGDA_DENGGAO_PAGODA_MORNING_EMOTION_ARROGANCE_DESC,晨钟撞碎塔下湿雾。你登至第七层时，两腋生风。拂晓的长安城在脚下摊开如棋盘——坊市方正，街巷纵横，那些朱门与锦袍都缩成模糊的色块。塔下传来新科进士们高谈阔论的回声，被风撕成断断续续的碎片。你伸手掸了掸袖口沾着的塔灰，有几粒尘埃飘落下去，融进下界的晨光里。,,
EVT_747KUANGDA_DENGGAO_PAGODA_MORNING_EMOTION_ARROGANCE_OPT0_DESC,你解下腰间酒葫芦，对着塔下遥遥一举，自顾饮尽。,,
EVT_747KUANGDA_DENGGAO_PAGODA_MORNING_EMOTION_ARROGANCE_OPT1_DESC,你松了松衣领，任风吹散襟口热意，转身倚栏眺望终南山。,,
EVT_747KUANGDA_DENGGAO_PAGODA_MORNING_EMOTION_ARROGANCE_OPT2_DESC,你侧耳听了听塔下的谈笑声，然后掸平衣褶，站直了身子。,,
EVT_747KUANGDA_DENGGAO_PAGODA_MORNING_EMOTION_ARROGANCE_TITLE,塔顶振衣嗤名利,,
EVT_747KUANGDA_DENGGAO_PAGODA_MORNING_EMOTION_TRANQUILITY_DESC,卯时三刻，慈恩寺钟声荡开薄雾。你立在塔上第七层，手扶暗红色木栏。脚下的塔基广场上，人影渐密——青衫进士三五成群，有人展开一卷纸高声吟哦，佩玉相击声清脆。更远处，一乘朱轮车停在门外，帘子掀起半角。风从檐角穿过，吹动你袍角。你手指有一下没一下地叩着栏木，目光越过那些锦袍，落在更远处的终南山轮廓上。,,
EVT_747KUANGDA_DENGGAO_PAGODA_MORNING_EMOTION_TRANQUILITY_OPT0_DESC,对楼下吟诗声方向吐一口唾沫，转身看另一侧云雾。,,
EVT_747KUANGDA_DENGGAO_PAGODA_MORNING_EMOTION_TRANQUILITY_OPT1_DESC,收回视线，低头看自己靴尖已磨破的鞋面。,,
EVT_747KUANGDA_DENGGAO_PAGODA_MORNING_EMOTION_TRANQUILITY_OPT2_DESC,轻咳一声，整了整衣领，待下方有人抬头时微微颔首。,,
EVT_747KUANGDA_DENGGAO_PAGODA_MORNING_EMOTION_TRANQUILITY_TITLE,塔顶孤影瞰晨钟,,
EVT_747KUANGDA_DENGGAO_PAGODA_NIGHT_EMOTION_NUMBNESS_DESC,你沿着塔基走到北侧，在无名碑前停下。腿沉得抬不动，索性靠着石碑坐下，膝盖咯吱一声。月光被塔身切去一半，碑文的上半截泛着白，下半截埋在阴影里。你盯着几行字看了一会儿——那些名字入眼，但没入脑，像水从石面滑过。风从塔檐穿过来，铜铃响了两三声，又安静了。远处有更夫梆子响，一声长一声短，接着是几声狗叫。你坐着，脚底能感到底下砖缝的凉。坐了约莫一盏茶的时间，起了身，腿麻得厉害，扶了一把石碑才站稳。影子在地上从歪的拉成正的。你没再看碑文，顺着来路往回走。,,
EVT_747KUANGDA_DENGGAO_PAGODA_NIGHT_EMOTION_NUMBNESS_OPT0_DESC,（[狂客动作]）,,
EVT_747KUANGDA_DENGGAO_PAGODA_NIGHT_EMOTION_NUMBNESS_OPT1_DESC,（[旷达动作]）,,
EVT_747KUANGDA_DENGGAO_PAGODA_NIGHT_EMOTION_NUMBNESS_OPT2_DESC,（[低旷达动作]）,,
EVT_747KUANGDA_DENGGAO_PAGODA_NIGHT_EMOTION_NUMBNESS_TITLE,碑前枯坐，月落风停,,
EVT_747KUANGDA_DENGGAO_PAGODA_NIGHT_EMOTION_TRANQUILITY_DESC,月光被大雁塔的塔身切成两半，一半落在地面裂缝上，一半留在砖缝里的苔痕。你站在塔基边，借着微光辨认石碑上模糊的刻名——手指刚触到某一行的凹陷，头顶传来翅膀扑棱的声响。你抬头，塔铃在晃，月光里没有鸟的影子。低下头时，碑面上的月光又移动了半寸。远处墙角的阴影中有什么东西闪了一下，再看时已经暗了。,,
EVT_747KUANGDA_DENGGAO_PAGODA_NIGHT_EMOTION_TRANQUILITY_OPT0_DESC,你蹲下，指尖在碑文的凹槽上划过去，像在读一封不属于自己的信。,,
EVT_747KUANGDA_DENGGAO_PAGODA_NIGHT_EMOTION_TRANQUILITY_OPT1_DESC,你直起身，看着塔铃在月光里慢慢停下，然后转向远处的山影。,,
EVT_747KUANGDA_DENGGAO_PAGODA_NIGHT_EMOTION_TRANQUILITY_OPT2_DESC,听到墙角声响，你侧头往暗处多看了一眼，再收回来时动作轻了些。,,
EVT_747KUANGDA_DENGGAO_PAGODA_NIGHT_EMOTION_TRANQUILITY_TITLE,月下碑影,,
EVT_747KUANGDA_DENGGAO_SHAOLING_MORNING_EMOTION_ANGER_DESC,少陵原的晨风裹着土腥味扑面而来。远处长安城的炊烟在晨光中稀疏地升起——东边是曲江池畔的朱门烟囱，西边是贫民窟的冷灶。你站在原上，看着风把老农翻出的干土吹散，又看着远方那些豪宅在晨曦中熠熠生辉。脚跟下的土路干裂，每一步都带起一片扬尘。,,
EVT_747KUANGDA_DENGGAO_SHAOLING_MORNING_EMOTION_ANGER_OPT0_DESC,衣袖被风灌满，你冲着长安方向吐出一口带土的唾沫。,,
EVT_747KUANGDA_DENGGAO_SHAOLING_MORNING_EMOTION_ANGER_OPT1_DESC,蹲下身，捡起一块干裂的土坷垃，在手里捏碎。,,
EVT_747KUANGDA_DENGGAO_SHAOLING_MORNING_EMOTION_ANGER_OPT2_DESC,弯腰，把被风吹歪的衣襟整了整，继续盯着远方。,,
EVT_747KUANGDA_DENGGAO_SHAOLING_MORNING_EMOTION_ANGER_TITLE,野风卷怒,,
EVT_747KUANGDA_DENGGAO_SHAOLING_MORNING_EMOTION_SORROW_DESC,少陵原上，晨风裹着雨腥扑面，衣袍灌满冷气。远处长安城楼隐在昏光里，万家屋顶无声。脚下干裂的土纹被风抹平，几只鸟低叫掠过。站得久了，眼睛盯着城里某处烟柱，肩头落下凉凉一滴。抬头看天，云已压得很低。转身时风推着背，脚步慢慢挪向坡下。,,
EVT_747KUANGDA_DENGGAO_SHAOLING_MORNING_EMOTION_SORROW_OPT0_DESC,弯腰捡起一片碎瓦，对着风用力掷向远方,,
EVT_747KUANGDA_DENGGAO_SHAOLING_MORNING_EMOTION_SORROW_OPT1_DESC,抬手接住一粒雨珠，看了一眼，继续望着城,,
EVT_747KUANGDA_DENGGAO_SHAOLING_MORNING_EMOTION_SORROW_OPT2_DESC,缩了缩肩，低头把衣领裹紧，快步寻避风处,,
EVT_747KUANGDA_DENGGAO_SHAOLING_MORNING_EMOTION_SORROW_TITLE,疾风卷尘登高台,,
EVT_747KUANGDA_DENGGAO_SHAOLING_NIGHT_EMOTION_ANGER_DESC,少陵原的夜像一口倒扣的锅。你摸黑爬到高处，脚下碎石滚落，惊起宿鸟。远处古墓间幽绿鬼火明灭，像是地底的眼睛。你站定回望，长安城在夜色中分成明暗两半——南边灯火连成一片，北边黑得像被墨泼过。风穿过枯枝，呜呜作响，像有人在哭。你攥紧手，指节叩进掌心。,,
EVT_747KUANGDA_DENGGAO_SHAOLING_NIGHT_EMOTION_ANGER_OPT0_DESC,踢开脚边枯骨，道：这火比城里的灯亮。,,
EVT_747KUANGDA_DENGGAO_SHAOLING_NIGHT_EMOTION_ANGER_OPT1_DESC,掸去袍上灰，转身观星。,,
EVT_747KUANGDA_DENGGAO_SHAOLING_NIGHT_EMOTION_ANGER_OPT2_DESC,整衣拱手，对月光行礼。,,
EVT_747KUANGDA_DENGGAO_SHAOLING_NIGHT_EMOTION_ANGER_TITLE,鬼火照见南北城,,
EVT_747KUANGDA_DENGGAO_SHAOLING_NIGHT_EMOTION_NUMBNESS_DESC,深夜少陵原，鬼火在古墓间游移。你在枯树下靠了许久，腿酸了，背疼了，索性坐下。风穿过枯枝呜呜作响，远处长安城的灯火明明灭灭。你数了几遍，数到一半忘了数到哪，干脆不数了。膝盖咯吱响了一声，你揉了揉，没动。,,
EVT_747KUANGDA_DENGGAO_SHAOLING_NIGHT_EMOTION_NUMBNESS_OPT0_DESC,（[狂客动作]）,,
EVT_747KUANGDA_DENGGAO_SHAOLING_NIGHT_EMOTION_NUMBNESS_OPT1_DESC,（[旷达动作]）,,
EVT_747KUANGDA_DENGGAO_SHAOLING_NIGHT_EMOTION_NUMBNESS_OPT2_DESC,（[低旷达动作]）,,
EVT_747KUANGDA_DENGGAO_SHAOLING_NIGHT_EMOTION_NUMBNESS_TITLE,鬼火明灭长安倦,,
EVT_747KUANGDA_DENGGAO_SHAOLING_NIGHT_EMOTION_SORROW_DESC,“是问路的。”狗先跑了。杜甫调转方向，脚下碎石压出声音。登上原顶时长安城灯火在远处铺开，每一盏都亮着。一点凉意落在鼻尖——要下雨了。,,
EVT_747KUANGDA_DENGGAO_SHAOLING_NIGHT_EMOTION_SORROW_OPT0_DESC,对着人影方向喊一句：“此路不通，你换条道走。”然后径自绕开。,,
EVT_747KUANGDA_DENGGAO_SHAOLING_NIGHT_EMOTION_SORROW_OPT1_DESC,松开腰间的手，转身背对长安城，看远处终南山影。,,
EVT_747KUANGDA_DENGGAO_SHAOLING_NIGHT_EMOTION_SORROW_OPT2_DESC,对着人影方向拱手：“兄台也是夜行之人？同路可作伴？”,,
EVT_747KUANGDA_DENGGAO_SHAOLING_NIGHT_EMOTION_SORROW_TITLE,少陵原夜独行,,
EVT_ART_APPRECIATION_OPTION_TITLE,欣赏艺术,,
EVT_BAI_YE_HONEYMOON_L0_TYPEA_M0_DESC,“可有引荐礼？”声音尖锐，引得街边闲人侧目。你递上名刺，他并不接，只冷冷道：“府上规矩，无礼不得入。”说完便转身与另一仆役低语，不时瞥你两眼，显然是在等人识趣。你摸出几串铜钱，他这才慢悠悠接过，侧身让开一条缝：“请罢，莫误了时辰。”,,
EVT_BAI_YE_HONEYMOON_L0_TYPEA_M0_OPT0_DESC,奉上银钱，求门子通融,,
EVT_BAI_YE_HONEYMOON_L0_TYPEA_M0_TITLE,门前索礼,,
EVT_BAI_YE_HONEYMOON_L0_TYPEA_M1_DESC,黄昏时分，你站在某部衙门侧门前，递上名帖。那门子接过名帖，却不急着看，先上下打量你一番。他慢慢翻开名帖，拇指在纸页边缘来回搓动，发出沙沙声响。你等了片刻，他仍不抬头，只是反复翻看那薄薄一页，仿佛上面有千百字需要辨认。秋风渐起，檐角铁马叮当，你衣袍被吹得猎猎作响。门子终于抬眼，目光从你脸上滑到你的袖口，又落回名帖上，拇指搓动的动作并未停下。他身后门房里透出暖黄灯火，隐约有茶香飘出，却无丝毫为你让路的意思。,,
EVT_BAI_YE_HONEYMOON_L0_TYPEA_M1_OPT0_DESC,从袖中取出一串铜钱，悄然递入门子手中。,,
EVT_BAI_YE_HONEYMOON_L0_TYPEA_M1_TITLE,名帖三翻,,
EVT_BAI_YE_HONEYMOON_L0_TYPEA_M2_DESC,细雨蒙蒙，长安某部衙门东侧偏门。你递上名帖，门子接过，并不打开，反手将名帖轻轻搁在湿漉漉的门槛上。他站直身子，目光越过你的肩膀看往远处雨幕，右手拇指无意识地搓着食指指腹。名帖一角渐渐被雨水洇湿，他仍不动，仿佛在等雨停，又仿佛在等别的什么。,,
EVT_BAI_YE_HONEYMOON_L0_TYPEA_M2_OPT0_DESC,从袖口取出一串铜钱，压在名帖下,,
EVT_BAI_YE_HONEYMOON_L0_TYPEA_M2_TITLE,门子静候,,
EVT_BAI_YE_HONEYMOON_L0_TYPEB_M0_DESC,“相公昨夜批阅奏章至四更，此刻尚未起身。”言毕转身与同僚闲谈。约半个时辰，你双腿僵直，腹中饥馁。忽见一内监骑马直入中门，门子反倒殷勤赔笑。你隐约听他低语：“早间侍郎府来人，也是这般候着的。”这分明是他为向清客显摆门禁之严，故意拖延。,,
EVT_BAI_YE_HONEYMOON_L0_TYPEB_M0_OPT0_DESC,忍气吞声，在阶下继续等待。,,
EVT_BAI_YE_HONEYMOON_L0_TYPEB_M0_TITLE,门外三候,,
EVT_BAI_YE_HONEYMOON_L0_TYPEB_M1_DESC,“王爷今日倦了，还未起身。你且在外候着。”说罢，径自退回门房烤火。你立在阶下，冷雨渐密，衣衫半湿，寒意透骨。门内隐约传来门子与同伴谈笑之声，间或提及你“新科进士”的身份，语气轻蔑。,,
EVT_BAI_YE_HONEYMOON_L0_TYPEB_M1_OPT0_DESC,立在阶下雨中继续等待,,
EVT_BAI_YE_HONEYMOON_L0_TYPEB_M1_TITLE,阶前冷雨,,
EVT_BAI_YE_HONEYMOON_L0_TYPEB_M2_DESC,“尚书大人正与几位侍郎议事，你且在此处候着。”他指了指门廊下风口处，便转身回了门房。约莫两刻钟后，门子推开一条门缝，递出一碗热茶，又缩了回去。茶碗滚烫，你双手捧着，寒风里，那热意只暂时暖了掌心，四肢仍冰冷。门内传来门子与同伴的低语声，隐约听得“新来的进士总是这般急”一句，旋即被炭火拨弄的声响淹没。,,
EVT_BAI_YE_HONEYMOON_L0_TYPEB_M2_OPT0_DESC,接过热茶，立在廊下继续等候。,,
EVT_BAI_YE_HONEYMOON_L0_TYPEB_M2_TITLE,寒门候茶,,
EVT_BAI_YE_HONEYMOON_L0_TYPEC_M0_DESC,右相府午门紧闭。你上前自报家门，门子倚着门框，目光越过你，投向巷口一顶青呢官轿。你要通报？他缓缓掸了掸衣袖上并不存在的灰，说相爷正在用午膳，你且候着。日头爬过墙头，将你的影子一寸寸烤短。门子转身与另一个仆役低声说笑，笑声断断续续，间或回头看你一眼，仿佛在等什么有趣的事发生。他们的声音不大不小，恰好能让你听见——也不知是哪个穷措大，也配来见相爷。你站在石阶下，进退不得。,,
EVT_BAI_YE_HONEYMOON_L0_TYPEC_M0_OPT0_DESC,退到墙根阴凉处，耐心等候,,
EVT_BAI_YE_HONEYMOON_L0_TYPEC_M0_TITLE,门檐影斜,,
EVT_BAI_YE_HONEYMOON_L0_TYPEC_M1_DESC,“劳烦通传。”门子纹丝不动，仿佛未闻。你略提高声，他又似无意地转过头，与廊下小厮说起闲话。你的手悬在半空，名帖边缘微微翘起。街上有行人投来一瞥，又匆匆移开。门子始终未接你手中之物，只在你反复唤第三声时，从鼻间发出一声极轻的冷笑，转身踱入门内，留你一人立在风里。,,
EVT_BAI_YE_HONEYMOON_L0_TYPEC_M1_OPT0_DESC,赔笑再唤，将名帖轻放于门槛上,,
EVT_BAI_YE_HONEYMOON_L0_TYPEC_M1_TITLE,冷眼拒帖,,
EVT_BAI_YE_HONEYMOON_L0_TYPEC_M2_DESC,“大人今日公务繁忙，访客众多，您且候着罢。”语罢，便不再理会你，继续与同僚笑谈。寒风卷着雪沫扑在脸上，你举着名帖的手僵在半空，进退不得。,,
EVT_BAI_YE_HONEYMOON_L0_TYPEC_M2_OPT0_DESC,玩家低声应诺，退步垂手立于阶下等候。,,
EVT_BAI_YE_HONEYMOON_L0_TYPEC_M2_TITLE,雪中冷遇,,
EVT_BAI_YE_HONEYMOON_L1_TYPEA_M0_DESC,“来得正好，相爷三日后寿辰，凡拜谒者需先纳份子钱，方显诚意。”他身后门内隐约传出算盘声。清客目光扫过玩家衣袋，补充道：“这是相爷身边人定的规矩，我也只是照办。”言罢静立不语，手却已半伸出来。,,
EVT_BAI_YE_HONEYMOON_L1_TYPEA_M0_OPT0_DESC,从袖中取出一锭银子，递与清客。,,
EVT_BAI_YE_HONEYMOON_L1_TYPEA_M0_TITLE,贺寿份子钱堵门,,
EVT_BAI_YE_HONEYMOON_L1_TYPEA_M1_DESC,暮色中，玩家至某王府拜谒，在二门处被一名身着青衫的清客拦住。清客接过拜帖，不急着看内容，先就着烛火反复捻纸，皱眉挑剔纸色“太素”，又指字迹“缺骨力”，说此等拜帖递进去恐惹王爷不悦。他斜睨玩家一眼，慢吞吞道：“不若某替你重誊一纸，润笔费只收三钱银子。”态度客气，但那捻纸的指尖迟迟不松开，分明在等玩家拿钱。,,
EVT_BAI_YE_HONEYMOON_L1_TYPEA_M1_OPT0_DESC,取出三钱银子递与清客,,
EVT_BAI_YE_HONEYMOON_L1_TYPEA_M1_TITLE,拜帖润笔,,
EVT_BAI_YE_HONEYMOON_L1_TYPEA_M2_DESC,“按衙门旧例，外官拜谒需先纳一笔‘门敬’，充作日常笔墨灯油之资。非是难为你，规矩如此。”他语气平淡，仿佛在说一件再寻常不过的事。,,
EVT_BAI_YE_HONEYMOON_L1_TYPEA_M2_OPT0_DESC,从袖中取出一串铜钱，递与清客,,
EVT_BAI_YE_HONEYMOON_L1_TYPEA_M2_TITLE,衙门例银,,
EVT_BAI_YE_HONEYMOON_L1_TYPEB_M0_DESC,“尚书大人昨日议贡举事至深夜，今日恐未得闲。”说着用火箸拨了拨炉中炭，火星一溅即灭。他在炉边坐下，自斟一盏茶，翻册页时不急不缓，偶尔抬眼看窗外天色。你立在门帘旁，冷风从帘隙灌入，足底渐麻。清客翻完一卷册子，又另取一卷来读，像是忘了你还在。,,
EVT_BAI_YE_HONEYMOON_L1_TYPEB_M0_OPT0_DESC,立在帘侧继续候着，不动声色,,
EVT_BAI_YE_HONEYMOON_L1_TYPEB_M0_TITLE,衙门口的风雪,,
EVT_BAI_YE_HONEYMOON_L1_TYPEB_M1_DESC,玩家持帖至吏部衙门拜谒，清客王主事接过名帖，说侍郎大人最喜考校新进，命你入偏厅抄录百卷天宝初年官员考课旧档。王主事抱着手炉坐在案前，漫不经心翻着册子，不时指出你抄漏的批注。你从巳时抄到未时，手臂酸麻，咳嗽不止。王主事始终未放你离开，只说你抄完这卷便去通报。待你抄至八十三卷，咳得握不住笔时，王主事才起身说今日侍郎大人早已出府，明日再来吧。,,
EVT_BAI_YE_HONEYMOON_L1_TYPEB_M1_OPT0_DESC,忍气吞声，继续伏案抄写，直到他说停,,
EVT_BAI_YE_HONEYMOON_L1_TYPEB_M1_TITLE,抄档候见,,
EVT_BAI_YE_HONEYMOON_L1_TYPEB_M2_DESC,“新进士果然勤勉，这般冷天还来拜谒，老夫甚是感佩。只是郎中今日公务繁忙，恐无暇接见。不如明日再来，老夫替你递个话。”言罢转身回屋，玩家听见屋内炭火噼啪，夹着茶盏轻碰声。,,
EVT_BAI_YE_HONEYMOON_L1_TYPEB_M2_OPT0_DESC,玩家拱手道谢，继续立在廊下等候,,
EVT_BAI_YE_HONEYMOON_L1_TYPEB_M2_TITLE,寒阶侍立,,
EVT_BAI_YE_HONEYMOON_L1_TYPEC_M0_DESC,“这帖子行文不合规矩，抬头没留空，名讳也未避本府家讳。”他将名帖搁在案角，转身与同僚低声议论起今日菜价。你立在堂下，听他们笑声断续，却无人再理会你。约莫一炷香后，他回身瞥了你一眼，拿起名帖又看了一遍，仍不置可否。,,
EVT_BAI_YE_HONEYMOON_L1_TYPEC_M0_OPT0_DESC,自认疏忽，向文案吏请教格式，并递上润笔。,,
EVT_BAI_YE_HONEYMOON_L1_TYPEC_M0_TITLE,文牍之验,,
EVT_BAI_YE_HONEYMOON_L1_TYPEC_M1_DESC,“足下这文章，辞藻华丽，却透着一股子‘脂粉气’，只怕是闺阁中读多了艳词，少了些庙堂上的筋骨。”他抬眼，目光懒懒地扫过你的脸，“这玩意儿，不是我长安官场的气象。拿回去，照着《贞观政要》的笔意，重写它百遍，磨去那层粉黛，再来见我。”言罢，他不再看你，只朝侍立的小厮抬了抬下巴，低声吩咐：“看茶，凉些的好。”客堂中一时寂静，只余茶香与那几页薄纸被风吹动的轻响。,,
EVT_BAI_YE_HONEYMOON_L1_TYPEC_M1_OPT0_DESC,躬身致谢，称大人指点的是，学生回去重新来过。,,
EVT_BAI_YE_HONEYMOON_L1_TYPEC_M1_TITLE,脂粉气,,
EVT_BAI_YE_HONEYMOON_L1_TYPEC_M2_DESC,“这文章虽通顺，却少了几分刚健之气，倒有几分脂粉闺阁之态。”他顿了顿，将茶盏不轻不重地搁下，“写文章如同做人，你这般文风，怕是不合府上规矩。拿去重写，写到我满意了再来吧。”说完便低头整理文书，不再看你。,,
EVT_BAI_YE_HONEYMOON_L1_TYPEC_M2_OPT0_DESC,躬身告退，将诗文揣入怀中,,
EVT_BAI_YE_HONEYMOON_L1_TYPEC_M2_TITLE,文章受斥,,
EVT_BAI_YE_HONEYMOON_L2_TYPEA_M0_DESC,“近日圣上欲为贵妃娘娘新制霓裳，颁旨命各府进献锦帛。本王府中尚缺一匹上等吴绫，听闻你与江南织造有些渊源？”话音未落，侍从已捧出一卷空白礼单，铺在案上。权贵目光落在礼单上，指尖轻叩案面，含笑不语。玩家明白，这是一笔“孝敬上官”的贡品，须自掏腰包补上。,,
EVT_BAI_YE_HONEYMOON_L2_TYPEA_M0_OPT0_DESC,应允权贵，承诺三日内献上吴绫一匹,,
EVT_BAI_YE_HONEYMOON_L2_TYPEA_M0_TITLE,含笑索帛,,
EVT_BAI_YE_HONEYMOON_L2_TYPEA_M1_DESC,“某位上官不日寿辰，群僚皆备厚礼。贤弟初来，当知此中关节。”侍从捧出青玉镇纸压住空白礼单，权贵指尖轻叩桌面，目光温和如慈长，却将礼单缓缓推至你面前。,,
EVT_BAI_YE_HONEYMOON_L2_TYPEA_M1_OPT0_DESC,玩家提笔写下白银百两之数,,
EVT_BAI_YE_HONEYMOON_L2_TYPEA_M1_TITLE,含笑索巨礼,,
EVT_BAI_YE_HONEYMOON_L2_TYPEA_M2_DESC,“近日本部整顿铨选簿册，凡新进士子，须按例纳‘给帖钱’三贯，方得登录。此乃衙中旧规。”语毕，他抬目看你，目光平静，指尖在案上轻叩两下。,,
EVT_BAI_YE_HONEYMOON_L2_TYPEA_M2_OPT0_DESC,从袖中取出三贯银票，置于案上。,,
EVT_BAI_YE_HONEYMOON_L2_TYPEA_M2_TITLE,值房例钱,,
EVT_BAI_YE_HONEYMOON_L2_TYPEB_M0_DESC,“本官明日需向宰相交呈十年来漕运账册，你既来拜谒，便帮本官誊清百页。灯油已备，写完自来见我。”言罢掩门而去。玩家坐于冰冷木榻，墨香与霉味交织，执笔时手微颤——连日赶考已染风寒，此刻额上冷汗涔涔，却不敢停笔。,,
EVT_BAI_YE_HONEYMOON_L2_TYPEB_M0_OPT0_DESC,抱病坐下，研墨提笔开始誊写。,,
EVT_BAI_YE_HONEYMOON_L2_TYPEB_M0_TITLE,病榻誊文,,
EVT_BAI_YE_HONEYMOON_L2_TYPEB_M1_DESC,你持帖入内，侍郎抱炉而坐，命你至侧室誊写百页历年奏议。室内炭火将尽，冷风从窗隙灌入。侍郎隔帘与清客谈笑，不时扬声催问进度。你咳嗽渐剧，握笔的手微微发颤。侍郎命人取来一盏冷茶，说“润润喉，莫误了正事”。两个时辰后，你誊完最后一页，他接过后随手翻看，颔首道“尚可”，转身离去，未提举荐之事。,,
EVT_BAI_YE_HONEYMOON_L2_TYPEB_M1_OPT0_DESC,强忍咳意，继续誊写文牍,,
EVT_BAI_YE_HONEYMOON_L2_TYPEB_M1_TITLE,抱病誊牍,,
EVT_BAI_YE_HONEYMOON_L2_TYPEB_M2_DESC,“王爷正在宴客，请稍候。”玩家立于阶下，寒风卷着雪粒扑面。约半个时辰后，门内隐约传出丝竹声与谈笑，间或有劝酒之声。门子偶尔探头望一眼，又缩回门房。又过两刻，有仆役端着残羹出来，随手泼在阶前，汤水溅湿玩家袍角。玩家继续候至日头偏西，门子方道：“王爷今日倦了，明日再来罢。”,,
EVT_BAI_YE_HONEYMOON_L2_TYPEB_M2_OPT0_DESC,整了整衣冠，继续在阶下恭候,,
EVT_BAI_YE_HONEYMOON_L2_TYPEB_M2_TITLE,风雪跪候宴饮时,,
EVT_BAI_YE_HONEYMOON_L2_TYPEC_M0_DESC,你终于踏入侍郎书房。侍郎接过名帖，先是含笑点头，赞你文章清雅。随即话锋一转，细问你籍贯、出身，听闻你非名门之后，笑容便淡了三分。“进士科每年数百人，能出头者不过一二。本官当年座师最重郡望，你这根基……”他轻叹一声，目光移向窗外，“说句实在话，莫要在这等虚名上费工夫了。”说罢，他转而与书吏谈论起宰相最爱的棋谱，仿佛你已不在房中。,,
EVT_BAI_YE_HONEYMOON_L2_TYPEC_M0_OPT0_DESC,躬身应承，告退前将谢仪轻轻压在茶杯下,,
EVT_BAI_YE_HONEYMOON_L2_TYPEC_M0_TITLE,堂前讥刺,,
EVT_BAI_YE_HONEYMOON_L2_TYPEC_M1_DESC,“此等笔墨，倒让我想起当年在陇右节度府中，见那些边将进贡的骏马——皮毛光鲜，用起来却不知深浅。”说罢将诗稿掷回案角，“今日乏了，你且回去，将诗中‘寒门’二字改去，再来见我。”,,
EVT_BAI_YE_HONEYMOON_L2_TYPEC_M1_OPT0_DESC,强笑拱手，躬身告退，称改日再来请教。,,
EVT_BAI_YE_HONEYMOON_L2_TYPEC_M1_TITLE,虚赞后讥出身如献礼,,
EVT_BAI_YE_HONEYMOON_L2_TYPEC_M2_DESC,“文章尚可，有些许气骨。”你正要道谢，他忽而笑道：“只是这字里行间，总透着股寒门的倔气。本相年轻时也见过几个如你这般的后生，文章再好，终究少了些阀阅世家的从容气度。”说罢，他随手将你的诗文搁在案角，转而问起今日府中新进的茶叶如何。,,
EVT_BAI_YE_HONEYMOON_L2_TYPEC_M2_OPT0_DESC,玩家躬身谢过，自称门第寒微，愿在相府中多习礼数。,,
EVT_BAI_YE_HONEYMOON_L2_TYPEC_M2_TITLE,虚赞后讥讽出身如献礼,,
EVT_DRINK_WITH_LIBAI_DESC,他看着你：“喝！”,,
EVT_DRINK_WITH_LIBAI_SEND_POEM_TITLE,赠诗一首,,
EVT_DRINK_WITH_LIBAI_TITLE,和李白喝酒,,
EVT_DRUNKEN_OBLIVION_DROWN_MEMORY_DESC,酒旗在风里拍得猎猎作响。你推开那扇半掩的门，酒保看你一眼便不再说话——他认得这种眼神。你要了最烈的那种，不是品，是灌。每一口下去，昨日在权贵门前的记忆就淡一分。酒坛见底时，昨夜那张谄媚的嘴脸终于开始模糊——像墨迹在水里散开。你不记得付了多少钱，只记得走出门时，长安的月光刺得眼睛发酸。,,
EVT_DRUNKEN_OBLIVION_DROWN_MEMORY_OPT0_DESC,仰头饮尽最后一碗。碗底朝天，一滴不剩。,,
EVT_DRUNKEN_OBLIVION_DROWN_MEMORY_TITLE,买醉忘忧,,
EVT_DUOTAI_HUMILIATION_AESTHETIC_VIOLATION_GATEWAY_BAIYE_DESC,改诗于王府,,
EVT_DUOTAI_HUMILIATION_AESTHETIC_VIOLATION_GATEWAY_BAIYE_ONENTER,“杜先生，请吧。”穿过三道回廊，堂上摆着酒席，主人正在席间与宾客谈笑。你被引到侧厢书房，一炷香后，主人方踱步进来，随手将你的诗稿拍在案上：“前两句留，后两句重写。要喜庆，莫作穷酸语。”旁边清客提笔就划掉了你的得意之句：“这句‘白骨成丘山’不合时宜，改成‘金帛满街衢’吧。”主人点头，看着你，等你落笔。,,
EVT_DUOTAI_HUMILIATION_AESTHETIC_VIOLATION_GATEWAY_BAIYE_OPT0_DESC,搁下笔，将诗稿收回袖中，转身推门而去。,,
EVT_DUOTAI_HUMILIATION_AESTHETIC_VIOLATION_GATEWAY_BAIYE_OPT1_DESC,坐下，蘸墨，将划去的句子改作吉祥贺语。,,
EVT_DUOTAI_HUMILIATION_AESTHETIC_VIOLATION_GATEWAY_BAIYE_OPT2_DESC,躬身拱手：“大人高明，敢问还有何处须改？小的照办。”,,
EVT_DUOTAI_HUMILIATION_AESTHETIC_VIOLATION_GATEWAY_DUZHUO_DESC,酒肆改诗,,
EVT_DUOTAI_HUMILIATION_AESTHETIC_VIOLATION_GATEWAY_DUZHUO_ONENTER,“兄台方才那句‘江流石不转’固然好，只是太过沉郁。如今圣天子在上，四海升平——不如改作‘江流映日红’，既合时宜，又见气象。”他将自己的酒盏往你这边推了推，眼神诚恳，仿佛真是在帮你指一条明路。,,
EVT_DUOTAI_HUMILIATION_AESTHETIC_VIOLATION_GATEWAY_DUZHUO_OPT0_DESC,搁下酒钱，碗中残酒未饮尽，起身离去。,,
EVT_DUOTAI_HUMILIATION_AESTHETIC_VIOLATION_GATEWAY_DUZHUO_OPT1_DESC,勉强提笔，按他说的改成“江流映日红”。,,
EVT_DUOTAI_HUMILIATION_AESTHETIC_VIOLATION_GATEWAY_DUZHUO_OPT2_DESC,拱手笑问：“先生高见，还有哪处可润色？”,,
EVT_DUOTAI_HUMILIATION_AESTHETIC_VIOLATION_GATEWAY_FANGSHI_DESC,市井改诗,,
EVT_DUOTAI_HUMILIATION_AESTHETIC_VIOLATION_GATEWAY_FANGSHI_ONENTER,长安东市，鱼腥与香料的气味搅在一起。杜甫蹲在菜摊前拣一把蕨菜，算命先生王半仙从卦摊后探出头，手里捏着几张纸——是杜甫前日托人代售的诗稿。“杜先生，你这诗好是好，就是太悲了。”他手指点在纸上，“你看这句‘路有冻死骨’，换成‘户户有余粮’多吉利。再改两句，我替你卖个好价钱。”旁边卖胡饼的也凑过来看热闹。,,
EVT_DUOTAI_HUMILIATION_AESTHETIC_VIOLATION_GATEWAY_FANGSHI_OPT0_DESC,搁下诗稿，起身走入人群，未回头。,,
EVT_DUOTAI_HUMILIATION_AESTHETIC_VIOLATION_GATEWAY_FANGSHI_OPT1_DESC,接过笔，划去原句，写下“户户有余粮”。,,
EVT_DUOTAI_HUMILIATION_AESTHETIC_VIOLATION_GATEWAY_FANGSHI_OPT2_DESC,躬腰凑近，问：“先生看还有哪句不顺？小的这就改。”,,
EVT_DUOTAI_HUMILIATION_AESTHETIC_VIOLATION_GATEWAY_JIAOYOU_DESC,雅集改稿令,,
EVT_DUOTAI_HUMILIATION_AESTHETIC_VIOLATION_GATEWAY_JIAOYOU_ONENTER,“子美，这句‘孤雁哀鸣夜’太萧瑟了。今日聚饮，当以喜气为佳，改成‘双燕衔泥暖’如何？”座中几人颔首称是，有人附和：“韦公此言正是，诗当合时宜。”,,
EVT_DUOTAI_HUMILIATION_AESTHETIC_VIOLATION_GATEWAY_JIAOYOU_OPT0_DESC,搁下笔，将诗稿卷入袖中，起身径自走向院门。,,
EVT_DUOTAI_HUMILIATION_AESTHETIC_VIOLATION_GATEWAY_JIAOYOU_OPT1_DESC,点头应允，提笔抹去原句，依言改作“双燕衔泥暖”。,,
EVT_DUOTAI_HUMILIATION_AESTHETIC_VIOLATION_GATEWAY_JIAOYOU_OPT2_DESC,躬身笑问：“韦公高见，还有何处可润色？愿听教诲。”,,
EVT_DUOTAI_HUMILIATION_CHEAP_LABOR_GATEWAY_BAIYE_IDENTITY_VENDOR_DESC,名帖抄录,,
EVT_DUOTAI_HUMILIATION_CHEAP_LABOR_GATEWAY_BAIYE_IDENTITY_VENDOR_ONENTER,“会写字吧？把这些替老爷誊了——字写大些，老爷眼神不济。”他指了指石桌，又指了指墙角一砚已经干涸的墨。,,
EVT_DUOTAI_HUMILIATION_CHEAP_LABOR_GATEWAY_BAIYE_IDENTITY_VENDOR_OPT0_DESC,你没看名帖，转身走向大门。,,
EVT_DUOTAI_HUMILIATION_CHEAP_LABOR_GATEWAY_BAIYE_IDENTITY_VENDOR_OPT1_DESC,你挽起袖子，磨墨，提笔，一字一字照写。,,
EVT_DUOTAI_HUMILIATION_CHEAP_LABOR_GATEWAY_BAIYE_IDENTITY_VENDOR_OPT2_DESC,你拱手应道：“小的遵命。写完可要送去后堂？”,,
EVT_DUOTAI_HUMILIATION_CHEAP_LABOR_GATEWAY_FANGSHI_IDENTITY_VENDOR_DESC,账册封面的屈才,,
EVT_DUOTAI_HUMILIATION_CHEAP_LABOR_GATEWAY_FANGSHI_IDENTITY_VENDOR_ONENTER,东市杂货铺前，旧识掌柜叫住你，递过一册空白账本和一方粗砚。“你正好认得字。过来帮我写个封面——要工整，别写诗，就写‘天宝十三载 杂货出入账’，字大些。”他说完便转身去应付另一顾客。摊前人来人往，猪油味混着草料气息。你握着笔，面前纸张空白。,,
EVT_DUOTAI_HUMILIATION_CHEAP_LABOR_GATEWAY_FANGSHI_IDENTITY_VENDOR_OPT0_DESC,你将笔搁在砚沿上，转身隐入人潮。,,
EVT_DUOTAI_HUMILIATION_CHEAP_LABOR_GATEWAY_FANGSHI_IDENTITY_VENDOR_OPT1_DESC,你蘸墨，按他要求写完，放下笔静候。,,
EVT_DUOTAI_HUMILIATION_CHEAP_LABOR_GATEWAY_FANGSHI_IDENTITY_VENDOR_OPT2_DESC,你写好封面，又主动问可需帮誊内页，极尽谦和。,,
EVT_DUOTAI_HUMILIATION_CHEAP_LABOR_GATEWAY_FENGZHAO_IDENTITY_VENDOR_DESC,积年案牍,,
EVT_DUOTAI_HUMILIATION_CHEAP_LABOR_GATEWAY_FENGZHAO_IDENTITY_VENDOR_ONENTER,「先扫灰，再分类。十年没翻过的账册，别弄混了年份。」他将一叠褪色的签条放在案角，便转身出了门。,,
EVT_DUOTAI_HUMILIATION_CHEAP_LABOR_GATEWAY_FENGZHAO_IDENTITY_VENDOR_OPT0_DESC,未接掸子，跨过地上卷册，径直步出房门。,,
EVT_DUOTAI_HUMILIATION_CHEAP_LABOR_GATEWAY_FENGZHAO_IDENTITY_VENDOR_OPT1_DESC,接过掸子，拂净桌面，开始逐册检视年份。,,
EVT_DUOTAI_HUMILIATION_CHEAP_LABOR_GATEWAY_FENGZHAO_IDENTITY_VENDOR_OPT2_DESC,接过掸子，连连躬身，又问签条是否需备墨重写。,,
EVT_DUOTAI_HUMILIATION_CHEAP_LABOR_GATEWAY_JIAOYOU_IDENTITY_VENDOR_DESC,抄诗之辱,,
EVT_DUOTAI_HUMILIATION_CHEAP_LABOR_GATEWAY_JIAOYOU_IDENTITY_VENDOR_ONENTER,“子美你留一下，帮我把今天这些唱和的诗整理成册子。你字好，抄完放书房就行。”其他客人打着饱嗝下楼，满桌残羹未撤。,,
EVT_DUOTAI_HUMILIATION_CHEAP_LABOR_GATEWAY_JIAOYOU_IDENTITY_VENDOR_OPT0_DESC,将诗稿放回案上，端起残酒饮尽，起身离席。,,
EVT_DUOTAI_HUMILIATION_CHEAP_LABOR_GATEWAY_JIAOYOU_IDENTITY_VENDOR_OPT1_DESC,应声坐下，研墨展卷，俯首逐字抄录。笔尖沙沙作响。,,
EVT_DUOTAI_HUMILIATION_CHEAP_LABOR_GATEWAY_JIAOYOU_IDENTITY_VENDOR_OPT2_DESC,躬身赔笑，问主人可需再加个序。随即铺纸研磨，笔不停挥。,,
EVT_DUOTAI_HUMILIATION_CLASS_BULLYING_GATEWAY_BAIYE_IDENTITY_QINGLIU_OFFICIAL_DESC,门房冷眼,,
EVT_DUOTAI_HUMILIATION_CLASS_BULLYING_GATEWAY_BAIYE_IDENTITY_QINGLIU_OFFICIAL_ONENTER,「候着吧。」你刚转身，一位锦袍青年走近，门子立刻起身让路，堆笑拱手：「李公子来了，里头请，老爷正念叨您呢。」偏廊无桌，只有条冷板凳，檐角水滴落在青砖上，廊尽头的笑声隐约可闻。,,
EVT_DUOTAI_HUMILIATION_CLASS_BULLYING_GATEWAY_BAIYE_IDENTITY_QINGLIU_OFFICIAL_OPT0_DESC,转身将名帖留在原地，不看门子，步出大门。,,
EVT_DUOTAI_HUMILIATION_CLASS_BULLYING_GATEWAY_BAIYE_IDENTITY_QINGLIU_OFFICIAL_OPT1_DESC,退到偏廊坐下，将湿了的袖口拧干，垂首等待。,,
EVT_DUOTAI_HUMILIATION_CLASS_BULLYING_GATEWAY_BAIYE_IDENTITY_QINGLIU_OFFICIAL_OPT2_DESC,赔笑凑近门子，低声道「大人辛苦，小的有劳通传。」,,
EVT_DUOTAI_HUMILIATION_CLASS_BULLYING_GATEWAY_DENGGAO_IDENTITY_QINGLIU_OFFICIAL_DESC,城楼上的段落,,
EVT_DUOTAI_HUMILIATION_CLASS_BULLYING_GATEWAY_DENGGAO_IDENTITY_QINGLIU_OFFICIAL_ONENTER,你登上乐游原东南角那座废弃的戍楼。风从终南山方向吹来，带着黄土与野草的气味。你正望着城南一片新绿的麦田，忽然听见身后石阶上传来脚步声——先是一个穿着青色圆领袍的随从快步上来，朝你打量了一眼，走回石阶方向，朝下面喊了一句:“张郎，这里有人。”片刻后，一个头戴银冠的年轻官员登上城楼，身后跟着三五个仆役抬着食盒和席子。随从走到你面前，语气平淡:“这位先生，我家公子要在这一带摆席，烦劳先生移步。”,,
EVT_DUOTAI_HUMILIATION_CLASS_BULLYING_GATEWAY_DENGGAO_IDENTITY_QINGLIU_OFFICIAL_OPT0_DESC,杜甫未应答，转身望向远处的终南山。片刻后，缓步走下城楼。,,
EVT_DUOTAI_HUMILIATION_CLASS_BULLYING_GATEWAY_DENGGAO_IDENTITY_QINGLIU_OFFICIAL_OPT1_DESC,杜甫点头，收起袖中文稿，退至城墙东侧转角，将主位让出。,,
EVT_DUOTAI_HUMILIATION_CLASS_BULLYING_GATEWAY_DENGGAO_IDENTITY_QINGLIU_OFFICIAL_OPT2_DESC,杜甫躬身致歉，一面退至墙角，一面替随从按住被风吹起的席角。,,
EVT_DUOTAI_HUMILIATION_CLASS_BULLYING_GATEWAY_FENGZHAO_IDENTITY_QINGLIU_OFFICIAL_DESC,文牍之弃,,
EVT_DUOTAI_HUMILIATION_CLASS_BULLYING_GATEWAY_FENGZHAO_IDENTITY_QINGLIU_OFFICIAL_ONENTER,“抄。”朱笔在侧，墨迹未干。两个时辰后，你上交十二页工楷。主簿接过去，拇指拨过纸边，扫了一眼，搁在案角：“字还行。”又问：“你是哪个部的？”你答无部属。他点点头，未再开口。门外有吏员捧新卷入内，主簿唤其名姓，令“就在此处写”。你站在原地，无人示意你留，也无人示意你走。,,
EVT_DUOTAI_HUMILIATION_CLASS_BULLYING_GATEWAY_FENGZHAO_IDENTITY_QINGLIU_OFFICIAL_OPT0_DESC,将抄笔搁回笔架，转身步出值房，不看任何人一眼。,,
EVT_DUOTAI_HUMILIATION_CLASS_BULLYING_GATEWAY_FENGZHAO_IDENTITY_QINGLIU_OFFICIAL_OPT1_DESC,略顿首，将公文归位，低声道“告退”，自行离去。,,
EVT_DUOTAI_HUMILIATION_CLASS_BULLYING_GATEWAY_FENGZHAO_IDENTITY_QINGLIU_OFFICIAL_OPT2_DESC,躬身道“大人若有别事，小的随叫随到”，又退回门外候立。,,
EVT_DUOTAI_HUMILIATION_CLASS_BULLYING_GATEWAY_JIAOYOU_IDENTITY_QINGLIU_OFFICIAL_DESC,空壶待客,,
EVT_DUOTAI_HUMILIATION_CLASS_BULLYING_GATEWAY_JIAOYOU_IDENTITY_QINGLIU_OFFICIAL_ONENTER,「来人，换一壶来。」语未毕，已转身与邻座谈及今科进士的赋作。你手中的酒杯举在半空，杯底那一层薄酒映着烛光，像一枚铜钱大小。,,
EVT_DUOTAI_HUMILIATION_CLASS_BULLYING_GATEWAY_JIAOYOU_IDENTITY_QINGLIU_OFFICIAL_OPT0_DESC,你放下空杯，起身走向窗边，负手看檐下竹影，再不回头。,,
EVT_DUOTAI_HUMILIATION_CLASS_BULLYING_GATEWAY_JIAOYOU_IDENTITY_QINGLIU_OFFICIAL_OPT1_DESC,你自斟残酒仰尽，将杯倒扣案上，对主人微微颔首。,,
EVT_DUOTAI_HUMILIATION_CLASS_BULLYING_GATEWAY_JIAOYOU_IDENTITY_QINGLIU_OFFICIAL_OPT2_DESC,你端起空壶，陪笑趋前：“大人兴高，待小的替大人斟满。”,,
EVT_DUOTAI_HUMILIATION_HIDDEN_CHARITY_GATEWAY_BAIYE_IDENTITY_VENDOR_DESC,门缝里的纸条,,
EVT_DUOTAI_HUMILIATION_HIDDEN_CHARITY_GATEWAY_BAIYE_IDENTITY_VENDOR_ONENTER,李枢，京兆府功曹。名字旁边有一行极小的字——“此人可试投。”笔迹不是你的，也不是门子的。你不知道这纸条是谁塞的，只记得刚才在门房里等了整整一个半时辰，茶水续了三次，里面笑声不断。,,
EVT_DUOTAI_HUMILIATION_HIDDEN_CHARITY_GATEWAY_BAIYE_IDENTITY_VENDOR_OPT0_DESC,你将纸条抽出，看也不看，递还给门子。“不必了。”,,
EVT_DUOTAI_HUMILIATION_HIDDEN_CHARITY_GATEWAY_BAIYE_IDENTITY_VENDOR_OPT1_DESC,你折叠纸条，收好诗稿，朝门房方向拱了拱手。,,
EVT_DUOTAI_HUMILIATION_HIDDEN_CHARITY_GATEWAY_BAIYE_IDENTITY_VENDOR_OPT2_DESC,你收好纸条，低声对门子说：“敢问……方才厅上哪位宾客？”,,
EVT_DUOTAI_HUMILIATION_HIDDEN_CHARITY_GATEWAY_DUZHUO_IDENTITY_VENDOR_DESC,无名酒账,,
EVT_DUOTAI_HUMILIATION_HIDDEN_CHARITY_GATEWAY_DUZHUO_IDENTITY_VENDOR_ONENTER,“那位客官说读过您的诗，这壶是他多要的。”酒壶搁在桌角，人已不见踪影。杜甫的视线落在壶沿未干的酒渍上，停了片刻。,,
EVT_DUOTAI_HUMILIATION_HIDDEN_CHARITY_GATEWAY_DUZHUO_IDENTITY_VENDOR_OPT0_DESC,从袖中取出一文钱压在碗底，起身推门走入夜色。,,
EVT_DUOTAI_HUMILIATION_HIDDEN_CHARITY_GATEWAY_DUZHUO_IDENTITY_VENDOR_OPT1_DESC,对店家拱手，斟满空碗，一饮而尽后搁下铜钱离去。,,
EVT_DUOTAI_HUMILIATION_HIDDEN_CHARITY_GATEWAY_DUZHUO_IDENTITY_VENDOR_OPT2_DESC,向店家欠身道：“烦请代谢那位客官，杜某改日必往拜访。”,,
EVT_DUOTAI_HUMILIATION_HIDDEN_CHARITY_GATEWAY_FANGSHI_IDENTITY_VENDOR_DESC,饼铺前的多付银钱,,
EVT_DUOTAI_HUMILIATION_HIDDEN_CHARITY_GATEWAY_FANGSHI_IDENTITY_VENDOR_ONENTER,“刚才有客官多付了钱，说是请你吃的。”杜甫回头，只看见一个人影隐入熙攘人群，布衫的下摆一闪而没。,,
EVT_DUOTAI_HUMILIATION_HIDDEN_CHARITY_GATEWAY_FANGSHI_IDENTITY_VENDOR_OPT0_DESC,将饼放回铺板，转身没入人流，未发一言。,,
EVT_DUOTAI_HUMILIATION_HIDDEN_CHARITY_GATEWAY_FANGSHI_IDENTITY_VENDOR_OPT1_DESC,接过饼，低首道声谢，咬了一口，目光落在街石上。,,
EVT_DUOTAI_HUMILIATION_HIDDEN_CHARITY_GATEWAY_FANGSHI_IDENTITY_VENDOR_OPT2_DESC,双手捧饼，躬身轻语：“店主慈悲，小生窘迫，只怕受之有愧。”,,
EVT_DUOTAI_HUMILIATION_LEFTOVER_TREATMENT_GATEWAY_BAIYE_DESC,谒侍郎得三文,,
EVT_DUOTAI_HUMILIATION_LEFTOVER_TREATMENT_GATEWAY_BAIYE_ONENTER,“诗尚可，再磨磨。”随即从案角抓了三枚铜钱搁在砚台边：“门子说你在外等了许久，拿去买炊饼。”说完转身与幕僚议事，再未看你。,,
EVT_DUOTAI_HUMILIATION_LEFTOVER_TREATMENT_GATEWAY_BAIYE_OPT0_DESC,不碰铜钱，不发一言，转身步出偏厅。,,
EVT_DUOTAI_HUMILIATION_LEFTOVER_TREATMENT_GATEWAY_BAIYE_OPT1_DESC,拱手道谢，将三文钱纳入袖中，退出厅门。,,
EVT_DUOTAI_HUMILIATION_LEFTOVER_TREATMENT_GATEWAY_BAIYE_OPT2_DESC,躬身道谢，双手捧起铜钱，连声说“谢大人赏”。,,
EVT_DUOTAI_HUMILIATION_LEFTOVER_TREATMENT_GATEWAY_DENGGAO_DESC,登高归途的面钱,,
EVT_DUOTAI_HUMILIATION_LEFTOVER_TREATMENT_GATEWAY_DENGGAO_ONENTER,暮色中与旧友登乐游原归来，经坊间面摊。友要两碗热汤面，食毕起身，将一串铜钱搁在自家碗边，只付一碗。摊主目光随友人手中余钱移开。杜甫面前那碗面汤已凉，油花凝在碗沿，无人催促，亦无人说话。,,
EVT_DUOTAI_HUMILIATION_LEFTOVER_TREATMENT_GATEWAY_DENGGAO_OPT0_DESC,不碰碗筷，掷一文钱于案，转身没入巷中暮色。,,
EVT_DUOTAI_HUMILIATION_LEFTOVER_TREATMENT_GATEWAY_DENGGAO_OPT1_DESC,低头吃完最后一口，数出铜钱搁在桌上，起身拱手。,,
EVT_DUOTAI_HUMILIATION_LEFTOVER_TREATMENT_GATEWAY_DENGGAO_OPT2_DESC,连声道谢，掏钱时指尖微颤，称“叨扰兄台了”。,,
EVT_DUOTAI_HUMILIATION_LEFTOVER_TREATMENT_GATEWAY_FANGSHI_DESC,三文钱的润笔,,
EVT_DUOTAI_HUMILIATION_LEFTOVER_TREATMENT_GATEWAY_FANGSHI_ONENTER,西市胡商刘三娘的布庄新开张，请杜甫写了三副对联和四封家书。午后结账时，她从钱袋里摸出三文钱搁在算盘旁的木台上。“活计不错，拿去买饼吃罢。”三文钱在午后的阳光里泛着暗红的铜锈，一只绿头蝇落在其中一枚上，搓了搓前足。刘三娘转身去招呼看绸缎的客人，没有等杜甫回话。,,
EVT_DUOTAI_HUMILIATION_LEFTOVER_TREATMENT_GATEWAY_FANGSHI_OPT0_DESC,看了一眼铜钱，转身走进西市的人流。,,
EVT_DUOTAI_HUMILIATION_LEFTOVER_TREATMENT_GATEWAY_FANGSHI_OPT1_DESC,说了声多谢，用袖口拂去铜钱上的灰尘，收入怀中。,,
EVT_DUOTAI_HUMILIATION_LEFTOVER_TREATMENT_GATEWAY_FANGSHI_OPT2_DESC,拱手道谢，说承蒙娘子照顾，以后有活还望记着小的。,,
EVT_DUOTAI_HUMILIATION_LEFTOVER_TREATMENT_GATEWAY_JIAOYOU_DESC,碎银换墓志,,
EVT_DUOTAI_HUMILIATION_LEFTOVER_TREATMENT_GATEWAY_JIAOYOU_ONENTER,“有劳杜先生。”银色在烛火下暗淡，不抵文墨之费。座中宾客谈笑如常，无人注目此银。,,
EVT_DUOTAI_HUMILIATION_LEFTOVER_TREATMENT_GATEWAY_JIAOYOU_OPT0_DESC,搁笔于案，转身步入夜色。,,
EVT_DUOTAI_HUMILIATION_LEFTOVER_TREATMENT_GATEWAY_JIAOYOU_OPT1_DESC,拱手称谢，将碎银收入囊中。,,
EVT_DUOTAI_HUMILIATION_LEFTOVER_TREATMENT_GATEWAY_JIAOYOU_OPT2_DESC,躬身接过银两，笑答：“谢员外赏，愿再效劳。”,,
EVT_DUOTAI_HUMILIATION_PEER_GAP_GATEWAY_BAIYE_IDENTITY_QINGLIU_OFFICIAL_DESC,门内门外,,
EVT_DUOTAI_HUMILIATION_PEER_GAP_GATEWAY_BAIYE_IDENTITY_QINGLIU_OFFICIAL_ONENTER,“偏厅还有人等着？”门子低声答了句什么，郑某便不再言语。茶凉透时，他走出来，朝你拱拱手：“子美兄，改日再叙。”他身后跟着两个小厮，捧着食盒和锦帕。他没有停步，快步往外走，袍角带起一阵风，拂过你面前的茶碗。你站起身，门子拦住你：“老爷今日乏了，请明日再来。”,,
EVT_DUOTAI_HUMILIATION_PEER_GAP_GATEWAY_BAIYE_IDENTITY_QINGLIU_OFFICIAL_OPT0_DESC,你站起身，朝门外走去，檐角日影未移半步，头也不回。,,
EVT_DUOTAI_HUMILIATION_PEER_GAP_GATEWAY_BAIYE_IDENTITY_QINGLIU_OFFICIAL_OPT1_DESC,你拱手还礼，端起凉茶饮尽，将名帖留在桌上，缓步离去。,,
EVT_DUOTAI_HUMILIATION_PEER_GAP_GATEWAY_BAIYE_IDENTITY_QINGLIU_OFFICIAL_OPT2_DESC,你追上两步，躬身作揖：“郑兄提携则个，弟但求一饭之地。”,,
EVT_DUOTAI_HUMILIATION_PEER_GAP_GATEWAY_DUZHUO_IDENTITY_QINGLIU_OFFICIAL_DESC,酒肆偶闻故旧高中,,
EVT_DUOTAI_HUMILIATION_PEER_GAP_GATEWAY_DUZHUO_IDENTITY_QINGLIU_OFFICIAL_ONENTER,「那篇《华岳赋》写得真好，我叔父是考官，都说此人前程不可量——听说姓郑，是郑虔的侄子。」另一人接口：「是郑生啊，早年在城南同窗时，总见他在抄诗稿，比我还笨拙些，如今倒中了。」众人举杯，大笑。,,
EVT_DUOTAI_HUMILIATION_PEER_GAP_GATEWAY_DUZHUO_IDENTITY_QINGLIU_OFFICIAL_OPT0_DESC,放下酒钱，转身走入长安的夜色，不问姓名,,
EVT_DUOTAI_HUMILIATION_PEER_GAP_GATEWAY_DUZHUO_IDENTITY_QINGLIU_OFFICIAL_OPT1_DESC,低头苦笑，举碗向邻桌遥遥虚敬，又自顾斟满饮尽,,
EVT_DUOTAI_HUMILIATION_PEER_GAP_GATEWAY_DUZHUO_IDENTITY_QINGLIU_OFFICIAL_OPT2_DESC,俯身向邻桌微笑拱手，道「郑兄文章，学生曾读过几篇，着实佩服」,,
EVT_DUOTAI_HUMILIATION_TALENT_COMMODIFICATION_GATEWAY_BAIYE_IDENTITY_QINGLIU_OFFICIAL_DESC,茶凉诗契,,
EVT_DUOTAI_HUMILIATION_TALENT_COMMODIFICATION_GATEWAY_BAIYE_IDENTITY_QINGLIU_OFFICIAL_ONENTER,“郎君要见，先写一首茶诗。”案上备好纸笔，墨已研就。主人泰兴在帘后与人弈棋，棋子落声清脆。门子补一句：“老爷说了，诗写得好，这杯茶就算请你。不好——茶钱照付，人也请回。”,,
EVT_DUOTAI_HUMILIATION_TALENT_COMMODIFICATION_GATEWAY_BAIYE_IDENTITY_QINGLIU_OFFICIAL_OPT0_DESC,你站着未动，看了一眼茶碗，转身便走。,,
EVT_DUOTAI_HUMILIATION_TALENT_COMMODIFICATION_GATEWAY_BAIYE_IDENTITY_QINGLIU_OFFICIAL_OPT1_DESC,你默然坐下，提笔写一首五绝，搁笔而去。,,
EVT_DUOTAI_HUMILIATION_TALENT_COMMODIFICATION_GATEWAY_BAIYE_IDENTITY_QINGLIU_OFFICIAL_OPT2_DESC,“献丑了。”——你写了两首，问门子可需另为一首。,,
EVT_DUOTAI_HUMILIATION_TALENT_COMMODIFICATION_GATEWAY_DUZHUO_IDENTITY_QINGLIU_OFFICIAL_DESC,邻商索诗为礼,,
EVT_DUOTAI_HUMILIATION_TALENT_COMMODIFICATION_GATEWAY_DUZHUO_IDENTITY_QINGLIU_OFFICIAL_ONENTER,“听说你是诗人？我正要去户部王郎中府上拜谒，他好风雅。你替我写一首夸他清正的，这桌酒钱我结，再送你一包西域香料。”说话间将荷包往桌上一搁，眼神落向窗外，不看来人。,,
EVT_DUOTAI_HUMILIATION_TALENT_COMMODIFICATION_GATEWAY_DUZHUO_IDENTITY_QINGLIU_OFFICIAL_OPT0_DESC,放下酒钱，起身走向门口，目不斜视,,
EVT_DUOTAI_HUMILIATION_TALENT_COMMODIFICATION_GATEWAY_DUZHUO_IDENTITY_QINGLIU_OFFICIAL_OPT1_DESC,从怀中取出笔墨，略思后写诗四句，双手奉上,,
EVT_DUOTAI_HUMILIATION_TALENT_COMMODIFICATION_GATEWAY_DUZHUO_IDENTITY_QINGLIU_OFFICIAL_OPT2_DESC,放下碗，躬身道“愿效犬马之劳，多写几首也,,
EVT_DUOTAI_HUMILIATION_TALENT_COMMODIFICATION_GATEWAY_FANGSHI_IDENTITY_QINGLIU_OFFICIAL_DESC,纸铺前的交易,,
EVT_DUOTAI_HUMILIATION_TALENT_COMMODIFICATION_GATEWAY_FANGSHI_IDENTITY_QINGLIU_OFFICIAL_ONENTER,西市东街第三间纸铺，摊上堆着宣州楮纸和蜀郡麻纸。老板是个四十来岁的瘦削汉子，正用湿布擦柜台。见你路过，他抬头打量了你两眼，放下抹布，从架子上抽出一刀纸，搁在柜面上。“听说你会作诗？”他说得很随意，像在问菜价。“替我写一首夸我铺子的——笔在这，墨在这，写好了，这刀纸你拿去，不用给钱。”他说话时眼睛看着纸，没看你。,,
EVT_DUOTAI_HUMILIATION_TALENT_COMMODIFICATION_GATEWAY_FANGSHI_IDENTITY_QINGLIU_OFFICIAL_OPT0_DESC,目光越过纸和老板的脸，转身迈入人流。,,
EVT_DUOTAI_HUMILIATION_TALENT_COMMODIFICATION_GATEWAY_FANGSHI_IDENTITY_QINGLIU_OFFICIAL_OPT1_DESC,怔了半瞬，提笔蘸墨，低头写了几行。,,
EVT_DUOTAI_HUMILIATION_TALENT_COMMODIFICATION_GATEWAY_FANGSHI_IDENTITY_QINGLIU_OFFICIAL_OPT2_DESC,躬身拱手：“愿效劳——若嫌不足，还能再添三首。”,,
EVT_DUOTAI_HUMILIATION_TALENT_COMMODIFICATION_GATEWAY_JIAOYOU_IDENTITY_QINGLIU_OFFICIAL_DESC,酒宴索诗,,
EVT_DUOTAI_HUMILIATION_TALENT_COMMODIFICATION_GATEWAY_JIAOYOU_IDENTITY_QINGLIU_OFFICIAL_ONENTER,“子美兄，我家老爷子过寿，你帮写首祝寿诗吧——不用太认真，热闹喜庆就行。”他笑着松手，从袖中取出一张宣纸和一支笔，搁在你面前的桌角上。周围的谈笑声微微停顿了一瞬，又继续起来——有人瞥了一眼你身上的旧袍，转头继续敬酒。,,
EVT_DUOTAI_HUMILIATION_TALENT_COMMODIFICATION_GATEWAY_JIAOYOU_IDENTITY_QINGLIU_OFFICIAL_OPT0_DESC,你未看那人，也未碰桌上纸笔，起身离席。,,
EVT_DUOTAI_HUMILIATION_TALENT_COMMODIFICATION_GATEWAY_JIAOYOU_IDENTITY_QINGLIU_OFFICIAL_OPT1_DESC,你微点头，拿起笔，恭书祝寿绝句，双手奉上。,,
EVT_DUOTAI_HUMILIATION_TALENT_COMMODIFICATION_GATEWAY_JIAOYOU_IDENTITY_QINGLIU_OFFICIAL_OPT2_DESC,你连忙起身作揖：“求之不得，能为府上效劳是小人的荣幸。”,,
EVT_DUOTAI_HUMILIATION_WEAK_HARM_WEAK_GATEWAY_DENGGAO_IDENTITY_POOR_DESC,城楼卖字者相疑,,
EVT_DUOTAI_HUMILIATION_WEAK_HARM_WEAK_GATEWAY_DENGGAO_IDENTITY_POOR_ONENTER,杜登上城西乐游原，见一布衣人踞石栏最佳处，身前摆字画数轴。那人见杜走近，未及对视，迅速俯身收卷字画，手法急促，轴端磕在石栏上发出闷响。他抬眼瞥杜一眼，眼神警惕。风从终南山吹过来，吹得松散的画纸哗哗作响。那人不再看杜，只是低头用绳捆紧画轴。杜站在三步外，两人之间只有风声。,,
EVT_DUOTAI_HUMILIATION_WEAK_HARM_WEAK_GATEWAY_DENGGAO_IDENTITY_POOR_OPT0_DESC,掉头走开，不看那人的字画，也不看那人。,,
EVT_DUOTAI_HUMILIATION_WEAK_HARM_WEAK_GATEWAY_DENGGAO_IDENTITY_POOR_OPT1_DESC,苦笑一下，退到旁边垛口，背风而立。,,
EVT_DUOTAI_HUMILIATION_WEAK_HARM_WEAK_GATEWAY_DENGGAO_IDENTITY_POOR_OPT2_DESC,上前拱手：“兄台莫怕，某只是来吹风的。”语气卑微。,,
EVT_DUOTAI_HUMILIATION_WEAK_HARM_WEAK_GATEWAY_FANGSHI_IDENTITY_POOR_DESC,半包干粮,,
EVT_DUOTAI_HUMILIATION_WEAK_HARM_WEAK_GATEWAY_FANGSHI_IDENTITY_POOR_ONENTER,东市午后，人声鼎沸。杜甫蹲在布庄檐下系松脱的麻鞋，半包干粮搁在脚边青石上。起身时，余光瞥见一个褴褛身影弯腰掠过——那包粗麦饼已不见。巷口阴影里，乞丐正背身往嘴里塞饼，咀嚼声又急又碎。杜甫系好鞋带，站直，拍了拍膝上尘土。乞丐侧头看了一眼，立刻转回去，肩膀微微塌下。人群依旧涌动，卖炭的吆喝声盖过一切。,,
EVT_DUOTAI_HUMILIATION_WEAK_HARM_WEAK_GATEWAY_FANGSHI_IDENTITY_POOR_OPT0_DESC,你系好鞋带，目不斜视，转身没入人流。,,
EVT_DUOTAI_HUMILIATION_WEAK_HARM_WEAK_GATEWAY_FANGSHI_IDENTITY_POOR_OPT1_DESC,你苦笑一声，紧了紧空瘪的干粮袋，迈步离开。,,
EVT_DUOTAI_HUMILIATION_WEAK_HARM_WEAK_GATEWAY_FANGSHI_IDENTITY_POOR_OPT2_DESC,你走到巷口，低声道：“那位兄台，明日此时，小的还来此处。”,,
EVT_EVENT_DISEASE_BRIDGE_FENGHAN_DESC,你撑了很久。咳嗽、头痛、发冷——你都忍了。但今天早上你连坐都坐不起来了。铜盆里的水映出一张灰败的脸。你终于承认：这次是真的病了。,,
EVT_EVENT_DISEASE_BRIDGE_FENGHAN_OPT0_DESC,请大夫来诊脉,,
EVT_EVENT_DISEASE_BRIDGE_FENGHAN_OPT1_DESC,再扛一扛，或许能过去,,
EVT_EVENT_DISEASE_BRIDGE_FENGHAN_TITLE,病来如山倒,,
EVT_EVENT_DISEASE_BRIDGE_SHIYI_DESC,你已经很久没有笑过了。久到记不清上次开怀是什么时候。胸口像压着一块石头，每个呼吸都沉甸甸的。朋友们说你想开些，可他们不知道——你连「想开」的力气都没有了。,,
EVT_EVENT_DISEASE_BRIDGE_SHIYI_OPT0_DESC,去看大夫，如实相告,,
EVT_EVENT_DISEASE_BRIDGE_SHIYI_OPT1_DESC,独自扛着，对外只说不碍事,,
EVT_EVENT_DISEASE_BRIDGE_SHIYI_TITLE,心疾成结,,
EVT_EVENT_DISEASE_DONGSHANG_DIAGNOSIS_DESC,风雪已追了你三日。第一天你还能攥紧缰绳——第二天缰绳从你手里滑脱了三次——今天你连马鞭都握不住了。\n\n你低头看自己的手：十根手指肿得像十根红萝卜，指节处的皮肤绷得发亮，隐隐透着紫黑色。你试着弯曲食指——咔。不是关节的响声，是皮肉里冰碴碎裂的声音。指尖已经完全没了知觉，像十颗不属于你的石头挂在手掌上。\n\n这不是普通的冻疮。这冻到骨头里去了。,,
EVT_EVENT_DISEASE_DONGSHANG_DIAGNOSIS_OPT0_DESC,寻医问药,,
EVT_EVENT_DISEASE_DONGSHANG_DIAGNOSIS_OPT1_DESC,置之不理,,
EVT_EVENT_DISEASE_DONGSHANG_DIAGNOSIS_TITLE,指不得屈,,
EVT_EVENT_DISEASE_DONGSHANG_NECROSIS_ONSET_DESC,第七天了。你醒来的时候发现右手食指的指甲盖整个翻了起来——不是磕碰的，是冻死的。指甲底下的肉变成了黑色。不是紫黑，是焦黑，像烧过的木柴那种黑。你碰了碰，不疼。不疼才可怕。\n\n你把手指举到眼前。指尖那截已经分辨不出原来的肤色，皮肉像腊肉一样硬，关节完全锁死。你知道那根手指已经死了。它挂在你的手上，但已经不是你的了。再过几天——也许是明天——它会从指节上脱落，留下一截白森森的骨头。这就是冻疮走到尽头的样子。\n\n你看着自己的手。十根手指。还剩九根是活的。,,
EVT_EVENT_DISEASE_DONGSHANG_NECROSIS_ONSET_OPT0_DESC,割去坏死指头,,
EVT_EVENT_DISEASE_DONGSHANG_NECROSIS_ONSET_OPT1_DESC,裹以破布,,
EVT_EVENT_DISEASE_DONGSHANG_NECROSIS_ONSET_TITLE,指骨坏死,,
EVT_EVENT_DISEASE_FEILAO_FEVER_DESC,午后你正在窗前翻书，忽然一股热浪从胸口涌起，双颊烧得发烫。你拿手背贴了贴脸——烫得吓人，掌心却凉得像冰块。窗外的日光暖融融的，你却觉得那光刺得人头晕。,,
EVT_EVENT_DISEASE_FEILAO_FEVER_OPT0_DESC,用凉水拍面降温,,
EVT_EVENT_DISEASE_FEILAO_FEVER_OPT1_DESC,卧床歇息，闭目养神,,
EVT_EVENT_DISEASE_FEILAO_FEVER_TITLE,潮热,,
EVT_EVENT_DISEASE_FEILAO_HEMOPTYSIS_DESC,晨起梳洗时，铜帕上赫然一摊血色。你怔怔地看着那片殷红，手指不自觉地攥紧了巾帕。\n\n秋风在窗外打着旋儿，你的命难道也要像这落叶一样了么？,,
EVT_EVENT_DISEASE_FEILAO_HEMOPTYSIS_OPT0_DESC,唤郎中来,,
EVT_EVENT_DISEASE_FEILAO_HEMOPTYSIS_OPT1_DESC,独自咽下这口气,,
EVT_EVENT_DISEASE_FEILAO_HEMOPTYSIS_TITLE,咳血,,
EVT_EVENT_DISEASE_FEILAO_NIGHT_SWEATS_DESC,夜半时分你猛地惊醒，后背湿漉漉的，亵衣粘在皮肤上黏腻不堪。月光透过窗纸洒进来，照见你枯瘦的手臂。你摸了摸额头——一手的冷汗。,,
EVT_EVENT_DISEASE_FEILAO_NIGHT_SWEATS_OPT0_DESC,摸黑换一件干衣,,
EVT_EVENT_DISEASE_FEILAO_NIGHT_SWEATS_OPT1_DESC,不理会，翻身继续躺着,,
EVT_EVENT_DISEASE_FEILAO_NIGHT_SWEATS_TITLE,盗汗,,
EVT_EVENT_DISEASE_FEILAO_WASTING_DESC,你路过铜镜时瞥了一眼，愣住了。镜中那人颧骨高耸，眼窝深陷，衣袍空荡荡地挂在身上。你记得自己曾经不是这样的——曾经的面如冠玉呢？曾经的意气风发呢？,,
EVT_EVENT_DISEASE_FEILAO_WASTING_OPT0_DESC,称二两肉来补补,,
EVT_EVENT_DISEASE_FEILAO_WASTING_OPT1_DESC,镜前呆立良久，黯然离去,,
EVT_EVENT_DISEASE_FEILAO_WASTING_TITLE,消瘦,,
EVT_EVENT_DISEASE_FENGHAN_BEDRIDDEN_DESC,你挣扎了几次都没能从榻上坐起来。四肢像灌了铅，额头烫得能煎蛋。门外有人叩门——是昨日约好同游的友人。你张了张嘴，声音哑得像破锣。,,
EVT_EVENT_DISEASE_FENGHAN_BEDRIDDEN_OPT0_DESC,让友人进来，强撑着说说话,,
EVT_EVENT_DISEASE_FENGHAN_BEDRIDDEN_OPT1_DESC,托人传话：今日抱恙，改日再约,,
EVT_EVENT_DISEASE_FENGHAN_BEDRIDDEN_TITLE,卧床,,
EVT_EVENT_DISEASE_FENGHAN_CHILLS_DESC,一阵寒风透过窗棂钻进被衾，你蜷缩成一团，牙齿磕得咯咯响。炭盆里的火苗明明灭灭，暖不了你半分。连骨缝里都在往外冒着凉气。,,
EVT_EVENT_DISEASE_FENGHAN_CHILLS_OPT0_DESC,再加一床被褥,,
EVT_EVENT_DISEASE_FENGHAN_CHILLS_OPT1_DESC,硬撑着起身煮姜汤,,
EVT_EVENT_DISEASE_FENGHAN_CHILLS_TITLE,寒战,,
EVT_EVENT_DISEASE_FENGHAN_COUGH_DESC,一阵剧烈的咳嗽把你从案牍前拉起来。你弯腰扶住桌角，半天缓不过气。窗纸被吹得啪啪响，你的手抖得握不住笔。,,
EVT_EVENT_DISEASE_FENGHAN_COUGH_OPT0_DESC,强撑着写诗,,
EVT_EVENT_DISEASE_FENGHAN_COUGH_OPT1_DESC,歇一歇，喝口热汤,,
EVT_EVENT_DISEASE_FENGHAN_COUGH_TITLE,寒咳,,
EVT_EVENT_DISEASE_FENGHAN_DIAGNOSIS_DESC,长安的秋风裹着一层潮气钻进衣领。你缩了缩脖子，喉咙里泛起一阵腥甜。\n\n第二天醒来，头重如裹，四肢百骸像被人拆开又胡乱拼了回去。铜盆里的水映出一张泛着不正常潮红的脸——这大概就是「病」了。,,
EVT_EVENT_DISEASE_FENGHAN_DIAGNOSIS_OPT0_DESC,硬撑着去拜谒,,
EVT_EVENT_DISEASE_FENGHAN_DIAGNOSIS_OPT1_DESC,告假一日，闭门养病,,
EVT_EVENT_DISEASE_FENGHAN_DIAGNOSIS_OPT2_DESC,裹紧被褥，闭目不语,,
EVT_EVENT_DISEASE_FENGHAN_DIAGNOSIS_TITLE,风寒入体,,
EVT_EVENT_DISEASE_FENGHAN_HEADACHE_DESC,额角像有人拿凿子在一下一下地敲。睁开眼，日光刺得你立刻又闭上。半边脸都是木的，连咀嚼都成了一种折磨。,,
EVT_EVENT_DISEASE_FENGHAN_HEADACHE_OPT0_DESC,用热毛巾敷额,,
EVT_EVENT_DISEASE_FENGHAN_HEADACHE_OPT1_DESC,吞两片止痛的草药,,
EVT_EVENT_DISEASE_FENGHAN_HEADACHE_TITLE,头风,,
EVT_EVENT_DISEASE_SHIYI_ANOREXIA_DESC,桌上摆着你平日最爱吃的几碟小菜——莼菜羹、鲈鱼脍、桂花糕。你夹了一筷子，在嘴里嚼了嚼——咽不下去。没有味道。什么都没有味道。你放下筷子，叹了口气。,,
EVT_EVENT_DISEASE_SHIYI_ANOREXIA_OPT0_DESC,逼自己吃几口,,
EVT_EVENT_DISEASE_SHIYI_ANOREXIA_OPT1_DESC,推盘而起，不吃了,,
EVT_EVENT_DISEASE_SHIYI_ANOREXIA_TITLE,厌食,,
EVT_EVENT_DISEASE_SHIYI_DIAGNOSIS_DESC,你又落榜了。\n\n巷口的酒旗簌簌地响，你坐在榻上，手里攥着那张写满朱批的试卷，眼睛里干涩得挤不出一滴泪。窗外的喧哗声像是隔了一层水——你听得到，但什么也听不进去。,,
EVT_EVENT_DISEASE_SHIYI_DIAGNOSIS_OPT0_DESC,借酒浇愁,,
EVT_EVENT_DISEASE_SHIYI_DIAGNOSIS_OPT1_DESC,沉默不语，呆坐终日,,
EVT_EVENT_DISEASE_SHIYI_DIAGNOSIS_OPT2_DESC,长叹一声，阖上双眼,,
EVT_EVENT_DISEASE_SHIYI_DIAGNOSIS_TITLE,壮志难酬,,
EVT_EVENT_DISEASE_SHIYI_INSOMNIA_DESC,你翻了个身，又翻了个身。床板硬得像棺材板，窗外的月光亮得刺眼。更鼓敲了三更——四更——五更了。天边泛起鱼肚白时，你依然睁着眼睛。又是一夜未眠。,,
EVT_EVENT_DISEASE_SHIYI_INSOMNIA_OPT0_DESC,索性起来写诗,,
EVT_EVENT_DISEASE_SHIYI_INSOMNIA_OPT1_DESC,闭眼假寐，等天亮,,
EVT_EVENT_DISEASE_SHIYI_INSOMNIA_TITLE,不寐,,
EVT_EVENT_DISEASE_SHIYI_SELF_NEGLECT_DESC,砚台里的墨早就干透了，笔尖的毛都炸开了。案头的诗集落了厚厚一层灰，你甚至懒得吹一吹。你知道应该写点什么——你是个诗人啊——但你盯着白纸，脑子里一片空白。什么都不想做。什么都不在乎。,,
EVT_EVENT_DISEASE_SHIYI_SELF_NEGLECT_OPT0_DESC,强打精神研墨写诗,,
EVT_EVENT_DISEASE_SHIYI_SELF_NEGLECT_OPT1_DESC,继续躺着，什么都不做,,
EVT_EVENT_DISEASE_SHIYI_SELF_NEGLECT_TITLE,自弃,,
EVT_EVENT_DISEASE_SHIYI_WITHDRAW_DESC,你推掉了所有邀约。门外的请柬堆了一摞，你连拆都懒得拆。\n\n谁也不想见。什么也不想做。诗也不想写。,,
EVT_EVENT_DISEASE_SHIYI_WITHDRAW_OPT0_DESC,勉强赴约,,
EVT_EVENT_DISEASE_SHIYI_WITHDRAW_OPT1_DESC,就让我静静吧,,
EVT_EVENT_DISEASE_SHIYI_WITHDRAW_TITLE,闭门不出,,
EVT_EVENT_DISEASE_ZHANWANG_CRAZY_DESC,你在市集中大笑不止，指着县衙的方向高声吟诵：\n\n「君不见——黄河之水天上来，奔流到海不复回！」\n\n路人侧目，孩童跟着起哄。你浑然不觉，只觉得胸中有一团火在烧，烧得你必须说些什么、喊些什么。,,
EVT_EVENT_DISEASE_ZHANWANG_CRAZY_OPT0_DESC,继续高歌，不管不顾,,
EVT_EVENT_DISEASE_ZHANWANG_CRAZY_OPT1_DESC,被友人拖回家中,,
EVT_EVENT_DISEASE_ZHANWANG_CRAZY_OPT2_DESC,任由胸中那团火烧着，不再挣扎,,
EVT_EVENT_DISEASE_ZHANWANG_CRAZY_TITLE,狂言,,
EVT_EVENT_DISEASE_ZHANWANG_HALLUCINATION_DESC,你对着空无一人的角落说话。那里站着一个人——不，是一个影子——不，是一个你认识的人。他/她对你微笑，伸手递来一杯酒。你接过并不存在的酒杯，一饮而尽。旁人看你对着空气碰杯，纷纷摇头走开。,,
EVT_EVENT_DISEASE_ZHANWANG_HALLUCINATION_OPT0_DESC,与幻影对谈，自得其乐,,
EVT_EVENT_DISEASE_ZHANWANG_HALLUCINATION_OPT1_DESC,猛然清醒，惊出一身冷汗,,
EVT_EVENT_DISEASE_ZHANWANG_HALLUCINATION_TITLE,谵语,,
EVT_EVENT_DISEASE_ZHANWANG_OUTBURST_DESC,你忽然推开窗户，对着街巷放声吟诵近日新作。路上行人驻足，有人击节叫好，有人皱眉摇头。\n\n你不在乎。你的诗句就是你的世界。,,
EVT_EVENT_DISEASE_ZHANWANG_OUTBURST_OPT0_DESC,邀路人共饮,,
EVT_EVENT_DISEASE_ZHANWANG_OUTBURST_OPT1_DESC,拂袖而去，继续写诗,,
EVT_EVENT_DISEASE_ZHANWANG_OUTBURST_TITLE,当街吟诗,,
EVT_EVENT_DISEASE_ZHANWANG_RAGE_DESC,你瞪着案上的端砚，越看越觉得它在嘲弄你。忽然一股无名火窜上心头，你抓起砚台狠狠砸向地面——砰！墨汁四溅，在墙上炸开一朵黑色的花。还不够。你又掀翻了书案，纸笔散落一地。,,
EVT_EVENT_DISEASE_ZHANWANG_RAGE_OPT0_DESC,砸完之后大口喘气，渐渐冷静,,
EVT_EVENT_DISEASE_ZHANWANG_RAGE_OPT1_DESC,愈发兴奋，想要更多宣泄,,
EVT_EVENT_DISEASE_ZHANWANG_RAGE_TITLE,毁物,,
EVT_EVENT_DISEASE_ZHANWANG_STRIPPING_DESC,你嫌冠帽束得太紧，一把扯下来扔在地上。接着又甩掉外袍，披散着头发就往外走。街上的人投来异样的目光，你毫不在意。脚上的鞋绊脚，你索性也踢掉了。赤足踩在青石板上的触感让你觉得前所未有的畅快。,,
EVT_EVENT_DISEASE_ZHANWANG_STRIPPING_OPT0_DESC,在市井中放歌而行,,
EVT_EVENT_DISEASE_ZHANWANG_STRIPPING_OPT1_DESC,被巡街的差役拦下盘问,,
EVT_EVENT_DISEASE_ZHANWANG_STRIPPING_TITLE,散发,,
EVT_FEIHUALING_CHOOSE_WORD_DESC,你要吟咏什么主题？,,
EVT_FEIHUALING_CHOOSE_WORD_TITLE,选择意象,,
EVT_FEIHUALING_OPTION_TITLE,参加飞花令,,
EVT_FEIHUALING_OTHER_DONE_DESC,你选择了以「{@keyword}」为题吟咏。[br][br]{@imaginary_desc}[br][br]{@npc_report},,
EVT_FEIHUALING_OTHER_DONE_IMAGINARY_DESC,妙语连珠,,
EVT_FEIHUALING_OTHER_DONE_IMAGINARY_TITLE,妙语连珠,,
EVT_FEIHUALING_OTHER_DONE_INSPIRATION_DESC,灵感硬接,,
EVT_FEIHUALING_OTHER_DONE_INSPIRATION_TITLE,灵感硬接,,
EVT_FEIHUALING_OTHER_DONE_PENALTY_DESC,自罚三杯,,
EVT_FEIHUALING_OTHER_DONE_PENALTY_TITLE,自罚三杯,,
EVT_FEIHUALING_OTHER_DONE_TITLE,飞花令,,
EVT_FEIHUALING_START_BEGIN_TITLE,来就来！,,
EVT_FEIHUALING_START_CANCEL_TITLE,算了,,
EVT_FEIHUALING_START_DESC,宴席上有人提议玩飞花令，是否参与？,,
EVT_FEIHUALING_START_TITLE,飞花令,,
EVT_GANLU_JOURNEY_SCENE_ABANDONED_BABY_DESC,风雪中，道旁雪堆有一处隆起，颜色异于周遭——泛着青灰。他蹲下，手扒开覆雪，指节触到冰硬的织物。雪粒簌簌落下，露出蜷缩的脚趾，比指甲盖还小，皮肤已是冻透的青紫色。婴儿侧卧，姿态如睡，雪落在眼睑上，不化。风声灌耳，除此之外，再无声息。他蹲在原地，手指停在半空，新雪渐渐覆上他刚扒开的坑沿。,,
EVT_GANLU_JOURNEY_SCENE_ABANDONED_BABY_OPT0_DESC,脱下半臂，裹起婴孩，继续前行,,
EVT_GANLU_JOURNEY_SCENE_ABANDONED_BABY_OPT1_DESC,将雪重新拢上，起身赶路,,
EVT_GANLU_JOURNEY_SCENE_ABANDONED_BABY_TITLE,雪中婴骸,,
EVT_GANLU_JOURNEY_SCENE_ANLUSHAN_SHADOW_IDENTITY_DESERTER_DESC,三个汉子从路旁枯柳后转出，口音夹着胡音，像融雪渗进冻土。其中一人瞥了杜甫的绿袍一眼，伸手从他怀里掏出干粮袋，动作如同从自家灶台取物；另一人嘟囔了句“这天还得走两日”，第三人不言语，只把袋口扎紧往怀里一塞。三人擦肩过去，雪地上留下踩实的脚印和一只空瘪的布囊。,,
EVT_GANLU_JOURNEY_SCENE_ANLUSHAN_SHADOW_IDENTITY_DESERTER_OPT0_DESC,杜甫上前一步，低声道：“立住。”手按向腰间官凭。,,
EVT_GANLU_JOURNEY_SCENE_ANLUSHAN_SHADOW_IDENTITY_DESERTER_OPT1_DESC,杜甫嘴皮动了动，看着空囊慢慢蹲下，把结冰的褡裢抖了抖。,,
EVT_GANLU_JOURNEY_SCENE_ANLUSHAN_SHADOW_IDENTITY_DESERTER_TITLE,范阳客取粮,,
EVT_GANLU_JOURNEY_SCENE_BLACK_INN_IDENTITY_VENDOR_DESC,“一斗一百二十文。”杜甫袖中手指将铜板数了三遍——全数掏出，不够。他站着没动，墙缝里的雪沫飘进来，落在颈窝里化成水。店家往火里添了根柴：“过了这村，下个店更贵。”袖中铜板硌着指节。,,
EVT_GANLU_JOURNEY_SCENE_BLACK_INN_IDENTITY_VENDOR_OPT0_DESC,将官凭压在麦袋上，说“赊账”,,
EVT_GANLU_JOURNEY_SCENE_BLACK_INN_IDENTITY_VENDOR_OPT1_DESC,将铜板复数回袖中，转身出门,,
EVT_GANLU_JOURNEY_SCENE_BLACK_INN_IDENTITY_VENDOR_TITLE,三斗麦子,,
EVT_GANLU_JOURNEY_SCENE_FROZEN_RIVER_DESC,啪嗒。一声，两声。风声把所有声音撕成碎片，但腰带拍打冰面的声音在碎片中钻出来——啪——啪——啪——。杜甫的手垂在身侧，五指青紫，指甲缝里渗出的血在皮肤表面结成细线。他试着将食指弯向掌心，关节发出干燥的咔嚓声，指腹在官服布料上滑过三次，留下三道发白的印痕。第四次，指甲勾住一根丝线——又滑脱。风灌进敞开的衣摆，布料贴住湿透的腿，整个身体像一面被敲击的鼓，震颤从骨头传到冻僵的指尖，再从指尖扩散成虚无。,,
EVT_GANLU_JOURNEY_SCENE_FROZEN_RIVER_OPT0_DESC,抓住腰带末端，迎着风用牙齿咬,,
EVT_GANLU_JOURNEY_SCENE_FROZEN_RIVER_OPT1_DESC,把手缩回袖中，任腰带在风中乱拍,,
EVT_GANLU_JOURNEY_SCENE_FROZEN_RIVER_TITLE,腰带如活鱼,,
EVT_GANLU_JOURNEY_SCENE_GREEN_ROBE_DESC,下摆先湿透，从腰际往下，青色缓缓浸成墨绿。冰晶在纤维间长出，先是一层薄霜，再是细针，把经纬撑开，裂出细响。裤子膝盖处板结成壳，每迈一步，面料摺叠处发出纸张揉碎般的声音。他低头看了一眼——前襟也硬了，贴在胸口，呼吸时扯不动。,,
EVT_GANLU_JOURNEY_SCENE_GREEN_ROBE_OPT0_DESC,解下官凭举到驿丞眼前，挡住他打算回话,,
EVT_GANLU_JOURNEY_SCENE_GREEN_ROBE_OPT1_DESC,攥紧领口，转身把官凭收进袖中,,
EVT_GANLU_JOURNEY_SCENE_GREEN_ROBE_TITLE,绿袍结冰,,
EVT_GANLU_JOURNEY_SCENE_MAD_SONG_DESC,破庙檐下，杜甫摸出最后三文钱换得半碗浊酒。酒入喉时没有暖意——只有一道灼烧感从喉咙一路撕到胃，像吞了一根烧红的铁钉。他走出庙门，酒碗摔碎在石阶上，冰块从衣袍褶皱间簌簌掉落。他仰头，不是看天——是让风雪灌进领口。双臂张开，关节咔咔作响。他开始笑。不是疯子的笑——是沙哑的、断断续续的、像破风箱漏气的笑声，一声一声被风撕碎又拼起来。膝盖不再弯曲，腰背第一次挺直。他唱的是当年在齐赵间漫游时学的野调，词不全了，但调子还在。,,
EVT_GANLU_JOURNEY_SCENE_MAD_SONG_OPT0_DESC,将酒碗碎片踢进风里，仰头长笑,,
EVT_GANLU_JOURNEY_SCENE_MAD_SONG_OPT1_DESC,默默放下酒碗，转身缩回门槛后,,
EVT_GANLU_JOURNEY_SCENE_MAD_SONG_TITLE,浊酒祭风,,
EVT_GANLU_JOURNEY_SCENE_POST_STATION_IDENTITY_MENZI_DESC,“满员了。”声音不高不低，像在念公文。门随即合上，门缝里最后一缕暖光被掐断。背后风雪更紧了。,,
EVT_GANLU_JOURNEY_SCENE_POST_STATION_IDENTITY_MENZI_OPT0_DESC,从怀里掏出官凭，隔着门缝递进去,,
EVT_GANLU_JOURNEY_SCENE_POST_STATION_IDENTITY_MENZI_OPT1_DESC,转身靠墙，把冻僵的手揣进袖筒,,
EVT_GANLU_JOURNEY_SCENE_POST_STATION_IDENTITY_MENZI_TITLE,驿门外的暖色,,
EVT_GANLU_JOURNEY_SCENE_REFUGEE_IDENTITY_POOR_DESC,官道积雪未化，冻土裂出细纹。远处一个模糊轮廓蹲在道旁，背对风来的方向，膝盖上摊着半块干饼。马队蹄声先于影子抵达——碎冰从冻土上炸开，六匹快马并排碾过，颈下红绸被风扯成直线。那个轮廓侧翻进深沟，干饼落在路面上被蹄铁踏成粉末。骑手过完最后一匹时，沟底没有声音。风重新把雪末吹上路面，盖住饼屑。,,
EVT_GANLU_JOURNEY_SCENE_REFUGEE_IDENTITY_POOR_OPT0_DESC,上前两步，朝沟底喊了句“喂——”,,
EVT_GANLU_JOURNEY_SCENE_REFUGEE_IDENTITY_POOR_OPT1_DESC,站在原地，等风吹完才继续走。,,
EVT_GANLU_JOURNEY_SCENE_REFUGEE_IDENTITY_POOR_TITLE,冰辙压雪,,
EVT_JIAOYOU_POEM_PUBLIC_TITLE,交游呈现诗词公开,,
EVT_KUANGKE_QINGLIU_LIBAI_EMOTION_ARROGANCE_IDENTITY_QINGLIU_OWNER_DESC,黄昏时分，李白蹲在下杜城陋室的矮墙头上，像只鹞子。他从怀里掏出一卷纸扔下来，墨迹张牙舞爪，像是写的时候笔跟纸有仇。「前两天写的，第三联总觉得不够劲。」纸卷散开在泥地上，黄昏的光把那些潦草的字迹压得很低。屋里没有点灯。,,
EVT_KUANGKE_QINGLIU_LIBAI_EMOTION_ARROGANCE_IDENTITY_QINGLIU_OWNER_OPT0_DESC,你捡起纸，啐口唾沫在砚台上，提笔改掉他第三联的韵脚。,,
EVT_KUANGKE_QINGLIU_LIBAI_EMOTION_ARROGANCE_IDENTITY_QINGLIU_OWNER_TITLE,纸与仇,,
EVT_KUANGKE_QINGLIU_LIBAI_EMOTION_TRANQUILITY_IDENTITY_QINGLIU_OWNER_DESC,“你猜我在看什么？”没等你回答，他自己接下去：“什么都没看。就是躺着。”然后他往旁边挪了挪，让出一块干裂的黄土。土台边沿的野草被晒得卷了边，远处的蝉鸣像一根绷紧的弦。,,
EVT_KUANGKE_QINGLIU_LIBAI_EMOTION_TRANQUILITY_IDENTITY_QINGLIU_OWNER_OPT0_DESC,你爬上土台，在李白身旁躺下，也闭上眼。,,
EVT_KUANGKE_QINGLIU_LIBAI_EMOTION_TRANQUILITY_IDENTITY_QINGLIU_OWNER_TITLE,土台上的白昼星辰,,
EVT_KUANGKE_QINGLIU_WANGWEI_EMOTION_SORROW_IDENTITY_ZHUOLIU_OFFICIAL_DESC,「裴迪说河西入冬了。」手里那张信纸的边角，被他拇指捏得微微发白。他侧身，把信搁在画案空白的宣纸上。,,
EVT_KUANGKE_QINGLIU_WANGWEI_EMOTION_SORROW_IDENTITY_ZHUOLIU_OFFICIAL_OPT0_DESC,你拿起案上那支干透了的笔，在信纸旁的空宣纸上补了几笔枯枝。,,
EVT_KUANGKE_QINGLIU_WANGWEI_EMOTION_SORROW_IDENTITY_ZHUOLIU_OFFICIAL_TITLE,回廊上，信纸起毛边了,,
EVT_KUANGKE_QINGLIU_WANGWEI_EMOTION_TRANQUILITY_IDENTITY_ZHUOLIU_OFFICIAL_DESC,“坐下吧，山色刚好。”面前的蒲团像是特意为你备下的，矮几上的茶还冒着热气。你未接话，只是走过去，将方才山道上拾得的一片红叶轻轻放在琴尾，正压住那根还在微微颤动的弦。,,
EVT_KUANGKE_QINGLIU_WANGWEI_EMOTION_TRANQUILITY_IDENTITY_ZHUOLIU_OFFICIAL_OPT0_DESC,将红叶轻搁王维琴尾，压住未落的弦音。,,
EVT_KUANGKE_QINGLIU_WANGWEI_EMOTION_TRANQUILITY_IDENTITY_ZHUOLIU_OFFICIAL_TITLE,山色刚好时,,
EVT_KUANGKE_QINGLIU_ZHENGQIAN_EMOTION_ANGER_IDENTITY_QINGLIU_OFFICIAL_DESC,广文馆后院，郑虔把一摞学生默写的诗卷摔在井台上，井绳晃了两晃。碎纸从捆扎处崩开，散了一地。「错别字比对的还多——有个学生把『烽火』写成了『峰火』，我怎么教的？」他用拇指和中指掐着鼻梁，掌根压住眼睛，把一卷皱巴巴的纸往你怀里塞，「你看看，你自己看。」纸上的墨迹洇了水，字都鼓着毛边。郑虔的手腕在抖。,,
EVT_KUANGKE_QINGLIU_ZHENGQIAN_EMOTION_ANGER_IDENTITY_QINGLIU_OFFICIAL_OPT0_DESC,你接过纸卷看也不看，一脚把井台上的碎砚台踢进井里：「听个响。」,,
EVT_KUANGKE_QINGLIU_ZHENGQIAN_EMOTION_ANGER_IDENTITY_QINGLIU_OFFICIAL_TITLE,井台上的愤懑,,
EVT_KUANGKE_QINGLIU_ZHENGQIAN_EMOTION_SORROW_IDENTITY_QINGLIU_OFFICIAL_DESC,「以前觉得教书是天下最好的事，可以教人识字，教人读诗。现在觉得，教他们识字干什么呢？识了字也还是穷。」火盆里的纸灰薄薄地积了一层，他不再往里添纸，就那么坐着。,,
EVT_KUANGKE_QINGLIU_ZHENGQIAN_EMOTION_SORROW_IDENTITY_QINGLIU_OFFICIAL_OPT0_DESC,杜甫什么也不说，把脚边还没烧的废卷纸一张张递给郑虔。火又续上了。,,
EVT_KUANGKE_QINGLIU_ZHENGQIAN_EMOTION_SORROW_IDENTITY_QINGLIU_OFFICIAL_TITLE,纸灰落定,,
EVT_KUANGKE_ZHUOLIU_BLEEDING_SMILE_DESC,腊月的雪积在李相府的石阶上。你站了一个时辰，鞋底已经和冰面粘在一起。门开时，出来的是周七——上次雅集上你当众说他那首咏梅诗是“隔夜茶渣，无味”。他站在阶上，比你高三级。身后的暖阁里，酒令声和笑声从棉帘缝隙漏出来。“杜先生又来递诗了？”他不让道，袖口拢着手炉，语气里有种微妙的满足感，“上回不是说不写干谒诗了吗？”他看着你肩头的积雪，等一个回答。暖阁里有人喊了一声，叫他把门带上——别让风进来。,,
EVT_KUANGKE_ZHUOLIU_BLEEDING_SMILE_OPT0_DESC,双膝落在阶石上，从袖中取出诗卷双手呈上。,,
EVT_KUANGKE_ZHUOLIU_BLEEDING_SMILE_OPT1_DESC,从怀中取出另一封名帖——不是给李相的，是给这位清客的。,,
EVT_KUANGKE_ZHUOLIU_BLEEDING_SMILE_OPT2_DESC,转身，背对暖阁的灯火，踏着来时的脚印走回雪里。,,
EVT_KUANGKE_ZHUOLIU_BLEEDING_SMILE_TITLE,雪阶,,
EVT_KUANGKE_ZHUOLIU_MALICIOUS_MISINTERPRETATION_DESC,“野老墙低还似旧。”他停下来，看着你对旁边的人笑了一声：“这墙低，说的是谁家的墙？”旁边的人没答话。他把竹筒搁回案上，手指在“墙低”二字上敲了三下。站在你身后的随从把门帘放了下来。,,
EVT_KUANGKE_ZHUOLIU_MALICIOUS_MISINTERPRETATION_OPT0_DESC,他双膝触地，额头压上那卷诗的竹筒边缘。,,
EVT_KUANGKE_ZHUOLIU_MALICIOUS_MISINTERPRETATION_OPT1_DESC,他从袖中摸出半块玉佩，推过桌面，停在酒壶与诗卷之间。,,
EVT_KUANGKE_ZHUOLIU_MALICIOUS_MISINTERPRETATION_OPT2_DESC,他伸手取过那壶没人斟的酒，自己斟满，一饮而尽。,,
EVT_KUANGKE_ZHUOLIU_MALICIOUS_MISINTERPRETATION_TITLE,浊流设宴，诗成铁证,,
EVT_KUANGKE_ZHUOLIU_PERSONA_HOSTAGE_DESC,信在手上停了很久——不是内容多难读，而是信末那句附言印进指甲缝里。灰衣仆从站在三步外，不等回话，只是看。他的眼珠跟着你折信纸的指节从左移到右。巷口有马匹打喷嚏的声音。你把信叠回原样的时候，纸边割进食指第二个关节，没流血。,,
EVT_KUANGKE_ZHUOLIU_PERSONA_HOSTAGE_OPT0_DESC,将信收入怀中，对仆从点头应允，随其前往。,,
EVT_KUANGKE_ZHUOLIU_PERSONA_HOSTAGE_OPT1_DESC,取出二十文钱塞给仆从，附耳探问座中宾客名姓。,,
EVT_KUANGKE_ZHUOLIU_PERSONA_HOSTAGE_OPT2_DESC,将信撕作两片，掷还仆从，转身入巷。,,
EVT_KUANGKE_ZHUOLIU_PERSONA_HOSTAGE_TITLE,赏花帖,,
EVT_KUANGKE_ZHUOLIU_PRIDE_RANSOM_DESC,牢房外的过道里，一张瘸腿木桌横在日光和阴影的分界线上。书吏坐在阴影里写字，你站在日光下等。他翻到你的名籍时笔停了——“杜子美？”食指在册页上点住那个名字，抬头看你一眼。眼角先皱，嘴角后牵。他把保释条子从桌面上推过来，那页纸在瘸腿桌的倾斜里自己滑到你手边。“八贯。”拇指在金额上捻了捻，像在搓一张当票的边角。“上面说了，要是你再当堂骂一句，就十二贯。要是写进诗里，再加两贯。”他说这些话时笔已经回到纸上写下一行了，声音压得平平的，像跟一只被栓住的狗报食价。,,
EVT_KUANGKE_ZHUOLIU_PRIDE_RANSOM_OPT0_DESC,双膝落上石砖，额头触及桌脚阴影。,,
EVT_KUANGKE_ZHUOLIU_PRIDE_RANSOM_OPT1_DESC,从袖中摸出名帖推过桌面，帖上夹着一张坊州故吏的便条。,,
EVT_KUANGKE_ZHUOLIU_PRIDE_RANSOM_OPT2_DESC,把保释条子撕成四片搁回桌面，转身往牢房里走。,,
EVT_KUANGKE_ZHUOLIU_PRIDE_RANSOM_TITLE,保释金,,
EVT_KUANGKE_ZHUOLIU_TOXIC_PATRON_DESC,“吴道子真迹。主上说，先生是长安城里少数不用钱能砸动的人。”他顿了顿，“所以不用钱——用画。先生点评两句，就带走。”茶盏在他右手边冒着热气，你的那盏搁在茶几左侧，隔着一张空椅子。,,
EVT_KUANGKE_ZHUOLIU_TOXIC_PATRON_OPT0_DESC,端起茶盏，说出他想听的那两句评语。,,
EVT_KUANGKE_ZHUOLIU_TOXIC_PATRON_OPT1_DESC,先从画轴落款处辨认藏家来历，再开口询价。,,
EVT_KUANGKE_ZHUOLIU_TOXIC_PATRON_OPT2_DESC,看也不看那幅画，起身朝门外走去。,,
EVT_KUANGKE_ZHUOLIU_TOXIC_PATRON_TITLE,画为饵,,
EVT_KUANGKE_ZHUOLIU_ZOO_ANIMAL_DESC,那几位半醉的官员把目光投过来，不凶狠，只是好奇——像看一只据说会说话的鹦鹉。他说完那句关于崔九爷润笔的事，给自己斟了一杯酒，没给你斟。一桌人等着你接话。,,
EVT_KUANGKE_ZHUOLIU_ZOO_ANIMAL_OPT0_DESC,跨过门槛，拿起酒壶，给桌上每一只空杯斟满。,,
EVT_KUANGKE_ZHUOLIU_ZOO_ANIMAL_OPT1_DESC,从袖中取出名帖，躬身递向座中面生的那位绯袍。,,
EVT_KUANGKE_ZHUOLIU_ZOO_ANIMAL_OPT2_DESC,转身，把半敞的门彻底拉开，走出去，不回头。,,
EVT_KUANGKE_ZHUOLIU_ZOO_ANIMAL_TITLE,雅间的余兴,,
EVT_LIANJU_OPTION_TITLE,参加联句,,
EVT_LIBAI_AFTER_DESC,他专门来感谢我,,
EVT_LIBAI_AFTER_OPT_DESC,义薄云天！,,
EVT_LIBAI_AFTER_TITLE,奇怪的诗人4,,
EVT_LIBAI_FORCE_CHANGHE_ACCEPT_TITLE,和一首！,,
EVT_LIBAI_FORCE_CHANGHE_DESC,"李白醉醺醺地盯着你：""来都来了，必须与我一和！""",,
EVT_LIBAI_FORCE_CHANGHE_OPT0_TITLE,拂袖而去,,
EVT_LIBAI_FORCE_CHANGHE_TITLE,李白强迫唱和,,
EVT_LIBAI_HEJIU_1_DESC,libai_hejiu_1（5好感以上）,,
EVT_LIBAI_HEJIU_1_TITLE,libai_hejiu_1（5好感以上）,,
EVT_LIBAI_HEJIU_2_DESC,libai_hejiu_2（15好感以上）,,
EVT_LIBAI_HEJIU_2_TITLE,libai_hejiu_2（15好感以上）,,
EVT_LIBAI_UNVEILATION_DESC,他要掉到河里了,,
EVT_LIBAI_UNVEILATION_OPT_DESC,拉住他,,
EVT_LIBAI_UNVEILATION_TITLE,奇怪的诗人3,,
EVT_LIBAI_WELCOME_HEJIU_TITLE,李白邀请喝酒,,
EVT_MID_OF_WENHUAQUAN_PARTY_CHOOSE_PEOPLE_DESC,商务还是运动？,,
EVT_MID_OF_WENHUAQUAN_PARTY_CHOOSE_PEOPLE_OPT0_TITLE,回到大厅,,
EVT_MID_OF_WENHUAQUAN_PARTY_CHOOSE_PEOPLE_TITLE,要选谁呢？,,
EVT_MID_OF_WENHUAQUAN_PARTY_DESC,正式开场！你看见有人斗诗有人讲话，还有人在扫荡小食,,
EVT_MID_OF_WENHUAQUAN_PARTY_TITLE,在盛大讲话完毕之后,,
EVT_POLITICAL_PURGE_POEM_DESC,你的诗在坊间流传开来。长安的雪还未化尽，已经有吏员在抄录你的诗句——不是仰慕。你将名单一封一封收好。墨迹未干，窗外已有脚步声在雪上停住。,,
EVT_POLITICAL_PURGE_POEM_OPT0_DESC,推开窗，看是谁,,
EVT_POLITICAL_PURGE_POEM_TITLE,诗案风声,,
EVT_QINGLIU_DAOXIN_POSUI_ASYMMETRIC_SUNK_COST_DESC,信封撕开的口子不齐。一张钱票叠了两折，面额五贯。纸张在指间翻过来——背面空白。翻回去。院墙外有人赶着驴车过去，蹄声慢得像绕远路。他把钱票沿原褶叠好，塞进袖口。手指触到袖衬破开的那一道口子——衬里冰凉。,,
EVT_QINGLIU_DAOXIN_POSUI_ASYMMETRIC_SUNK_COST_OPT0_DESC,他把钱票折好，塞进袖口。手没有立刻抽出来。,,
EVT_QINGLIU_DAOXIN_POSUI_ASYMMETRIC_SUNK_COST_TITLE,五贯,,
EVT_QINGLIU_DAOXIN_POSUI_CONNECTION_RESET_DESC,酒肆门口酒旗的影子里，他看见那个人。岑参的脚步顿了一下——只一顿，随即拐进巷口。留下一句「忘了买药」，声音散在秋风中。他把半片脏污的请柬塞回袖中。今天的岑参穿了一件没见过的襕衫。袖口有一块新的油渍，暗黄色，正对着他。,,
EVT_QINGLIU_DAOXIN_POSUI_CONNECTION_RESET_OPT0_DESC,他把请柬从袖中取出，折叠了一下，又放回去。,,
EVT_QINGLIU_DAOXIN_POSUI_CONNECTION_RESET_TITLE,半片脏污的请柬,,
EVT_QINGLIU_DAOXIN_POSUI_ECHO_CHAMBER_LOSERS_DESC,清客拽住他的袖口。酒肆二楼，窗格投下的光斑正从桌沿撤走。那人说近日结识了侍郎家的西席，这回总该有门路了。他说门路两个字时，手指在桌面上一圈圈地划。桌面有陈年酒渍干涸后留下的深浅圆痕，他的指甲正沿着一道旧痕的边沿走。杜甫点头。那人的袖口脱了线，半根丝头悬在腕骨上方，随着手势轻轻荡。风从窗缝进来，光斑完全移到了地板外沿。,,
EVT_QINGLIU_DAOXIN_POSUI_ECHO_CHAMBER_LOSERS_OPT0_DESC,他将手中杯盏放回桌面，让底圈恰好覆住那道旧痕的中心。,,
EVT_QINGLIU_DAOXIN_POSUI_ECHO_CHAMBER_LOSERS_TITLE,旧痕,,
EVT_QINGLIU_DAOXIN_POSUI_EMPTY_ENDORSEMENT_DESC,宴散时李大夫拉住他。烛台的火苗往西偏了一下。炭盆里的热已经散得差不多了。李大夫说子美之才当为天下先，说此子必成大器。旁边几个人围过来听着。李大夫的手停在他袖口上，压出一道褶。有人应和了两句，声调很高。有人低头去看案上的空酒盏。李大夫说完，回身招呼仆人备轿。袖口的褶还在。他站在那里，看着轿帘放下来。炭盆里的灰白了一层。,,
EVT_QINGLIU_DAOXIN_POSUI_EMPTY_ENDORSEMENT_OPT0_DESC,他把手炉放回案上，放得比原来偏了半寸。,,
EVT_QINGLIU_DAOXIN_POSUI_EMPTY_ENDORSEMENT_TITLE,散席,,
EVT_QINGLIU_DAOXIN_POSUI_FROZEN_IMAGERY_DESC,纸上的三个字不像是从笔端生发的。它们更像是早就刻在那里——一笔一画都指向过去的某个时辰，与此刻再无瓜葛。墨在砚台里守着，稠得泛不出光。烛火跳了一下，影子从墙上滑过，沿着书案的边缘，歪了。,,
EVT_QINGLIU_DAOXIN_POSUI_FROZEN_IMAGERY_OPT0_DESC,笔杆的尾部轻扣在砚沿。墨滴洒在纸上，恰好隐去了第一个字。,,
EVT_QINGLIU_DAOXIN_POSUI_FROZEN_IMAGERY_TITLE,秋夜三字,,
EVT_QINGLIU_DAOXIN_POSUI_NONEXISTENT_COMPANION_DESC,酒肆的木格窗半敞着，秋夜的凉从缝隙里淌进来。桌上四只酒杯排成一列，酒液在烛光里一动不动。掌柜第三次从后堂探出头，目光扫过那张四人桌上唯一的人影。杜甫端起靠近自己的那只杯，手指在杯沿上停了一瞬。酒入喉时，对面三只杯中的液面同时晃了晃。他放下空杯起身，袍角带起了一阵风。身后，四只满杯在摇晃的烛焰下亮晶晶地排着队。门槛外，长安的街面空无一人。,,
EVT_QINGLIU_DAOXIN_POSUI_NONEXISTENT_COMPANION_OPT0_DESC,他将那只空杯轻轻扣在桌上，动作慢得像在摆放一件易碎的物件。,,
EVT_QINGLIU_DAOXIN_POSUI_NONEXISTENT_COMPANION_TITLE,秋夜对空饮,,
EVT_QINGLIU_DAOXIN_POSUI_PORTER_FORBIDDEN_DESC,门子接过名帖，搁在案上那叠帖子上面。他的手指沾了炭灰，在帖面上留下一小片灰痕。门房里另一个门子说了句什么，两个人笑了。阶沿外的风带走笑的声音。巳时三刻的光从门檐移过石阶，移到你的靴尖前面。案上那叠帖子在炭火的噼啪声里没有动过。,,
EVT_QINGLIU_DAOXIN_POSUI_PORTER_FORBIDDEN_OPT0_DESC,把手中那张备用的名帖，放回袖里。,,
EVT_QINGLIU_DAOXIN_POSUI_PORTER_FORBIDDEN_TITLE,未递,,
EVT_QINGLIU_DAOXIN_POSUI_POVERTY_AS_AESTHETIC_DESC,绯袍官员举杯时，酒液在杯口溢出一道细痕。他说子美兄的贫寒是真的，语气像是在介绍一道菜的做法。席上几个青袍官员纷纷侧身看过来。有人指着你领口的补丁说这是真风骨，说完夹了一块羊肉。你低头看袖口的磨痕。那块磨损处今天早上还没有发白。酒杯搁在唇边，酒气涌上来，酒液却迟迟没有入口。,,
EVT_QINGLIU_DAOXIN_POSUI_POVERTY_AS_AESTHETIC_OPT0_DESC,搁下酒杯时手腕顿了一下。剩余的酒液在杯中晃了两圈才停下来。垂眼。埋首。,,
EVT_QINGLIU_DAOXIN_POSUI_POVERTY_AS_AESTHETIC_TITLE,举杯饮寒酸,,
EVT_QINGLIU_DAOXIN_POSUI_PROP_AT_BANQUET_DESC,宴设在东庭，灯火把主桌围出一团暖光。你的坐席靠西墙，旁边是两名抱琴的乐师。席上的食案比主桌窄了一掌，筷箸横在碗沿。你数了数，少一副。主桌有人在劝酒，笑声叠着笑声。左边的乐师低头调弦，咚的一声闷响停在第三根弦上。你面前的案面有一道旧渍，深褐色的，渗在木纹里。那只多出来的酒杯搁在你右手边，杯口朝下，底上印着半个指痕。你把它翻过来，又翻回去。,,
EVT_QINGLIU_DAOXIN_POSUI_PROP_AT_BANQUET_OPT0_DESC,把手收回膝上，目光落在对面的空席。那边暗着。,,
EVT_QINGLIU_DAOXIN_POSUI_PROP_AT_BANQUET_TITLE,偏席,,
EVT_QINGLIU_DAOXIN_POSUI_SUBCONSCIOUS_PROSODY_DESC,酒已过三巡。手指不自觉地叩着杯沿——平、仄、平、仄、平。你停下手。刚才叩出的句式恰好是一句五言。你在心里默念出来。杯中残酒表面微震了一下，复归静止。酒液上浮着一粒未散的油花。你盯着这粒油花。手指搁在膝上，不再叩了。座中有人正劝下一轮酒，声音从左手边传来，你没有转头。,,
EVT_QINGLIU_DAOXIN_POSUI_SUBCONSCIOUS_PROSODY_OPT0_DESC,将手指从杯沿上收回来搁在膝上。衣料摩擦声停顿。油花从正中缓缓漂向杯壁。,,
EVT_QINGLIU_DAOXIN_POSUI_SUBCONSCIOUS_PROSODY_TITLE,酒局叩杯成谶句,,
EVT_QINGLIU_FENGYING_AESTHETIC_RAPE_DESC,考官把你的诗稿推回来，朱笔在颈联上圈了一笔。圈得圆熟利落，像做过很多次。旁边那位笔吏正在抄录，抄的还是你上次递来的干谒诗——他在旁边记了三年。他抬头看你一眼，眼神里没有鄙夷，只有了然。笔尖悬在纸上，等你说改。上次你就改了。,,
EVT_QINGLIU_FENGYING_AESTHETIC_RAPE_OPT0_DESC,抓起诗稿，当着他的面撕成两半，纸屑落在他的砚台里。,,
EVT_QINGLIU_FENGYING_AESTHETIC_RAPE_OPT1_DESC,目光扫向考官身后那道门，想找个能递上话的熟人。,,
EVT_QINGLIU_FENGYING_AESTHETIC_RAPE_OPT2_DESC,从笔吏手中接过笔，在圈定的位置一笔一笔地改。,,
EVT_QINGLIU_FENGYING_AESTHETIC_RAPE_TITLE,朱笔圈诗眼,,
EVT_QINGLIU_FENGYING_GHOSTWRITING_DESC,酒过三巡，郑家公子从袖中摸出叠得齐整的纸，铺在湿漉漉的桌面上。“上回那首《秋兴》改得好，家父逢人便夸。”他替你斟满酒，推过来，“今日再劳烦一回。”席上无人抬眼——他们都记得上次雅集，你替这位公子的诗润色了整整一个时辰。现下纸笔已备好，砚台也摆在你手边。那支笔的笔锋微秃，正是你上次落在郑家的。,,
EVT_QINGLIU_FENGYING_GHOSTWRITING_OPT0_DESC,掀案而起，酒盏在席面骨碌碌滚出三尺远。,,
EVT_QINGLIU_FENGYING_GHOSTWRITING_OPT1_DESC,目光迅速扫向主位，搜寻那位致仕多年的郑老大人。,,
EVT_QINGLIU_FENGYING_GHOSTWRITING_OPT2_DESC,接过那支秃笔，在纸上落下第一个字。,,
EVT_QINGLIU_FENGYING_GHOSTWRITING_TITLE,席间纸笔,,
EVT_QINGLIU_FENGYING_MUDDY_CARRIAGE_DESC,腊月里的泥泞又黑又稠，像煮过头的药渣。李相的车驾刚拐过街角，惊马前蹄一扬，那只锦缎绣鞋从轿帘里飞出来，划过一道弧，正落进路边尺许深的臭水沟。门子认得你——他冲你点了点头，像对隔三差五来串门的街坊。周围官员的目光齐刷刷落在你身上，不是看你这个诗人，是看这个“老熟人”。,,
EVT_QINGLIU_FENGYING_MUDDY_CARRIAGE_OPT0_DESC,拂袖转身，靴跟在冻硬的泥地上磕出脆响。,,
EVT_QINGLIU_FENGYING_MUDDY_CARRIAGE_OPT1_DESC,目光急速扫向府门内侧，寻找那位欠过你润笔的录事参军。,,
EVT_QINGLIU_FENGYING_MUDDY_CARRIAGE_OPT2_DESC,弯下腰，将袖口往上拢了拢。,,
EVT_QINGLIU_FENGYING_MUDDY_CARRIAGE_TITLE,鞋入臭水,,
EVT_QINGLIU_FENGYING_PAWNSHOP_DESC,西市当铺的柜台被无数人的手肘磨得油亮。掌柜从柜台后面抬起眼皮——他认得你。去年腊月你在这当了一件旧棉袍，开春又来当了一方洮砚。此刻你的字画卷轴尚未完全展开，他那根肥厚的手指已经压在画轴上，只露出半边题款。“你这幅画嘛——”他的目光从画上扫过，像在估一堆旧衣，“比上回那件袍子好点，但也好不到哪去。”他把价压到令人发指的低位，然后推过来一张糙纸和秃笔，“顺便题首诗夸夸我这当铺，我多给你二十文。”纸已经在桌案上铺好，笔尖已经干结。,,
EVT_QINGLIU_FENGYING_PAWNSHOP_OPT0_DESC,一把抓回字画卷轴，笔和纸扫落在地，转身大步跨出当铺门槛。,,
EVT_QINGLIU_FENGYING_PAWNSHOP_OPT1_DESC,目光迅速扫向当铺内室门帘，从袖中摸出一枚开元通宝往柜上推去。,,
EVT_QINGLIU_FENGYING_PAWNSHOP_OPT2_DESC,沉默片晌，提起那支秃笔，在糙纸上落下一行。,,
EVT_QINGLIU_FENGYING_PAWNSHOP_TITLE,当铺题诗,,
EVT_QINGLIU_FENGYING_PINGKANGFANG_DESC,“哟，杜先生又来了。”那个“又”字咬得轻，但很准。楼上的丝竹声灌下来，她侧身挡着门，下巴朝坊墙边的小杌子一抬：“写首艳词，写好了让你进去。”语气像在吩咐一个熟客——一个不用客气的熟客。,,
EVT_QINGLIU_FENGYING_PINGKANGFANG_OPT0_DESC,转身就走，袖风扫落她掌心那枚铜钱。,,
EVT_QINGLIU_FENGYING_PINGKANGFANG_OPT1_DESC,从袖中摸出最后半贯铜钱，往她手里塞。,,
EVT_QINGLIU_FENGYING_PINGKANGFANG_OPT2_DESC,走到小杌子边坐下，铺纸、研墨、提笔。,,
EVT_QINGLIU_FENGYING_PINGKANGFANG_TITLE,平康坊闭门羹,,
EVT_QINGLIU_FENGYING_TEMPLE_STAGED_DESC,“施主，上个月你也来过——那天是王给事中进香。今天亲王来，你又来了。”说完继续扫地。雪落在他刚扫过的青石上，又积了一层。殿门紧闭，里面传来亲王与方丈的谈笑，声音在雪里闷着，不太真切。,,
EVT_QINGLIU_FENGYING_TEMPLE_STAGED_OPT0_DESC,一脚踢翻殿前的铜香炉，转身踏雪而去。,,
EVT_QINGLIU_FENGYING_TEMPLE_STAGED_OPT1_DESC,目光扫向亲王随行的侍从，试图从某个熟面孔找到缝隙。,,
EVT_QINGLIU_FENGYING_TEMPLE_STAGED_OPT2_DESC,你把肩上的雪拍掉，往殿门边又挪了半步。,,
EVT_QINGLIU_FENGYING_TEMPLE_STAGED_TITLE,慈恩寺雪中偶遇,,
EVT_QINGLIU_JIAOLV_ILLUSION_CONTROL_DESC,“上一个和你鞋底有一样泥的人，现在已不穿这双靴了。他拿了我一枚木筹，那天起，他的靴底再没沾过寺后泥土。”他从怀里摸出一枚拇指长的旧木筹，递到离你一尺远的地方，没有催促，只是让它悬在那里。,,
EVT_QINGLIU_JIAOLV_ILLUSION_CONTROL_OPT0_DESC,指尖在筹身木纹的断茬处停了片刻，然后拿过来。,,
EVT_QINGLIU_JIAOLV_ILLUSION_CONTROL_TITLE,鞋底泥,,
EVT_QINGLIU_JIAOLV_STATUS_TAX_DESC,张垍旧宅偏院的槐树下，小厮引你到一处厢房。床上摊开一件半旧圆领袍，袖口磨得发亮，料子在暗处隐隐泛着青灰——不是新物，是被人穿过的。那人靠在门框上，没开口谈价。他说，上次穿着这件衣裳的人现在在万年县做县尉。又说，集贤院散席的时候，魏某人在门口看见这领子——唤了一声张公。说完他从袖中抽出一封信，是你三年前写给张垍的自荐诗。信纸在浆洗过的衣领旁展开，墨迹已经有些洇开了。他把信放在袍子上，什么也没说。,,
EVT_QINGLIU_JIAOLV_STATUS_TAX_OPT0_DESC,肩颈微微一僵。鞋尖转向床边，已迈了半步。,,
EVT_QINGLIU_JIAOLV_STATUS_TAX_TITLE,一件旧袍,,
EVT_QINGLIU_PASSIVE_BENEFITS_GAOSHI_SILENT_BAILOUT_IDENTITY_QINGLIU_OFFICIAL_DESC,高适从河西回长安述职，路过下杜城时在街口截住你。他拎着一件羊皮袄子，说是给军中袍泽带的，结果尺码错了退不了——“你试试，穿不上我就扔了。”袄子大了一号，裹在你瘦削的身板上，正够塞进一件旧棉衣。他说完便走，头也不回。你站在巷口，手里攥着这张羊皮，风灌不进去了。,,
EVT_QINGLIU_PASSIVE_BENEFITS_GAOSHI_SILENT_BAILOUT_IDENTITY_QINGLIU_OFFICIAL_OPT0_DESC,裹紧袄子，朝那个背影喊了一句：“达夫，下次错买双靴子。”,,
EVT_QINGLIU_PASSIVE_BENEFITS_GAOSHI_SILENT_BAILOUT_IDENTITY_QINGLIU_OFFICIAL_OPT1_DESC,你低头抻了抻过长的袖口，沉默了许久，才转身进屋去生火。,,
EVT_QINGLIU_PASSIVE_BENEFITS_GAOSHI_SILENT_BAILOUT_IDENTITY_QINGLIU_OFFICIAL_OPT2_DESC,你摩挲着袄子上的针脚，自言自语：“这是军中的物件……可结实了。”,,
EVT_QINGLIU_PASSIVE_BENEFITS_GAOSHI_SILENT_BAILOUT_IDENTITY_QINGLIU_OFFICIAL_TITLE,错买的冬衣,,
EVT_QINGLIU_PASSIVE_BENEFITS_LIBAI_SPIRITUAL_ANCHOR_IDENTITY_QINGLIU_OWNER_DESC,天宝十三载秋，李白过下杜城。他醉了，没叩你的门。后来有人在渭水边的沙地上看见一行字——是用剑尖划出的“杜子美”三字，歪斜潦草，旁边散落着马蹄印，延伸向潼关方向。那人来告诉你时，沙上的字迹已被风吹浅了一半。,,
EVT_QINGLIU_PASSIVE_BENEFITS_LIBAI_SPIRITUAL_ANCHOR_IDENTITY_QINGLIU_OWNER_OPT0_DESC,跪坐沙地前以枯枝描深“李太白”于三字之下，完成后起身便走。,,
EVT_QINGLIU_PASSIVE_BENEFITS_LIBAI_SPIRITUAL_ANCHOR_IDENTITY_QINGLIU_OWNER_OPT1_DESC,盯着字迹直到日影偏移，用袖子抹平那片沙地，字迹消失后离去。,,
EVT_QINGLIU_PASSIVE_BENEFITS_LIBAI_SPIRITUAL_ANCHOR_IDENTITY_QINGLIU_OWNER_OPT2_DESC,等那人走后对身旁的人说“太白过此竟未相访”，让对方把话传出去。,,
EVT_QINGLIU_PASSIVE_BENEFITS_LIBAI_SPIRITUAL_ANCHOR_IDENTITY_QINGLIU_OWNER_TITLE,沙上剑书,,
EVT_QINGLIU_PASSIVE_BENEFITS_WANGWEI_SILENT_BAILOUT_IDENTITY_ZHUOLIU_OFFICIAL_DESC,大慈恩寺的法物流通处里，王维与你并肩站了许久。他在《金刚经》抄本前停下，未曾开口，只将一件厚实的棉袍搁在你臂弯上——“买重了。”语气如谈论今日风大一般平淡。你认得这件袍子，是方才寺门外那个辽东皮货商担来的。王维转身去付抄经的银钱，袍子就这么留在你手中，一言未再多说。,,
EVT_QINGLIU_PASSIVE_BENEFITS_WANGWEI_SILENT_BAILOUT_IDENTITY_ZHUOLIU_OFFICIAL_OPT0_DESC,接过便穿上，只问了一句“《辋川集》何时付梓”。,,
EVT_QINGLIU_PASSIVE_BENEFITS_WANGWEI_SILENT_BAILOUT_IDENTITY_ZHUOLIU_OFFICIAL_OPT1_DESC,默然许久，才低声道袍子针脚极细密。,,
EVT_QINGLIU_PASSIVE_BENEFITS_WANGWEI_SILENT_BAILOUT_IDENTITY_ZHUOLIU_OFFICIAL_OPT2_DESC,穿上后连声说王右丞体恤，转而便问崇文馆可还有空缺。,,
EVT_QINGLIU_PASSIVE_BENEFITS_WANGWEI_SILENT_BAILOUT_IDENTITY_ZHUOLIU_OFFICIAL_TITLE,法物流通处,,
EVT_QINGLIU_PASSIVE_BENEFITS_ZHENGQIAN_SPIRITUAL_ANCHOR_IDENTITY_QINGLIU_OFFICIAL_DESC,春晨下杜城菜市口，郑虔从人潮中挤出来拦住你，从怀里掏出一卷被油渍浸透的旧稿——去岁你丢进灶膛的那卷，被他从火口抢了回来。他什么也没说，只是把那卷纸塞进你手里，转身便走。纸张边缘焦痕犹在，烟熏味混着菜市的葱韭气息。,,
EVT_QINGLIU_PASSIVE_BENEFITS_ZHENGQIAN_SPIRITUAL_ANCHOR_IDENTITY_QINGLIU_OFFICIAL_OPT0_DESC,就着菜市的喧嚷大声念出旧作，念到第三句时郑虔回头，两人隔着人潮笑了。,,
EVT_QINGLIU_PASSIVE_BENEFITS_ZHENGQIAN_SPIRITUAL_ANCHOR_IDENTITY_QINGLIU_OFFICIAL_OPT1_DESC,接过时触到那片焦痕，指腹在纸缘停留了一瞬，低头默默将稿纸卷回。,,
EVT_QINGLIU_PASSIVE_BENEFITS_ZHENGQIAN_SPIRITUAL_ANCHOR_IDENTITY_QINGLIU_OFFICIAL_OPT2_DESC,连声称难得郑广文眼力，随即翻开其他废纸就近请教——可还有遗珠。,,
EVT_QINGLIU_PASSIVE_BENEFITS_ZHENGQIAN_SPIRITUAL_ANCHOR_IDENTITY_QINGLIU_OFFICIAL_TITLE,菜市口旧稿,,
EVT_QINGLIU_ZUANYING_GHOSTWRITER_COLLISION_IDENTITY_QUANGUI_DESC,“近日坊间传抄的，说是某公子新作，你们品品这句——‘孤舟系在楚云根’。”你握着酒杯的手指未动。王参军接过去看了看，却从自己行囊里翻出另一卷残稿：“巧了，去年子美送我的干谒诗里，也有一联‘独木横于湘水湄’。这押韵的路数，倒是如出一辙。”他把两张诗笺并排放在案上，笔画不清，但韵脚的骨架——仄起平收、第五字必用入声——两首诗像同一只手在打拍子。陈明府的眼睛眯了起来，转向你看了一眼，什么也没问。他在等。,,
EVT_QINGLIU_ZUANYING_GHOSTWRITER_COLLISION_IDENTITY_QUANGUI_OPT0_DESC,抄起案上的酒壶砸向那两张并置的诗笺——但酒壶在手中转了半圈，只倒了一杯，自己喝了。,,
EVT_QINGLIU_ZUANYING_GHOSTWRITER_COLLISION_IDENTITY_QUANGUI_OPT1_DESC,从席上滑跪下去，额头抵在两种笔迹交叠的诗笺上——但膝盖锁死在袍摆里，站不起来。,,
EVT_QINGLIU_ZUANYING_GHOSTWRITER_COLLISION_IDENTITY_QUANGUI_OPT2_DESC,欠身拿起两张诗笺端详，顺着韵脚往下比对，评了一句“第三字若用去声会更稳”，把话题转向用典。,,
EVT_QINGLIU_ZUANYING_GHOSTWRITER_COLLISION_IDENTITY_QUANGUI_TITLE,韵脚撞车,,
EVT_QINGLIU_ZUANYING_MONETIZED_GUEST_LIST_DESC,雅集后第三日，一封谢柬送到。清流主人写给另一位常客的信，信中历数那日席上“尽皆佳士”，列了四个人的名字。你带了五个人来。被略掉的那个是商人——他的茧子太厚、端盏时小指翘得过了、对一幅南唐摹本说了“这纸真新”——当时只有主人皱了一下眉。现在那封谢柬摊在桌上，墨迹干透。你没有被点名指责，你只是看见那行漏掉的名字像一颗拔掉的牙。,,
EVT_QINGLIU_ZUANYING_MONETIZED_GUEST_LIST_OPT0_DESC,被封锁。这个人不是那种掀桌的脾性——他计算过沉没成本。,,
EVT_QINGLIU_ZUANYING_MONETIZED_GUEST_LIST_OPT1_DESC,被封锁。膝盖换不来清流的宽恕，只会把亏空跪成一个笑话。,,
EVT_QINGLIU_ZUANYING_MONETIZED_GUEST_LIST_OPT2_DESC,他重新磨墨，铺开一张空白谢柬，在第一行写下那个商人的名字。,,
EVT_QINGLIU_ZUANYING_MONETIZED_GUEST_LIST_TITLE,席上少了一行姓名,,
EVT_REQUEST_LIBAI_CHANGHE_DESC,"李白醉眼朦胧地举杯向你走来：""好酒好诗，来，与我唱和一首！""",,
EVT_REQUEST_LIBAI_CHANGHE_OPT0_TITLE,欣然应和,,
EVT_REQUEST_LIBAI_CHANGHE_OPT1_TITLE,婉言谢绝,,
EVT_REQUEST_LIBAI_CHANGHE_TITLE,李白唱和,,
EVT_RND_TEXT_TEMPLATE_WALK_TO,走向 {item},,
EVT_RND_TEXT_TEMPLATE_WRITE_ABOUT,以「{item}」为题,,
EVT_START_OF_WENHUAQUAN_PARTY_DESC,你们假装这是一段很长的很棒的写景抒情文字,,
EVT_START_OF_WENHUAQUAN_PARTY_OPT0_TITLE,（鼓掌）,,
EVT_START_OF_WENHUAQUAN_PARTY_TITLE,文化圈盛大筵席！,,
EVT_STRANGE_POET_DESC,你在长安的一家酒馆中遇到了一位神秘的诗人，他似乎喝醉了，但眼中却闪烁着智慧的光芒。,,
EVT_STRANGE_POET_OPT_DESC,上前跟他说话,,
EVT_STRANGE_POET_TITLE,奇怪的诗人,,
EVT_TEST1_DESC,你在长安的一家酒馆中遇到了一位神秘的诗人，他似乎喝醉了，但眼中却闪烁着智慧的光芒。,,
EVT_TEST1_TITLE,长安酒馆奇遇,,
EVT_THE_MAN_GOT_POWER_DESC,他看起来很醉,,
EVT_THE_MAN_GOT_POWER_OPT_DESC,担忧的打量着他,,
EVT_THE_MAN_GOT_POWER_TITLE,奇怪的诗人2,,
EVT_WELCOME_TO_WENHUAQUAN_PARTY_OPT0_TITLE,去,,
EVT_WELCOME_TO_WENHUAQUAN_PARTY_OPT1_TITLE,不去,,
EVT_WELCOME_TO_WENHUAQUAN_PARTY_TITLE,被文化圈邀请到宴席,,
EVT_WENHUAQUAN_PEOPLE_CHOICE_TITLE,走向熙熙攘攘的人群,,
EVT_ZHUOLIU_FENGYING_BANQUET_ASSIGNMENT_DESC,半桌人停了筷子。主位的椅子腿刮过青砖——往你这边挪了两寸，没转头看你，但挪椅子的声响让整间屋子都静了一息。你桌前的酒盏刚被人斟满，杯沿还挂着上一巡的油花。主位的手指在桌面叩了两下，像在计时。“写喜庆点，”他说，“上回那首太苦了。”他没提上回是哪回——但你记得，上回替他远房侄子的诗文润色时，他说的也是这句。,,
EVT_ZHUOLIU_FENGYING_BANQUET_ASSIGNMENT_OPT0_DESC,把酒盏推过桌面，杯底刮过残羹凝结的油脂，声响比叩指更长。,,
EVT_ZHUOLIU_FENGYING_BANQUET_ASSIGNMENT_OPT1_DESC,问一句“喜庆”的尺度——不问别的，只把话递到他刚好能接住的位置。,,
EVT_ZHUOLIU_FENGYING_BANQUET_ASSIGNMENT_OPT2_DESC,把椅子往前挪半寸，袖口擦过桌沿，铺纸的指节对准他叩指的节奏。,,
EVT_ZHUOLIU_FENGYING_BANQUET_ASSIGNMENT_TITLE,酒过三巡叩指时,,
EVT_ZHUOLIU_FENGYING_BORROWED_POEM_DESC,原来如此。你的酒杯空了有一阵了，没人斟。你发现自己已经在心里数第四遍他桌边那只铜灯的灯焰跳了几次。第三遍时你觉得该停了。第四遍还在数。,,
EVT_ZHUOLIU_FENGYING_BORROWED_POEM_OPT0_DESC,把空杯倒扣在桌面，起身离席，椅腿刮过砖地的声音不压。,,
EVT_ZHUOLIU_FENGYING_BORROWED_POEM_OPT1_DESC,接住“指点”二字，问司马上月那卷《河岳英灵集》是否已送到集贤院。,,
EVT_ZHUOLIU_FENGYING_BORROWED_POEM_OPT2_DESC,翻开自己那卷诗稿，找到第三首，把“指点”过的那两行指给旁边的人看。,,
EVT_ZHUOLIU_FENGYING_BORROWED_POEM_TITLE,灯焰数到第四遍,,
EVT_ZHUOLIU_FENGYING_DISCOUNTED_INK_DESC,「祭文，润笔两贯。」比市价少了八贯。他用的不是商量的语气，是提醒——去年你替他外甥润色过的那篇行状，至今没付过一字润金。,,
EVT_ZHUOLIU_FENGYING_DISCOUNTED_INK_OPT0_DESC,砚台推过桌心，墨汁泼上那张素笺。,,
EVT_ZHUOLIU_FENGYING_DISCOUNTED_INK_OPT1_DESC,问了一句：隔壁背书的那篇，可是来年应试的篇目？,,
EVT_ZHUOLIU_FENGYING_DISCOUNTED_INK_OPT2_DESC,把素笺在桌面铺平，提笔蘸了最后一点墨。,,
EVT_ZHUOLIU_FENGYING_DISCOUNTED_INK_TITLE,贱价润笔,,
EVT_ZHUOLIU_FENGYING_LEDGER_GAP_DESC,巡按的笑声透过屏风传过来——他们在聊长安新到的阳羡茶，语气松散得像聊自家园子的杏花。张主簿推过一摞账册，翻到第四页，笔杆点了点那个数字。“跟第七页对不上吧。”他说这话时没看你，语气像在吩咐一个知道规矩的人。你知道他为什么这么跟你说话——上次帮他整理那些说不清来源的租契时，你问过一句“总数要不要盘”，他用同样的笔杆在同样的位置点了两下。那个墨点还在。,,
EVT_ZHUOLIU_FENGYING_LEDGER_GAP_OPT0_DESC,指间的笔砸在账册上，墨迹横过四页的数字。,,
EVT_ZHUOLIU_FENGYING_LEDGER_GAP_OPT1_DESC,把缺角的端砚推到桌心，让砚底刻的“贞”字朝向他。,,
EVT_ZHUOLIU_FENGYING_LEDGER_GAP_OPT2_DESC,翻开第七页，直接开始重新核算两页的总数。,,
EVT_ZHUOLIU_FENGYING_LEDGER_GAP_TITLE,旧账上的墨点,,
EVT_ZHUOLIU_FENGYING_RELUCTANT_MENTOR_DESC,李十二郎推开你那间租来的破屋门时没敲门。他身后站着一个年轻人——二十出头，诗稿捏在手里，指节发白。李十二郎搭着你肩拍了两下，那力度和三个月前你替他誊抄账本时一模一样。“这孩子想投卷，你领他走一趟韦府。”年轻人膝盖微屈，将跪未跪。你看见诗稿最上面那首，题目是你二十三岁时也写过的题材。,,
EVT_ZHUOLIU_FENGYING_RELUCTANT_MENTOR_OPT0_DESC,肩头残余的拍击温度还没散。你把门框上挂着的那壶浊酒拎下来，壶底朝上搁在门槛正中间。,,
EVT_ZHUOLIU_FENGYING_RELUCTANT_MENTOR_OPT1_DESC,你没看那年轻人，只对李十二郎问了一句：“韦侍郎最近还在收碑帖？”,,
EVT_ZHUOLIU_FENGYING_RELUCTANT_MENTOR_OPT2_DESC,你把椅子从桌前往后挪了半寸，伸手去接那卷诗稿。,,
EVT_ZHUOLIU_FENGYING_RELUCTANT_MENTOR_TITLE,推门，他熟门熟路,,
EVT_ZHUOLIU_FENGYING_SILENT_TABLE_DESC,门帘掀开半幅，薛家管事站在槛外没进来。他将二两碎银搁在桌上——纸包摊开，糙纸上还粘着昨夜的油渍。“明晚有个小宴，请先生来添点文气。”你到的时候发现座位在最下手，离门最近，离炉子最远。离你最近的那道菜端上来时就已经凉了。薛三郎坐在上首，跟身旁的人聊着你上次替他润色的那篇碑文——他不记得你叫什么，他叫你“上次那个人”。,,
EVT_ZHUOLIU_FENGYING_SILENT_TABLE_OPT0_DESC,将凉了的菜碟往桌心一推，起身走向门口。,,
EVT_ZHUOLIU_FENGYING_SILENT_TABLE_OPT1_DESC,借着起身让菜的空隙，把自己的酒盏挪到薛三郎余光能及的位置。,,
EVT_ZHUOLIU_FENGYING_SILENT_TABLE_OPT2_DESC,将凉菜碟端到面前，筷子夹起最上面那片，像往常一样咽下去。,,
EVT_ZHUOLIU_FENGYING_SILENT_TABLE_TITLE,二两碎银换来的陪坐,,
EVT_ZHUOLIU_LIEQI_COCKFIGHT_ODE_IDENTITY_QUANGUI_DESC,脂粉味和荔枝的甜腻混在一起，把空气搅成黏稠的浆。紫袍胖子靠在锦垫上，三根手指捏着剥好的荔枝，汁水沿指缝往下走，滴在袍子上洇出深色的印。一个家丁的手不知什么时候扣住了你的肘弯，指节收紧时你听见自己袖口的布料发出绷紧的声响。胖子没转头。他用下巴朝角落指了一下——地上铺着一张毡垫，垫子上几根鸡毛粘在干涸的湿痕边缘。“杜审言的孙子？正好。”他把荔枝核吐在歌伎递来的银盘里，“我这鸡刚赢三场，缺一首压轴的。你坐那写。”歌伎中的一个用扇子掩了嘴，眼睛从你脸上扫到毡垫上那摊湿痕，扇子后面有气音漏出来。,,
EVT_ZHUOLIU_LIEQI_COCKFIGHT_ODE_IDENTITY_QUANGUI_OPT0_DESC,他抽回被攥住的胳膊，转身朝门外走，脚步在门槛前停下，没有回头。,,
EVT_ZHUOLIU_LIEQI_COCKFIGHT_ODE_IDENTITY_QUANGUI_OPT1_DESC,他走向毡垫，跪下时膝盖压住一根鸡毛，铺纸研墨的手没有抖。,,
EVT_ZHUOLIU_LIEQI_COCKFIGHT_ODE_IDENTITY_QUANGUI_OPT2_DESC,他朝毡垫走了两步，停住，转过身看着胖子的侧脸，没有坐下的意思。,,
EVT_ZHUOLIU_LIEQI_COCKFIGHT_ODE_IDENTITY_QUANGUI_TITLE,斗鸡坊的诗价,,
EVT_ZHUOLIU_LIEQI_GHOSTWRITER_BLOOD_IDENTITY_ZHUOLIU_OFFICIAL_DESC,坊墙下的风是从北边灌进来的。年老的那个挡在你面前，离你三步，刚好占住你唯一能起身的方向。年轻的站在你身后，你听见他的手指一下一下拨着刀环，铁碰铁，不高不低，像在敲一种不需要旋律的拍子。年老的那个没有催，他把那个名字又说了一遍，放慢了说，像在教一个孩童认字。然后他从袖中取出一卷纸，展开——是空白的，只在上方端正地压了一方朱砂印。他将纸放在你膝边的冻土上，压了一小块碎银在纸角。风把纸边掀起一点，又落下。,,
EVT_ZHUOLIU_LIEQI_GHOSTWRITER_BLOOD_IDENTITY_ZHUOLIU_OFFICIAL_OPT0_DESC,杜甫起身，将膝边那张纸连带碎银一起从冻土上拨开，从两人之间走过。,,
EVT_ZHUOLIU_LIEQI_GHOSTWRITER_BLOOD_IDENTITY_ZHUOLIU_OFFICIAL_OPT1_DESC,杜甫伸手按住被风掀动的纸角，从怀中摸出笔，在冻土上润了润墨。,,
EVT_ZHUOLIU_LIEQI_GHOSTWRITER_BLOOD_IDENTITY_ZHUOLIU_OFFICIAL_OPT2_DESC,杜甫没碰那张纸，只问了一句：“碑刻成之后，拓片能带回长安一卷么？”,,
EVT_ZHUOLIU_LIEQI_GHOSTWRITER_BLOOD_IDENTITY_ZHUOLIU_OFFICIAL_TITLE,碑记与刀环,,
EVT_ZHUOLIU_LIEQI_HIJACKED_GRIEF_IDENTITY_QUANGUI_DESC,纸灰飞进眼睛时门被推开了。不是风吹的。那人停在门槛外，停了好一会儿——你跪在蒲团上，他站在门槛外，中间隔着昨夜烧尽的纸灰和今日尚未烧的纸钱。他不进来。庙里的寒气从地面往上漫，他站在门外仅一步远的地方，靴跟在石阶上轻轻磕了两下。“杜先生，就一句——今日午时，一首贺诗，老地方，要喜庆。”他没进来，只把话搁在门槛外，踩着你昨夜烧的纸灰转身走了。你回头时只看见他背影。靴跟上沾着黑色残烬。庙外他的马打了个响鼻，声音在空荡荡的大殿里弹了三个来回才落定。,,
EVT_ZHUOLIU_LIEQI_HIJACKED_GRIEF_IDENTITY_QUANGUI_OPT0_DESC,“纸灰未冷，不写贺诗。”说完阖上眼，不再看门槛外的任何方向。,,
EVT_ZHUOLIU_LIEQI_HIJACKED_GRIEF_IDENTITY_QUANGUI_OPT1_DESC,跪着的膝盖未移动，手已从袖中摸出那截用剩下的秃笔，在蒲团旁铺平了纸。,,
EVT_ZHUOLIU_LIEQI_HIJACKED_GRIEF_IDENTITY_QUANGUI_OPT2_DESC,“昨夜的纸灰还热着。何处贺诗——是给谁贺？”,,
EVT_ZHUOLIU_LIEQI_HIJACKED_GRIEF_IDENTITY_QUANGUI_TITLE,纸灰未冷,,
EVT_ZHUOLIU_LIEQI_POVERTY_TOURISM_DESC,“看见这洞了么？屋里比屋外还冷三分。”他没有进屋，只是隔着门帘吩咐：子美，出来走两步，让她们看看你是怎么过冬的。帘子那头没有回应。他笑了一声，不高不低：“不打紧，我等得起。”,,
EVT_ZHUOLIU_LIEQI_POVERTY_TOURISM_OPT0_DESC,他掀开破被子站起来，直直走出门，站在雪地里，不说话。,,
EVT_ZHUOLIU_LIEQI_POVERTY_TOURISM_OPT1_DESC,他展开纸，不等对方开口，已开始默写昨日未完成的诗句。,,
EVT_ZHUOLIU_LIEQI_POVERTY_TOURISM_OPT2_DESC,“大人既喜观清寒，可愿听一句实话？”他隔着门帘开口，语气平和。,,
EVT_ZHUOLIU_LIEQI_POVERTY_TOURISM_TITLE,赛博贫困游,,
EVT_ZHUOLIU_LIEQI_SWILL_GAMBIT_IDENTITY_QUANGUI_DESC,馊水的气味比酒先到。你进门的时候就已经闻到了。一个浊流大员斜靠在胡床上，没站起来，只用筷子指了指墙边矮几上的两样东西——金锭和一张纸。“你只有一炷香的时间。”他的筷子在空中画了个圈，最后指回他自己面前的粗陶碗，“一炷香之内，金子归你或者举荐信归你。然后——”他咂了咂嘴，“然后你喝这个。”筷子上沾着的油星滴进了泔水里。,,
EVT_ZHUOLIU_LIEQI_SWILL_GAMBIT_IDENTITY_QUANGUI_OPT0_DESC,他端起碗，没有喝——松手。碗碎，泔水飞溅。他推门便走。,,
EVT_ZHUOLIU_LIEQI_SWILL_GAMBIT_IDENTITY_QUANGUI_OPT1_DESC,不等对方说完，他已经走到矮几前展开那张纸，提笔蘸墨。,,
EVT_ZHUOLIU_LIEQI_SWILL_GAMBIT_IDENTITY_QUANGUI_OPT2_DESC,“大人说的举荐信，落款是哪位府君的印？”,,
EVT_ZHUOLIU_LIEQI_SWILL_GAMBIT_IDENTITY_QUANGUI_TITLE,泔水赌局,,
EVT_ZHUOLIU_ZUANYING_DINNER_PARTY_BROKER_DESC,“子美兄，我有个同僚想见户部的人。价钱好说。”说这话时他的眼睛没看你，看的是你身后那扇门——门后是今日宴席上所有正在交易的秘密。他笃定你还在这张桌上。,,
EVT_ZHUOLIU_ZUANYING_DINNER_PARTY_BROKER_OPT0_DESC,掷杯在地，拂袖间掀翻案上酒盏。,,
EVT_ZHUOLIU_ZUANYING_DINNER_PARTY_BROKER_OPT1_DESC,堆出笑容，双手捧起酒壶为对方斟满。,,
EVT_ZHUOLIU_ZUANYING_DINNER_PARTY_BROKER_OPT2_DESC,沉默片刻，问他那位同僚手里有什么可以交换。,,
EVT_ZHUOLIU_ZUANYING_DINNER_PARTY_BROKER_TITLE,酒宴上的旧账,,
EVT_ZHUOLIU_ZUANYING_GATHERING_SUNK_COST_DESC,“客人又来了。”他说完就走了，托盘在肘边晃了一下，映出灯影——那块漆掉了一块，露出旧木，上次你见它时还没掉。,,
EVT_ZHUOLIU_ZUANYING_GATHERING_SUNK_COST_OPT0_DESC,名帖往地上一掷，转身踩着新靴踏出廊去。,,
EVT_ZHUOLIU_ZUANYING_GATHERING_SUNK_COST_OPT1_DESC,腰一弯，笑容堆满脸，双手将名帖捧过头顶。,,
EVT_ZHUOLIU_ZUANYING_GATHERING_SUNK_COST_OPT2_DESC,掂了掂袖中另一条消息，走向厅侧等他的管事。,,
EVT_ZHUOLIU_ZUANYING_GATHERING_SUNK_COST_TITLE,旧债新袍,,
EVT_ZHUOLIU_ZUANYING_INTELLIGENCE_COMMODITY_DESC,东市茶肆二楼临窗的位置，一个绸缎商把一张纸条推过案面。纸上只写着一个官员的名字，墨迹已干。他将茶碗搁在纸条旁边，碗底在纸上压出一圈湿痕。“上次你在盐商老张那儿‘问’的事，我听说过。”目光越过碗沿，不紧不慢地看着你，“我不是来为难你的。我也是来做生意的。”窗外楼下，东市的骡马队正在卸货，鞭子抽在青石板上的声响传上来。绸缎商从袖口又抽出一张叠好的纸，“这是价钱。你看看。”,,
EVT_ZHUOLIU_ZUANYING_INTELLIGENCE_COMMODITY_OPT0_DESC,拂袖将茶碗扫落，纸条在湿痕里裂成两半。,,
EVT_ZHUOLIU_ZUANYING_INTELLIGENCE_COMMODITY_OPT1_DESC,双手接过那张报价单，脸上堆出笑容，腰已弯下三分。,,
EVT_ZHUOLIU_ZUANYING_INTELLIGENCE_COMMODITY_OPT2_DESC,指尖压住纸条一角，不翻也不推，只问他要的这个名字，市价几何。,,
EVT_ZHUOLIU_ZUANYING_INTELLIGENCE_COMMODITY_TITLE,茶案上的价码,,
EVT_ZIZE_FROZEN_CORPSE_DESC,铁钩刮过石板的声音先于坊丁的身影抵达。你起先以为坊墙下是一堆破被褥，走近三步才看清被褥里伸出的半只手——手指收拢，掌心空着，指甲暗紫色。坊丁走近时你往后退了一步，手不自觉伸进怀里，指腹触到那几枚铜钱，还在。铜钱贴着肋骨，温热。你停了半秒，把铜钱在指间转了一下，按回原处。坊丁弯下腰时你已从他和那具身体旁绕了过去，袖口蹭过坊墙的粗面，带下一撮干土。,,
EVT_ZIZE_FROZEN_CORPSE_OPT0_DESC,袖口蹭过坊墙，干土簌簌落下。你继续穿过路口。,,
EVT_ZIZE_FROZEN_CORPSE_TITLE,坊墙下,,
EVT_ZIZE_PAWN_JADE_DESC,一道老裂痕从云纹中间贯过去，朝奉把它在窗口的光下翻了翻放回柜台。“死当？”你说是。他报的数刚好够付欠了半月的房租和三斗米。你没有还价。帕子在指间叠成方块时，原先包玉的凹处还带着一点余温，四角被玉佩压出的棱硌进掌心。麻绳从栅栏那边推过来，铜钱在绳上沉甸甸地响了一声。你松开帕子，把铜钱拨进袖口——手腕内侧那块被玉焐了十年的皮肉现在贴上了冰凉的方孔。,,
EVT_ZIZE_PAWN_JADE_OPT0_DESC,站住。袖口往下坠了一坠。继续往米铺走。,,
EVT_ZIZE_PAWN_JADE_TITLE,帕子叠好,,
EVT_ZIZE_YOUNG_SCHOLAR_DESC,他在门口站定时你正数着袖里的铜钱。余光先触到那件青衫——经纬洗得松了，透出里层麻布的纹路。他往前迈了一步，门槛的阴影从他脚背移到脚踝。你听见自己的脊椎一节节凉下去。他问“先生在长安怎么才能被人看见”。你张开嘴。舌根往上颚顶了一下。然后你听见一句话从自己喉咙里出来——“好好写，总会有人看见的”。那声音薄得像坊墙外飘进来的叫卖。他低着头认真点头，袖子里摸出一截秃笔，用唾沫润了润笔尖，抬头说“您再说一遍，我记一记”。你说不用记了。他写字的姿势让你想起十年前租住在城南土墙房里，每天蘸井水在桌上练字的时辰。,,
EVT_ZIZE_YOUNG_SCHOLAR_OPT0_DESC,顿一下。把那截秃笔推还给他。,,
EVT_ZIZE_YOUNG_SCHOLAR_TITLE,那件松了的青衫,,
FEIHUALING_FAIL,{npc_name} 支支吾吾，半天憋不出一个字，尬住了…,,
FEIHUALING_SUCCESS,{npc_name} 巧妙地吟出了「{keyword}」字，满座皆惊！,,
LIANJU_FAIL,{npc_name} 憋了半天，没能对上联句，气氛有些尴尬…,,
LIANJU_SUCCESS,{npc_name} 以「{@lianju_npc_name}」为题，吟出一联，满座击节赞叹！,,
PROPERTY_NAME_DRUNK,醉,,
PROPERTY_NAME_HEALTH,健,,
PROPERTY_NAME_INSPIRATION,兴,,
PROPERTY_NAME_LITERARY_FAME,名,,
PROPERTY_NAME_MONEY,钱,,
PROPERTY_NAME_OFFICIAL_PRESTIGE,望,,
PROPERTY_NAME_TALENT,才,,
PROPERTY_NAME_progress,仕,,
TRAIT_DISEASE_DONGSHANG_FROSTBITE_NAME,冻伤初起,,
TRAIT_DISEASE_DONGSHANG_FROSTBITE_TRAIT_NAME,冻伤初起,,
TRAIT_DISEASE_DONGSHANG_NECROSIS_NAME,冻疮坏死,,
TRAIT_DISEASE_DONGSHANG_NECROSIS_TRAIT_NAME,冻疮坏死,,
TRAIT_EXHAUSTION_INITIAL_NAME,疲态初显,,
TRAIT_EXHAUSTION_INITIAL_TRAIT_NAME,疲态初显,,
TRAIT_KUANGDA_FENGYING_NAME,逢迎,,
TRAIT_KUANGDA_FENGYING_TRAIT_NAME,逢迎,,
TRAIT_KUANGDA_KUANGKE_NAME,狂客,,
TRAIT_KUANGDA_KUANGKE_TRAIT_NAME,狂客,,
TRAIT_KUANGDA_ZUANYING_NAME,钻营,,
TRAIT_KUANGDA_ZUANYING_TRAIT_NAME,钻营,,
TRAIT_LILINFU_STUDENT_NAME,右相门生,,
TRAIT_LILINFU_STUDENT_TRAIT_NAME,右相门生,,
TRAIT_NEAR_DEATH_MIND_BROKEN_NAME,心智破损,,
TRAIT_NEAR_DEATH_MIND_BROKEN_TRAIT_NAME,心智破损,,
TRAIT_POISONED_CONDITIONAL_TIME_PENALTY,腹中隐隐作痛，这毒物怕不是那日试药留下的…,,
TRAIT_POISONED_NAME,中毒,,
TRAIT_POISONED_NARRATIVE_MURMUR,腹中隐隐作痛，这毒物怕不是那日试药留下的…,,
TRAIT_POISONED_TRAIT_NAME,中毒,,
TRAIT_SEVERE_INJURY_EXPIRY_ACTION,重伤行动不便,,
TRAIT_SEVERE_INJURY_EXPIRY_DENGGAO,重伤登高,,
TRAIT_SEVERE_INJURY_NAME,重伤,,
TRAIT_SEVERE_INJURY_TRAIT_NAME,重伤,,
TRAIT_SPRAINED_ANKLE_NAME,崴脚,,
TRAIT_SPRAINED_ANKLE_NARRATIVE_MURMUR,脚踝还在隐隐发疼，走路得慢些。,,
TRAIT_SPRAINED_ANKLE_TRAIT_NAME,崴脚,,
TRAIT_STRONG_BODY_NAME,身强体壮,,
TRAIT_STRONG_BODY_TRAIT_NAME,身强体壮,,
TRAIT_TERMINAL_ILLNESS_NAME,病入膏肓,,
TRAIT_TERMINAL_ILLNESS_TRAIT_NAME,病入膏肓,,
TRES_735_YOUTH_ERA_DESCRIPTION_0,735年，青年杜甫游历泰山,,
TRES_735_YOUTH_ERA_NAME_0,青年漫游,,
TRES_745_AMBITION_ERA_DESCRIPTION_0,745年，杜甫初入长安，怀抱功名之志,,
TRES_745_AMBITION_ERA_NAME_0,入世/功名时期,,
TRES_747KUANGDA_DENGGAO_LEYOU_MORNING_EMOTION_FATIGUE_DESCRIPTION_0,掸了掸肩上露水，头也不回地朝雾中走去。,,
TRES_747KUANGDA_DENGGAO_LEYOU_MORNING_EMOTION_FATIGUE_DESCRIPTION_1,收回目光，继续看着雾中的终南山影。,,
TRES_747KUANGDA_DENGGAO_LEYOU_MORNING_EMOTION_FATIGUE_DESCRIPTION_2,稍稍侧身，给对方腾出半边靠着的树身。,,
TRES_747KUANGDA_DENGGAO_LEYOU_MORNING_EMOTION_FATIGUE_DESCRIPTION_3,秋日清晨，你沿着湿滑的石阶登上乐游原。晨雾比前几日更浓，长安城的轮廓浮在雾中，像一幅未干透的水墨画。你靠在一棵老槐树粗糙的树干上时，膝盖咯吱响了一声。远处终南山的影子在雾里时隐时现，早市的叫卖声和人语碎片断断续续随风送上来。有人登原，在你身后几步停住——拂了拂石凳上的露水，坐了下来，没说话，也没起身离开。你垂下眼，看见自己袖口的泥渍和鞋帮上干涸的草屑。,,
TRES_747KUANGDA_DENGGAO_LEYOU_MORNING_EMOTION_FATIGUE_NAME_0,雾重肩沉,,
TRES_747KUANGDA_DENGGAO_LEYOU_NIGHT_EMOTION_FATIGUE_DESCRIPTION_0,你站起身，对着那片灯火长长吐出一口浊气。,,
TRES_747KUANGDA_DENGGAO_LEYOU_NIGHT_EMOTION_FATIGUE_DESCRIPTION_1,你抽出腰间酒囊，仰头灌了一口，又将目光投向远处。,,
TRES_747KUANGDA_DENGGAO_LEYOU_NIGHT_EMOTION_FATIGUE_DESCRIPTION_2,你侧耳细听那车马声，辨认来人身份，手按膝头缓缓站起。,,
TRES_747KUANGDA_DENGGAO_LEYOU_NIGHT_EMOTION_FATIGUE_DESCRIPTION_3,你背靠一块半埋入土的残碑坐下，膝盖咯吱响了一声。风从原下灌上来，撩动衣摆。远处万家灯火明灭不定，像蒸腾的雾气。你听着风声，听着自己粗重的呼吸。有车马声从身后传来，停在坡下。,,
TRES_747KUANGDA_DENGGAO_LEYOU_NIGHT_EMOTION_FATIGUE_NAME_0,倚石听灯,,
TRES_747KUANGDA_DENGGAO_PAGODA_NIGHT_EMOTION_FATIGUE_DESCRIPTION_0,对着无名碑哼了一句乡谣，转身去拨弄塔铃。,,
TRES_747KUANGDA_DENGGAO_PAGODA_NIGHT_EMOTION_FATIGUE_DESCRIPTION_1,收下这片月光，拍了拍膝上的灰，望向远处。,,
TRES_747KUANGDA_DENGGAO_PAGODA_NIGHT_EMOTION_FATIGUE_DESCRIPTION_2,倚着碑时调整了腰背的弧度，让脊骨贴合石面的凉意。,,
TRES_747KUANGDA_DENGGAO_PAGODA_NIGHT_EMOTION_FATIGUE_DESCRIPTION_3,你沿着塔基走到北侧，在无名碑前停下。腿沉得抬不动，索性靠着石碑坐下，膝盖咯吱一声。月光被塔身切去一半，碑文的上半截泛着白，下半截埋在阴影里。你盯着几行字看了一会儿——那些名字入眼，但没入脑，像水从石面滑过。风从塔檐穿过来，铜铃响了两三声，又安静了。远处有更夫梆子响，一声长一声短，接着是几声狗叫。你坐着，脚底能感到底下砖缝的凉。坐了约莫一盏茶的时间，起了身，腿麻得厉害，扶了一把石碑才站稳。影子在地上从歪的拉成正的。你没再看碑文，顺着来路往回走。,,
TRES_747KUANGDA_DENGGAO_PAGODA_NIGHT_EMOTION_FATIGUE_NAME_0,碑前枯坐，月落风停,,
TRES_747KUANGDA_DENGGAO_SHAOLING_NIGHT_EMOTION_FATIGUE_DESCRIPTION_0,站起来拍拍土，转身朝鬼火方向走去。,,
TRES_747KUANGDA_DENGGAO_SHAOLING_NIGHT_EMOTION_FATIGUE_DESCRIPTION_1,从腰间解下水囊，仰头灌了一口，继续盯着远处的长安。,,
TRES_747KUANGDA_DENGGAO_SHAOLING_NIGHT_EMOTION_FATIGUE_DESCRIPTION_2,解下外袍折好垫在石头上，调整姿势靠得更舒服些。,,
TRES_747KUANGDA_DENGGAO_SHAOLING_NIGHT_EMOTION_FATIGUE_DESCRIPTION_3,深夜少陵原，鬼火在古墓间游移。你在枯树下靠了许久，腿酸了，背疼了，索性坐下。风穿过枯枝呜呜作响，远处长安城的灯火明明灭灭。你数了几遍，数到一半忘了数到哪，干脆不数了。膝盖咯吱响了一声，你揉了揉，没动。,,
TRES_747KUANGDA_DENGGAO_SHAOLING_NIGHT_EMOTION_FATIGUE_NAME_0,鬼火明灭长安倦,,
TRES_747_KUANGDA_ERA_DESCRIPTION_0,747年，杜甫经历了官场失意后逐渐走向旷达,,
TRES_747_KUANGDA_ERA_NAME_0,旷达时期,,
TRES_755_BACKHOME_NAME_0,755年回奉先县,,
TRES_ACQUAINT_SHENYI_TAVERN_DESCRIPTION_0,放下酒杯，侧耳继续听下去。,,
TRES_ACQUAINT_SHENYI_TAVERN_DESCRIPTION_1,邻桌几个汉子正说得热闹，唾沫星子飞溅。其中一个拍着桌子：「我家那小子烧了三天三夜，城南那几家药铺都走遍了，银子花了一箩筐，屁用没有！后来经人指点找了西市那位神医——就三剂药，隔天就能下地跑！」旁边的人纷纷凑头过去打听住处。你端起酒杯抿了一口，记下了这个名字。,,
TRES_ACQUAINT_SHENYI_TAVERN_NAME_0,坊间传闻,,
TRES_AFTER_CRASHOUT_2_DESCRIPTION_0,怎么办....你跌跌撞撞的跑了出去,,
TRES_AFTER_CRASHOUT_2_DESCRIPTION_1,你恍惚了一下，想起了昨天的遭遇。几乎是绝望的，你的脸一下子煞白，瘫坐在地上。手指用力抓住地面，探索着你中道崩卒的理想路径。,,
TRES_AFTER_CRASHOUT_3_DESCRIPTION_0,去吃点东西吧,,
TRES_AFTER_CRASHOUT_3_DESCRIPTION_1,一路上，你都在愤恨着。你知道自己的才华，但这个杀千刀的世界，右相大人，就没来由的拦截了你。,,
TRES_AFTER_CRASHOUT_4_DESCRIPTION_0,继续拜谒,,
TRES_AFTER_CRASHOUT_4_DESCRIPTION_1,“既然庙堂朽坏，我便去结交这世间真正的风流人物！太白兄、摩诘兄（王维），只要与他们诗酒唱和，让我李杜之名响彻长安，何愁大唐没有我施展抱负的青天！”,,
TRES_AFTER_CRASHOUT_4_DESCRIPTION_2,你坐在角落里喝着闷酒。隔壁桌的几个太学生正在高声谈论：“听说了吗？太白先生昨日在沉香亭，醉草吓蛮书，连高力士都得给他脱靴！只凭这惊世的诗才，皇上便赐了他翰林供奉！”你握着酒杯的手微微一颤。你的脑海中闪过李林甫那张阴沉的脸，又闪过李白狂放的笑声。一条隐秘而辉煌的道路，在你面前徐徐展开。,,
TRES_AFTER_CRASHOUT_4_DISABLED_REASON_0,你只有这一条路,,
TRES_AFTER_CRASHOUT_4_NAME_0,茶肆里的狂言,,
TRES_AFTER_CRASHOUT_DESCRIPTION_0,不对..发生了什么？,,
TRES_AFTER_CRASHOUT_DESCRIPTION_1,...睁开眼睛，先于阳光袭来的是一股酒精的味道和一股恶臭。你下意识准备爬起来，但手摸到的不是自家床榻通常的柔软被子，而是坚硬的石头。稍微直起身来。你看见一个颓废的老头，胡须花白，正睡在你对面。矮桌上还有半盏没喝完的酒。你一阵眩晕想吐。强撑着站起来，扶着墙，真准备往右相府门口走。,,
TRES_AFTER_CRASHOUT_NAME_0,酒醒之后,,
TRES_AMBITION_LOUSHI_DESCRIPTION_0,尽管失败于一手遮天的右相府，你仍然相信你可以通过各种方法获得官职，清整这个世界。,,
TRES_AMBITION_LOUSHI_NAME_0,陋室通天,,
TRES_AMBITION_LOUSHI_PERCEPTION_TEXT_0,你变成了狂客。是真狂还是假旷达，真逃避？谁也说不清。,,
TRES_AMBITION_LOUSHI_PERCEPTION_TEXT_1,你不止一次想起来自己的老婆孩子——但更多的是自己的政治报复。你曲意逢迎，希望这样可以带来好结局。,,
TRES_AMBITION_LOUSHI_PERCEPTION_TEXT_2,你被生活的重压折弯了腰，你不再在意什么政治，你唯一关系的就是填饱自己的肚子。,,
TRES_ASTUTENESS_DESCRIPTION_0,你的城府与心计。城府越高，势衰减越小，浊流交互消耗大减，但你的声望积累会因此放缓。,,
TRES_ASTUTENESS_GAIN_TEXT_0,心思缜密了几分,,
TRES_ASTUTENESS_GAIN_TEXT_1,城府日深,,
TRES_ASTUTENESS_GAIN_TEXT_2,运筹帷幄，深藏不露,,
TRES_ASTUTENESS_GAIN_TEXT_3,翻云覆雨，一手遮天,,
TRES_ASTUTENESS_LOSS_TEXT_0,露了破绽,,
TRES_ASTUTENESS_LOSS_TEXT_1,心思被看穿,,
TRES_ASTUTENESS_LOSS_TEXT_2,底牌暴露,,
TRES_ASTUTENESS_LOSS_TEXT_3,心防尽碎，再无遮掩,,
TRES_ASTUTENESS_NAME_0,城府,,
TRES_ASTUTENESS_PERCEPTION_TEXT_0,心思单纯,,
TRES_ASTUTENESS_PERCEPTION_TEXT_1,略有心计,,
TRES_ASTUTENESS_PERCEPTION_TEXT_2,城府渐深,,
TRES_ASTUTENESS_PERCEPTION_TEXT_3,深不可测,,
TRES_ASTUTENESS_PERCEPTION_TEXT_4,幕后执棋,,
TRES_BACKHOME_AMBITION_DEADLINE_WARNING_0,如果你回不去，你的尸体和路边那些无名的流民混在一起，被同一场大雪掩埋。远在奉先的妻子还在等一个永远不会到来的好消息。你甚至没能看一眼那个被大火点燃的乱世,,
TRES_BACKHOME_AMBITION_DESCRIPTION_0,你终于拿到了那身发绿的从八品下官服。你迫不及待地想要向奉先县的妻儿报喜。这十年的长安风雪，终究是没有白挨。只要穿过骊山，渡过那条结冰的河，一切都会好起来的。大概吧。,,
TRES_BACKHOME_AMBITION_NAME_0,衣锦还乡,,
TRES_BACKHOME_AMBITION_PERCEPTION_TEXT_0,冷。官服的布料比你想象的还要单薄。腰带在寒风中断裂，僵硬的手指甚至无法将它重新打结。没关系，只要走快一点，风就追不上你,,
TRES_BACKHOME_AMBITION_PERCEPTION_TEXT_1,风里飘来极其浓郁的肉香和温泉的暖意。那是骊山，是你这十年苦苦拜谒的权贵们冬日寻欢的地方。路边的雪堆里倒着几个僵硬的流民，你低着头，不敢看他们，也不敢看骊山。,,
TRES_BACKHOME_AMBITION_PERCEPTION_TEXT_2,猛风把天地撕成碎片。你失去了方向，只剩下一具凭本能在雪地里挪动的躯壳。你开始怀疑，从八品下的俸禄，真的能买到足够全家人过冬的生麦吗？,,
TRES_BACKHOME_AMBITION_PERCEPTION_TEXT_3,你到了。那个漏风的茅草屋就在前面。推开门，你就能看见他们了。,,
TRES_BACKHOME_INDIFFERENT_WIND_1_DESCRIPTION_0,脱下官服，换上破棉袄,,
TRES_BACKHOME_INDIFFERENT_WIND_1_DESCRIPTION_1,裹紧官服死撑,,
TRES_BACKHOME_INDIFFERENT_WIND_1_DESCRIPTION_2,你引以为傲的、朝廷刚发的那身从八品下绿色官服，用的是最劣质的单薄丝帛，在雪地里吸满水后结成了冰甲。,,
TRES_BACKHOME_INDIFFERENT_WIND_1_NAME_0,一片太白,,
TRES_BACKHOME_INSIDE_THE_WOOD_DESCRIPTION_0,门开了。屋里比外面更冷。没有哭声。土炕上的那个小小的襁褓，已经和底下的稻草[glitch level=5.0]冻结成了一块坚硬的冰疙瘩[/glitch]。你本能地想要把怀里那层象征身份的绿袍脱下来盖上去，但那层布料早就被风雪撕成了碎条。大唐的从八品下右卫率府兵曹参军，站在大唐的盛世里。你试图调用那个名为‘父亲’的接口，但物理世界只向你抛回了[glitch level=10.0]ERR_TARGET_ENTITY_DEAD[/glitch]。,,
TRES_BACKHOME_INSIDE_THE_WOOD_NAME_0,推开门,,
TRES_BACKHOME_LISHAN_1_DESCRIPTION_0,闭眼快步走过,,
TRES_BACKHOME_LISHAN_1_DESCRIPTION_1,死死盯住这墙外的冻死骨,,
TRES_BACKHOME_LISHAN_1_DESCRIPTION_2,骊山的行宫里，天子正在论功行赏。那是大唐的最高 API 接口，输出着绝对的恩典与仁慈。但你低头看着路边那具衣不蔽体的女尸，你的大脑陷入了死循环。你从小学习的《论语》告诉你，雷霆雨露皆是君恩；但十年长安的常识告诉你，骊山里赏赐的每一匹丝绸，都精准对应着墙外某个被抽干鲜血的家庭。国家没有缺陷，天子依然圣明，只是大唐的注意力不再分配给这些路边的冻死骨了。,,
TRES_BACKHOME_LISHAN_1_NAME_0,赏骊山,,
TRES_BACKHOME_OUTSIDE_CITY_1_DESCRIPTION_0,向东走,,
TRES_BACKHOME_OUTSIDE_CITY_1_DESCRIPTION_1,盯着灞桥，直到雪盖满身,,
TRES_BACKHOME_OUTSIDE_CITY_1_DESCRIPTION_2,灞桥的残柳被冻成铁丝。你努力挺直腰板，试图让那身薄得透风的从八品下绿袍显出几分官威，好对得起这十年的卑躬屈膝。你本想饮尽最后一口浊酒赋诗一首，但冻僵的酒壶粘住了嘴唇，撕下一层皮。狂风灌进胃里，把你精心排练的衣锦还乡，吹成了一个毫无知觉的死循环。,,
TRES_BACKHOME_OUTSIDE_CITY_1_NAME_0,灞桥之别,,
TRES_BACKHOME_THE_WOOD_DESCRIPTION_0,推开门,,
TRES_BACKHOME_THE_WOOD_DESCRIPTION_1,那扇漏风的破木门就在眼前。门缝里透不出半点柴火的光。你僵硬的手指正要触碰门环，一阵极其沉闷的啼哭声穿透了木板。这声音不像是属于人间的，它像是在你冻僵的颅骨腔内直接震荡。,,
TRES_BACKHOME_THE_WOOD_FAILED_HINT_0,[shake rate=15 level=4]（开门... 开门... 我是从八品下的官员... 我带了俸禄回来... 只要开门一切都会好起来的...）[/shake],,
TRES_BACKHOME_THE_WOOD_NAME_0,叩门,,
TRES_BAIYE_ASKING_FOR_ACTUAL_STUFF_DESCRIPTION_0,我要考上！崛起吧唐人！,,
TRES_BAIYE_ASKING_FOR_ACTUAL_STUFF_DESCRIPTION_1,你感觉逐渐和豪强们打好关系了，现在应该开始实际请求他们的支持了,,
TRES_BAIYE_ASKING_FOR_ACTUAL_STUFF_NAME_0,开始实际拜谒,,
TRES_BAIYE_MASS_DISTRIBUTION_FALLBACK_DESCRIPTION_0,你的行卷辗转递到了{@npc_name}手中。这位大人翻阅了片刻，虽未当场表态，却也没有随手丢弃——而是将你的诗文收进了案头的卷宗里。你瞧在眼中，心中燃起一线希望。,,
TRES_BAIYE_MASS_DISTRIBUTION_FALLBACK_NAME_0,泥牛入海,,
TRES_BAIYE_NORMAL_FALLBACK_DESCRIPTION_0,你递上名帖候见，门人延请入内。{@npc_name}倒也和气，虽未予你什么明确的承诺，却也让座奉了茶，问了几句近来的文章。出门时你细细回味，觉得这一趟不算白来。,,
TRES_BAIYE_NORMAL_FALLBACK_NAME_0,无处投刺,,
TRES_BAIYE_POEM_VISIT_FALLBACK_DESCRIPTION_0,递上新诗，主家展卷细读，缓缓点头。虽说今日并未许下任何承诺，但那扇门至少没有当面关上。,,
TRES_BAIYE_POEM_VISIT_FALLBACK_NAME_0,携诗叩门,,
TRES_BAIYE_SHENYI_UPGRADE_DESCRIPTION_0,拱手称谢，心中暗记此人的名号。,,
TRES_BAIYE_SHENYI_UPGRADE_DESCRIPTION_1,你在西市巷陌间辗转打听，终于寻到了那间不起眼的医庐。门帘半卷，药香扑鼻。神医正在院里翻晒药材，见你来访也不惊讶，只指了指檐下的竹凳让你坐。你递上名帖，他放下手中的药杵，用粗布擦了擦手，接过去看了看。「你就是他们说的那个杜甫？」他笑着斟了一碗药茶推过来，「我听过你的诗。坐，不急。」,,
TRES_BAIYE_SHENYI_UPGRADE_NAME_0,西市医庐,,
TRES_BAIYE_THREATEN_FAILED_FALLBACK_DESCRIPTION_0,那封密信被原封不动地退了回来。当晚，一群黑衣家丁堵住了你的归路。拳脚如雨，你在泥地里蜷作一团，肋骨传来清脆的断裂声。把柄已然暴露——但对方翻脸不认账。,,
TRES_BAIYE_THREATEN_FAILED_FALLBACK_NAME_0,密信败露,,
TRES_BAIYE_THREATEN_FALLBACK_DESCRIPTION_0,一封密信递入门房，对方的脸色从倨傲变成惶惑。三日后，银两如数送至。那扇朱门，如今见你远远绕道而行。,,
TRES_BAIYE_THREATEN_FALLBACK_NAME_0,密信要挟,,
TRES_BAI_YE_DESCRIPTION_0,投刺候见，叩响朱门,,
TRES_BAI_YE_LOCK_NARRATIVE_0,朱门紧闭，闻说主人病重，谢绝一切宾客,,
TRES_BAI_YE_NAME_0,拜谒,,
TRES_BAI_YE_REAL_APPEARANCE_FALLBACK_DESCRIPTION_0,呈上诗稿,,
TRES_BAI_YE_REAL_APPEARANCE_FALLBACK_DESCRIPTION_1,只是恭维,,
TRES_BAI_YE_REAL_APPEARANCE_FALLBACK_DESCRIPTION_2,"诗尚可,把名字抹了,改日送与刘参军.又转头向你笑道:赐坐,赏你一壶茶.侍从端来一壶冷茶",,
TRES_BAI_YE_REAL_APPEARANCE_FALLBACK_NAME_0,冷茶与残稿,,
TRES_CHANGAN_WALK_04_MARKET_TRAMPLE_STRUGGLE_DESCRIPTION_0,试图用袖口擦去上面的泥水...,,
TRES_CHANGAN_WALK_04_MARKET_TRAMPLE_STRUGGLE_INFO_0,越擦越黑。【致君尧舜上，再使风俗淳】的墨迹彻底化开了。,,
TRES_CHANGAN_WALK_04_MARKET_TRAMPLE_STRUGGLE_NAME_0,人群终于散去。那卷轴已经和泥水糊成了一团黑泥，散发着腥臭。,,
TRES_CHANGAN_WALK_05_OBSERVE_ZHENGQIAN_DESCRIPTION_0,你看着他，又看了看自己脚下那摊糊满泥水的干谒诗稿...,,
TRES_CHANGAN_WALK_05_OBSERVE_ZHENGQIAN_DESCRIPTION_1,你呆立在泥水坑前。不远处的酒肆屋檐下，你看到了国子监广文馆博士郑虔。他正把几枚生锈的铜钱排在案上，换了一角最劣质的浊酒。一阵风吹过，你曾以为他那身打满补丁却洗得发白的青衫是名士的‘清流作秀’，直到此刻，你看到他在寒风中不受控制地瑟缩了一下，却依然小心翼翼地用袖口护着怀里那方廉价的残墨。,,
TRES_CHANGAN_WALK_06_THE_CALL_DESCRIPTION_0,犹豫了一下，你勉强的笑着，又开始狂笑，大步走向了那个同样落魄的老头。,,
TRES_CHANGAN_WALK_06_THE_CALL_DESCRIPTION_1,郑虔转过头，看到了浑身泥水、失魂落魄的你，也看到了地上的残稿。他没有问你考得如何，也没有丝毫的怜悯。他只是笑着扬了扬手里的酒葫芦，朝你招手：【子美！愣着干嘛？今夜金吾不禁，这上等的酸米酒，我请客！】,,
TRES_CHANGAN_WALK_07_MIDNIGHT_PARTING_DESCRIPTION_0,目送他的背影消失在黑暗中...,,
TRES_CHANGAN_WALK_07_MIDNIGHT_PARTING_DESCRIPTION_1,酒的辛辣在胃里渐渐褪去，却奇迹般地抵御了春夜的死寒。上元节的喧闹已近尾声，长街上满是被踩烂的灯笼纸。郑虔拍了拍你的肩膀，裹紧那件单薄的青衫，摇摇晃晃地走入了没有灯光的暗巷。\\n\\n'子美，这长安的月亮，在哪看都一样。' 他没有劝你留下，也没有劝你离开。,,
TRES_CHANGAN_WALK_08_THE_CROSSROADS_DESCRIPTION_0,[未解锁] 捡起烂泥里的残稿。也许明天去右相府门前长跪不起，哪怕只求个幕僚的位子……,,
TRES_CHANGAN_WALK_08_THE_CROSSROADS_DESCRIPTION_1,天大笑，将残酒猛地泼在那团烂泥般的诗稿上。去他娘的野无遗贤！,,
TRES_CHANGAN_WALK_08_THE_CROSSROADS_DESCRIPTION_2,你独自站在冷风中。左手是那团糊满烂泥的干谒诗稿，右手是空荡荡的酒碗。过去的三年，你就像一台精确的机器，每天在那些朱门前计算着笑容的弧度和弯腰的角度。现在，你看着地上相国府马车留下的深深车辙，那股支撑着你的发条……好像断了。,,
TRES_CHANGAN_WALK_08_THE_CROSSROADS_DISABLED_REASON_0,一阵寒风吹过，你猛地干呕起来。你的胃和你的脊梁比理智更早做出了决定——你已经无法强迫自己的双膝再弯下去了。(未解锁，正式版解锁）,,
TRES_COMPOSURE_DESCRIPTION_0,你心性的稳固程度。定力越高，承受的伤害越小，但兴致起伏也变得平缓，更沉静内敛。,,
TRES_COMPOSURE_GAIN_TEXT_0,心神稍定,,
TRES_COMPOSURE_GAIN_TEXT_1,心性沉稳了不少,,
TRES_COMPOSURE_GAIN_TEXT_2,八风不动，心若磐石,,
TRES_COMPOSURE_GAIN_TEXT_3,外物不扰，心镜无尘,,
TRES_COMPOSURE_LOSS_TEXT_0,心湖微澜,,
TRES_COMPOSURE_LOSS_TEXT_1,心神不宁,,
TRES_COMPOSURE_LOSS_TEXT_2,方寸大乱,,
TRES_COMPOSURE_LOSS_TEXT_3,心神崩溃，万念俱灰,,
TRES_COMPOSURE_NAME_0,定力,,
TRES_COMPOSURE_PERCEPTION_TEXT_0,心如乱麻,,
TRES_COMPOSURE_PERCEPTION_TEXT_1,心猿意马,,
TRES_COMPOSURE_PERCEPTION_TEXT_2,心神安定,,
TRES_COMPOSURE_PERCEPTION_TEXT_3,心如止水,,
TRES_COMPOSURE_PERCEPTION_TEXT_4,泰山崩于前而色不变,,
TRES_DA_YOU_SHI_DESCRIPTION_0,罢了,,
TRES_DA_YOU_SHI_DESCRIPTION_1,你随意吟了几句，觉得不成体统，也就搁下了。,,
TRES_DA_YOU_SHI_NAME_0,打油诗,,
TRES_DECISION_BECOME_OFFICIAL_DESCRIPTION_0,从八品下小官，月薪两斗麦,,
TRES_DECISION_BECOME_OFFICIAL_NAME_0,奉诏：吏部告身,,
TRES_DEFAULT_AMBITION_DEADLINE_WARNING_0,一旦你的寿命到达，你会死！,,
TRES_DEFAULT_AMBITION_DESCRIPTION_0,你只是一个普通人,,
TRES_DEFAULT_AMBITION_NAME_0,普通人,,
TRES_DEFAULT_AMBITION_PERCEPTION_TEXT_0,你的身体不行,,
TRES_DEFAULT_AMBITION_PERCEPTION_TEXT_1,你是一个好人,,
TRES_DEFAULT_AMBITION_PERCEPTION_TEXT_2,你吃了很多蛋白粉,,
TRES_DEMONSTRATE_POEM_TO_PEOPLE_DESCRIPTION_0,公开展示你的诗词,,
TRES_DEMONSTRATE_POEM_TO_PEOPLE_DESCRIPTION_1,私下展示你的诗词,,
TRES_DEMONSTRATE_POEM_TO_PEOPLE_NAME_0,如何展示你的诗词？,,
TRES_DENGGAO_FALLBACK_DESCRIPTION_0,也罢\n登高本为遣兴，今日既无此心，强求反而不美。凭栏远眺，云低风急，不如归去。,,
TRES_DENGGAO_FALLBACK_NAME_0,登高失趣,,
TRES_DENGGAO_LEYOUYUAN_FAILED_FALLBACK_DESCRIPTION_0,失足\n登至半途，脚下碎石松动，一个趔趄险些跌倒。虽无大碍，却也失了兴致，只得悻悻下山。,,
TRES_DENGGAO_LEYOUYUAN_FAILED_FALLBACK_NAME_0,登高失足,,
TRES_DENGGAO_LEYOUYUAN_FALLBACK_DESCRIPTION_0,登高\n乐游原上秋风猎猎，天高云淡。你登至高处，俯瞰长安城郭如棋盘，胸中块垒为之一舒。,,
TRES_DENGGAO_LEYOUYUAN_FALLBACK_NAME_0,乐游原上,,
TRES_DENGGAO_QUJIANGCHI_FAILED_FALLBACK_DESCRIPTION_0,兴尽\n曲江池畔游人如织，喧闹不堪。本想寻一处清静，却被嘈杂扰了心境，兴致索然，转身离去。,,
TRES_DENGGAO_QUJIANGCHI_FAILED_FALLBACK_NAME_0,曲江兴尽,,
TRES_DENGGAO_QUJIANGCHI_FALLBACK_DESCRIPTION_0,游春\n曲江池畔春色正浓，烟柳画桥，游人如织。你沿池漫步，看碧波荡漾，听莺啼燕语，心神为之一畅。,,
TRES_DENGGAO_QUJIANGCHI_FALLBACK_NAME_0,曲江游春,,
TRES_DENGGAO_SHAOLINGYUAN_FAILED_FALLBACK_DESCRIPTION_0,荒原\n登上少陵原，满目荒草萋萋，断碑残垣散落其间。想起昔年在此吟咏的前辈，而今安在？不觉悲从中来。,,
TRES_DENGGAO_SHAOLINGYUAN_FAILED_FALLBACK_NAME_0,悲少陵,,
TRES_DENGGAO_SHAOLINGYUAN_FALLBACK_DESCRIPTION_0,登高\n少陵原上秋草萋萋，你登至高处凭吊古迹。断碑残垣间，依稀可见前朝题刻，不觉神游千载，诗兴勃发。,,
TRES_DENGGAO_SHAOLINGYUAN_FALLBACK_NAME_0,少陵怀古,,
TRES_DENG_GAO_DESCRIPTION_0,遣兴楼台，暂忘浮生。,,
TRES_DENG_GAO_LOCK_NARRATIVE_0,风雨骤至，郊原路断，苍天不与人便,,
TRES_DENG_GAO_NAME_0,远游,,
TRES_DISEASE_DONGSHANG_FROSTBITE_DESCRIPTION_0,指节冻伤，屈伸不利，皮肉青紫。,,
TRES_DISEASE_DONGSHANG_FROSTBITE_NAME_0,冻伤初起,,
TRES_DISEASE_DONGSHANG_NECROSIS_DESCRIPTION_0,指尖坏死，皮肉焦黑如炭，关节锁死，痛觉尽失。,,
TRES_DISEASE_DONGSHANG_NECROSIS_NAME_0,冻疮坏死,,
TRES_DISEASE_FEILAO_CHRONIC_DESCRIPTION_0,肺气已损，咳血不止，形销骨立。,,
TRES_DISEASE_FEILAO_CHRONIC_NAME_0,肺痨,,
TRES_DISEASE_FENGHAN_ACUTE_DESCRIPTION_0,风寒入体，头痛身热，咳嗽不止。,,
TRES_DISEASE_FENGHAN_ACUTE_NAME_0,风寒急,,
TRES_DISEASE_FENGHAN_IMAGINARY_DESCRIPTION_0,意象耗尽，风寒入骨。健康流失速度倍增。,,
TRES_DISEASE_FENGHAN_IMAGINARY_DISPLAY_CHAR_0,寒,,
TRES_DISEASE_FENGHAN_IMAGINARY_NAME_0,风寒,,
TRES_DISEASE_OUXINLIXUE_DESCRIPTION_0,意象耗尽，心神俱损。每旬流失生命，行动上限永久削减。,,
TRES_DISEASE_OUXINLIXUE_DISPLAY_CHAR_0,血,,
TRES_DISEASE_OUXINLIXUE_NAME_0,呕心沥血,,
TRES_DISEASE_SHIYI_DEPRESSION_DESCRIPTION_0,宦海浮沉，壮志难酬，心中郁结难解,,
TRES_DISEASE_SHIYI_DEPRESSION_NAME_0,失意之郁,,
TRES_DISEASE_ZHANWANG_MANIA_DESCRIPTION_0,狂言谵语，不避亲疏，形神皆乱。,,
TRES_DISEASE_ZHANWANG_MANIA_NAME_0,谵狂,,
TRES_DRUNKEN_OBLIVION_DROWN_MEMORY_DESCRIPTION_0,仰头饮尽最后一碗。碗底朝天，一滴不剩。,,
TRES_DRUNKEN_OBLIVION_DROWN_MEMORY_DESCRIPTION_1,酒旗在风里拍得猎猎作响。你推开那扇半掩的门，酒保看你一眼便不再说话——他认得这种眼神。你要了最烈的那种，不是品，是灌。每一口下去，昨日在权贵门前的记忆就淡一分。酒坛见底时，昨夜那张谄媚的嘴脸终于开始模糊——像墨迹在水里散开。你不记得付了多少钱，只记得走出门时，长安的月光刺得眼睛发酸。,,
TRES_DRUNKEN_OBLIVION_DROWN_MEMORY_NAME_0,买醉忘忧,,
TRES_DUFU_AMBITION_DEADLINE_WARNING_0,天宝六载秋科举，若叩不开这扇门，你的一身才华，终将沦为盛世的笑柄。,,
TRES_DUFU_AMBITION_DESCRIPTION_0,你想齐家治国平天下，而这需要以跃入体制为前提。带着半生心血的行卷，你站到了长安的朱门之外。权贵的手指缝里，漏下的是天下士子的命运。,,
TRES_DUFU_AMBITION_NAME_0,致君尧舜上,,
TRES_DUFU_AMBITION_PERCEPTION_TEXT_0,「状态」长安布衣。相府的门房连正眼都不会看你。长安城的名利场里，查无此人。,,
TRES_DUFU_AMBITION_PERCEPTION_TEXT_1,「状态」名动公卿。你的干谒诗已被多位权贵传阅。只要再多送些盘缠，补上几首好诗，似乎就只差那临门一脚了,,
TRES_DUFU_AMBITION_PERCEPTION_TEXT_2,窃比稷契。相国已向你许下重诺。你自认才华已比肩上古贤相稷与契，立登要路津，就在今朝！,,
TRES_DUZHUO_FANGJIAN_TINGWEN_FAILED_FALLBACK_DESCRIPTION_0,酒肆中人来人往，你侧耳听了半晌，却都是些家长里短的闲话。掌柜收了酒钱，用抹布敷衍地擦了一下桌面，什么新鲜事也没有。,,
TRES_DUZHUO_FANGJIAN_TINGWEN_FAILED_FALLBACK_NAME_0,无所获,,
TRES_DUZHUO_FANGJIAN_TINGWEN_FALLBACK_DESCRIPTION_0,酒肆角落，一桌客人压低了声音在谈——{@imaginary_gain_hint}。你端着杯，装作看窗外的雨，耳朵却一字不漏地收着。说者无心，听者有意，这倒是意外所得。,,
TRES_DUZHUO_FANGJIAN_TINGWEN_FALLBACK_NAME_0,偶得奇闻,,
TRES_DUZHUO_HEYAOJIU_FAILED_FALLBACK_DESCRIPTION_0,药酒葫芦见了底，可身上的毒症却纹丝不动。这药方，怕是不对症。,,
TRES_DUZHUO_HEYAOJIU_FAILED_FALLBACK_NAME_0,药不对症,,
TRES_DUZHUO_HEYAOJIU_FALLBACK_DESCRIPTION_0,从袖中取出药酒葫芦，仰头灌下一口。药味辛辣，入腹却化作一股暖流，身上的毒症似乎轻了几分。,,
TRES_DUZHUO_HEYAOJIU_FALLBACK_NAME_0,药酒祛毒,,
TRES_DUZHUO_XIAOZHUO_FAILED_FALLBACK_DESCRIPTION_0,杯中之酒寡淡如水，喝了半日也不见暖意。这酒怕是掺了水，白花了银钱。,,
TRES_DUZHUO_XIAOZHUO_FAILED_FALLBACK_NAME_0,寡淡无味,,
TRES_DUZHUO_XIAOZHUO_FALLBACK_DESCRIPTION_0,拈起酒杯，浅浅抿了一口。酒水温润入喉，微醺之际，只觉得身上轻快了些许。,,
TRES_DUZHUO_XIAOZHUO_FALLBACK_NAME_0,小酌怡情,,
TRES_DU_ZHUO_DESCRIPTION_0,闭门谢客，借酒避世。,,
TRES_DU_ZHUO_LOCK_NARRATIVE_0,酒瓮见底，四邻沽尽，无处可得一滴,,
TRES_DU_ZHUO_NAME_0,闲居,,
TRES_END_OF_EXAM_DESCRIPTION_0,结束了。？,,
TRES_END_OF_EXAM_DESCRIPTION_1,你彻底失败了,,
TRES_END_OF_EXAM_INFO_0,门卫看都没看你一眼。,,
TRES_END_OF_EXAM_INFO_1,相国府的后门也对你关上了。,,
TRES_END_OF_EXAM_INFO_2,你发现自己连打点下人的铜钱都没了...,,
TRES_END_OF_EXAM_NAME_0,结束了...?,,
TRES_EVENT_AMBITION_START_DESCRIPTION_0,磨墨，在卷首郑重写下你的名字,,
TRES_EVENT_AMBITION_START_DESCRIPTION_1,长安的物价贵得令人咋舌。你在城南偏僻的客舍里租下了一张散发着霉味的床榻，点燃了身上最后半截劣质的残烛。案几上，是你准备投递给当朝右相李林甫的诗文。夜风透窗，烛火摇晃得让人心慌。窗外的萤火虫闪烁，好像暗示着你，和你的才华的命运,,
TRES_EVENT_AMBITION_START_NAME_0,中年寻志,,
TRES_EVENT_BACKHOME_START_DESCRIPTION_0,走吧,,
TRES_EVENT_BACKHOME_START_DESCRIPTION_1,你决定回家看看。一路从东门灞桥出，到骊山，强渡渭河。再到奉先县,,
TRES_EVENT_BACKHOME_START_NAME_0,衣锦还乡,,
TRES_EVENT_CHANGAN_CITYWALK_START_DESCRIPTION_0,你本能地跑向最近的一处朱门屋檐下避雨。,,
TRES_EVENT_CHANGAN_CITYWALK_START_DESCRIPTION_1,正午。第一滴雨砸在你袖口的墨迹上。紧接着是倾盆大雨。一辆紫盖马车从朱雀大街疾驰而过，泥水劈头盖脸浇透了你的白袍。,,
TRES_EVENT_CHANGAN_CITYWALK_START_EXAMPLE_0,银瓶乍破水浆迸，铁骑突出刀枪鸣。,,
TRES_EVENT_CHANGAN_CITYWALK_START_NAME_0,晌午雨降,,
TRES_EVENT_CHANGAN_DANCER_DESCRIPTION_0,捡起来,,
TRES_EVENT_CHANGAN_DANCER_DESCRIPTION_1,一队戴着傩面具的舞者欢呼着冲进人群。你被重重地撞在肩膀上，摔倒在青石板上。怀里那卷写满治国策论和干谒诗的卷轴滚落进了地上的水坑里。,,
TRES_EVENT_CHANGAN_DANCER_INFO_0,一只穿着丝绸锦履的脚踩在了卷轴上。紧接着是第二只、第三只。欢笑的人群从你身边涌过。当你再抽回卷轴时，上面的字迹已经和泥水糊成了一团黑泥。,,
TRES_EVENT_CHANGAN_DANCER_NAME_0,欢呼,,
TRES_EVENT_CHANGAN_EXILED_BY_WEALTH_DESCRIPTION_0,跌跌撞撞的逃入暗巷,,
TRES_EVENT_CHANGAN_EXILED_BY_WEALTH_DESCRIPTION_1,砰！朱门半开，一根水火棍猛地杵在你的胸口，将你推入雨中。【滚远点，别脏了相府的台阶！】,,
TRES_EVENT_CHANGAN_EXILED_BY_WEALTH_NAME_0,背叛,,
TRES_EVENT_CHANGAN_FANGSHI_DESCRIPTION_0,伸手摸向腰间的褡裢...,,
TRES_EVENT_CHANGAN_FANGSHI_DESCRIPTION_1,你顺着人流走入西市。胡姬在酒肆二楼撒下花瓣，杂耍艺人喷出的火龙照亮了半条街。羊肉汤的浓烈香气直往鼻子里钻，你的胃里发出一阵痉挛的绞痛。路边的汤饼摊正冒着热气。,,
TRES_EVENT_CHANGAN_FANGSHI_INFO_0,褡裢里空空如也。为了打点考官和干谒权贵，你已经花光了最后一文铜钱。摊主原本堆笑的脸瞬间冷了下来，用抹布猛地一甩桌子：【不吃别挡道！】,,
TRES_EVENT_CHANGAN_POORAREA_DESCRIPTION_0,靠在湿冷的墙壁上，直到雨停...,,
TRES_EVENT_CHANGAN_POORAREA_DESCRIPTION_1,你跌入屋背后的暗巷。这里积水没过脚踝，混合着腐烂的菜叶和马粪味。一个蜷缩在草席下的流民递过来半块发黑的胡饼：“别饿死了”。你下意识地想要摆手拒绝，却借着闪电，看清了自己伸出去的手——指甲缝里塞满黑泥，袖口破裂，比那流民好不到哪去,,
TRES_EVENT_CHANGAN_POORAREA_INFO_0,老天...我怎么没发现这里有这么多穷人？,,
TRES_EVENT_CHANGAN_POORAREA_NAME_0,物伤其类,,
TRES_EVENT_CHANGAN_RAINSTOP_MARKET_DESCRIPTION_0,走向坊市,,
TRES_EVENT_CHANGAN_RAINSTOP_MARKET_DESCRIPTION_1,雨停时已是入夜。远处的坊门没有像往常一样关闭。今夜是上元灯节，金吾不禁。漫天的红灯笼亮了起来。,,
TRES_EVENT_CHANGAN_RAINSTOP_MARKET_NAME_0,上元喜庆,,
TRES_EVENT_CHANGAN_UNDER_WEALTH_DESCRIPTION_0,你正拧干袖子上的泥水...,,
TRES_EVENT_CHANGAN_UNDER_WEALTH_DESCRIPTION_1,朱门宏大，辉煌。金色的檐角在雨中熠熠生辉，屋檐宽大的站三个人都绰绰有余。可能是因为才下雨，这里只有你一个人。你终于可以气定神闲的站在朱门下躲雨，就像以前常做的那样,,
TRES_EVENT_CHANGAN_UNDER_WEALTH_NAME_0,朱门远客,,
TRES_EVENT_CHANGHE_GUEST_DESCRIPTION_0,对方等待着你先出一首诗,,
TRES_EVENT_CHANGHE_GUEST_NAME_0,和@{target_npc}唱和,,
TRES_EVENT_CHAT_GUEST_DESCRIPTION_0,你有什么事吗？,,
TRES_EVENT_CHAT_GUEST_DESCRIPTION_1,{@target_npc}看着你,,
TRES_EVENT_CHAT_GUEST_NAME_0,和他聊天,,
TRES_EVENT_COOLDOWN_WALL_DESCRIPTION_0,转身离去,,
TRES_EVENT_COOLDOWN_WALL_DESCRIPTION_1,你来到门前，家仆通报后回话说主人身体不适，这三旬概不见客。你只得转身离去。,,
TRES_EVENT_COOLDOWN_WALL_NAME_0,避而不见,,
TRES_EVENT_DEATH_HEALTH_LUANSHI_DEATH_HINT_0,死于身体支撑不住,,
TRES_EVENT_DEATH_HEALTH_LUANSHI_DESCRIPTION_0,结束观测,,
TRES_EVENT_DEATH_HEALTH_LUANSHI_DESCRIPTION_1,你死了，但你的痛苦也结束了。你不再需要为家人而担忧，你不再需要为百姓而痛苦：你死了，它带走了你的痛苦，忧患，才气和人格。,,
TRES_EVENT_DEATH_HEALTH_LUANSHI_NAME_0,次好结局,,
TRES_EVENT_DEATH_HEALTH_NORMAL_DEATH_HINT_0,在乱世不知道被谁所杀。这个世道？你自己？,,
TRES_EVENT_DEATH_HEALTH_NORMAL_DESCRIPTION_0,结束模拟,,
TRES_EVENT_DEATH_HEALTH_NORMAL_DESCRIPTION_1,你死了，你变成了一具尸体，这样不是坏的，在乱世中反而可能是最好的结局,,
TRES_EVENT_DEATH_HEALTH_NORMAL_NAME_0,好结局,,
TRES_EVENT_DEMO_SLIDE_FROM_BOTTOM_DESCRIPTION_0,确认,,
TRES_EVENT_DEMO_SLIDE_FROM_BOTTOM_DESCRIPTION_1,此事件应从屏幕底部向上滑入。选择确认后无副作用，后续事件回归正常（默认顶部滑入）。,,
TRES_EVENT_DEMO_SLIDE_FROM_BOTTOM_INFO_0,纸带从底部滑入 —— 动画策略测试成功。,,
TRES_EVENT_DEMO_SLIDE_FROM_BOTTOM_NAME_0,纸带测试 · 下方滑入,,
TRES_EVENT_DO_FAVOR_DESCRIPTION_0,好,,
TRES_EVENT_DO_FAVOR_DESCRIPTION_1,你主动示好，对方有些意外，对你多了几分善意。,,
TRES_EVENT_DO_FAVOR_FENGYING_DESCRIPTION_0,好,,
TRES_EVENT_DO_FAVOR_FENGYING_DESCRIPTION_1,你以逢迎之道交好，对方欣然接纳。,,
TRES_EVENT_DO_FAVOR_FENGYING_NAME_0,逢迎之交,,
TRES_EVENT_DO_FAVOR_KUANGKE_DESCRIPTION_0,好,,
TRES_EVENT_DO_FAVOR_KUANGKE_DESCRIPTION_1,你以狂客之姿示好，对方不敢怠慢。,,
TRES_EVENT_DO_FAVOR_KUANGKE_NAME_0,狂客之交,,
TRES_EVENT_DO_FAVOR_NAME_0,主动交好,,
TRES_EVENT_DO_FAVOR_ZUANYING_DESCRIPTION_0,好,,
TRES_EVENT_DO_FAVOR_ZUANYING_DESCRIPTION_1,你以钻营之道结交，对方见有利可图，态度热切。,,
TRES_EVENT_DO_FAVOR_ZUANYING_NAME_0,钻营之交,,
TRES_EVENT_EXAM_747_DESCRIPTION_0,"\""十年寒窗，在此一举！\""",,
TRES_EVENT_EXAM_747_NAME_0,天宝六年春，大考之日。,,
TRES_EVENT_FIRST_BLOOD_RIGHT_PRIME_DESCRIPTION_0,恭敬地递上行卷，并在下面压上你大半的盘缠,,
TRES_EVENT_FIRST_BLOOD_RIGHT_PRIME_DESCRIPTION_1,右相府的朱门比你想象的还要高耸。出乎意料，接待你的并非粗鄙的门卫，而是一位衣着考究的相府主簿。他面带春风般的微笑，甚至命人给你端来了一杯温度恰到好处的茶水。主簿修长的手指不经意地将银钱拨入袖中，随手翻开你的行卷瞥了一眼首联。'好字。'他赞许地点点头，'杜公子的才情，在下必定如实禀报相爷。回去静候佳音吧。,,
TRES_EVENT_FIRST_BLOOD_RIGHT_PRIME_INFO_0,你走出相府，秋风微凉，但你的内心却已被这句客套话点燃了熊熊烈火。,,
TRES_EVENT_FIRST_BLOOD_RIGHT_PRIME_NAME_0,初见相府,,
TRES_EVENT_GET_OFFICIAL_DESCRIPTION_0,获取,,
TRES_EVENT_GET_OFFICIAL_DESCRIPTION_1,获得从八品官，月薪两斗米,,
TRES_EVENT_GET_OFFICIAL_NAME_0,吏部 · 官赏,,
TRES_EVENT_INTRO_745_DESCRIPTION_0,踏入长安，谋求出身,,
TRES_EVENT_INTRO_745_DESCRIPTION_1,你站在长安的明德门外，抬头望着这座被盛世狂热笼罩的庞大都城。你的行囊里没有多少盘缠，只有一卷你自认足以惊动天下公卿的诗稿。,,
TRES_EVENT_INTRO_745_NAME_0,天宝四载，初入长安,,
TRES_EVENT_MONEY_LOWER_0_INNKEEPER_DESCRIPTION_0,咬牙撑过去,,
TRES_EVENT_MONEY_LOWER_0_INNKEEPER_DESCRIPTION_1,旬末结算，囊中已无一文钱。客栈老板骂骂咧咧地将你赶出门外，寒风中你蜷缩在街角……,,
TRES_EVENT_MONEY_LOWER_0_INNKEEPER_NAME_0,流落街头,,
TRES_EVENT_SOCIAL_ROUTER_DESCRIPTION_0,交好,,
TRES_EVENT_SOCIAL_ROUTER_DESCRIPTION_1,威胁,,
TRES_EVENT_SOCIAL_ROUTER_DESCRIPTION_2,返回,,
TRES_EVENT_SOCIAL_ROUTER_DESCRIPTION_3,你掌握了对方的把柄，是交好还是威胁？,,
TRES_EVENT_SOCIAL_ROUTER_NAME_0,社交行动,,
TRES_EVENT_TALK_GUEST_DESCRIPTION_0,你好，{@target_npc},,
TRES_EVENT_TALK_GUEST_DESCRIPTION_1,去看看其他活动,,
TRES_EVENT_TALK_GUEST_DESCRIPTION_2,主动唱和,,
TRES_EVENT_TALK_GUEST_DESCRIPTION_3,要干什么呢？,,
TRES_EVENT_TALK_GUEST_NAME_0,和宾客说话,,
TRES_EVENT_TEST_LEVERAGE_ADD_DESCRIPTION_0,好，记下了。,,
TRES_EVENT_TEST_LEVERAGE_ADD_DESCRIPTION_1,你暗中查访，掌握了对方的一个把柄。,,
TRES_EVENT_TEST_LEVERAGE_ADD_NAME_0,暗中调查,,
TRES_EVENT_THREATEN_FAILED_DESCRIPTION_0,算你狠,,
TRES_EVENT_THREATEN_FAILED_DESCRIPTION_1,对方嗤笑一声，你的威胁软弱无力，如同蝼蚁撼树。,,
TRES_EVENT_THREATEN_FAILED_NAME_0,威胁落空,,
TRES_EVENT_THREATEN_FENGYING_DESCRIPTION_0,继续,,
TRES_EVENT_THREATEN_FENGYING_DESCRIPTION_1,逢迎者八面玲珑，你的威胁如石沉大海。,,
TRES_EVENT_THREATEN_FENGYING_FAILED_HINT_0,威胁被无视,,
TRES_EVENT_THREATEN_FENGYING_NAME_0,逢迎之胁,,
TRES_EVENT_THREATEN_FENGYING_SUCCESS_HINT_0,威胁奏效,,
TRES_EVENT_THREATEN_GENERIC_DESCRIPTION_0,继续,,
TRES_EVENT_THREATEN_GENERIC_DESCRIPTION_1,你隐晦地暗示手中的把柄，对方神情一紧。,,
TRES_EVENT_THREATEN_GENERIC_FAILED_HINT_0,威胁被无视,,
TRES_EVENT_THREATEN_GENERIC_NAME_0,暗中威胁,,
TRES_EVENT_THREATEN_GENERIC_SUCCESS_HINT_0,威胁奏效,,
TRES_EVENT_THREATEN_KUANGKE_DESCRIPTION_0,继续,,
TRES_EVENT_THREATEN_KUANGKE_DESCRIPTION_1,狂客本性狷狂，你的威胁如烈火烹油。,,
TRES_EVENT_THREATEN_KUANGKE_FAILED_HINT_0,威胁被无视,,
TRES_EVENT_THREATEN_KUANGKE_NAME_0,狂客之胁,,
TRES_EVENT_THREATEN_KUANGKE_SUCCESS_HINT_0,威胁奏效,,
TRES_EVENT_THREATEN_SUCCESS_DESCRIPTION_0,哼，知道怕就好。,,
TRES_EVENT_THREATEN_SUCCESS_DESCRIPTION_1,抓住了对方的痛处，对方冷汗涔涔，不得不服软。,,
TRES_EVENT_THREATEN_SUCCESS_NAME_0,威胁成功,,
TRES_EVENT_THREATEN_ZUANYING_DESCRIPTION_0,继续,,
TRES_EVENT_THREATEN_ZUANYING_DESCRIPTION_1,钻营者利益至上，你的威胁正中软肋。,,
TRES_EVENT_THREATEN_ZUANYING_FAILED_HINT_0,威胁被无视,,
TRES_EVENT_THREATEN_ZUANYING_NAME_0,钻营之胁,,
TRES_EVENT_THREATEN_ZUANYING_SUCCESS_HINT_0,威胁奏效,,
TRES_FANGSHI_BANZHUAN_FAILED_FALLBACK_DESCRIPTION_0,白忙\n搬了半日砖，累得腰酸背痛。到黄昏找工头结账，他却皱眉道：「今日主家没给钱，改日再来。」一句改日，不知又是何日。,,
TRES_FANGSHI_BANZHUAN_FAILED_FALLBACK_NAME_0,白忙一场,,
TRES_FANGSHI_BANZHUAN_FALLBACK_DESCRIPTION_0,诺,,
TRES_FANGSHI_BANZHUAN_FALLBACK_DESCRIPTION_1,搬砖今日市口热闹，工头见你膀大腰圆，招手便唤：「来得好！正缺人手。」你扛了几趟砖石，虽汗流浃背，倒也挣得几文铜钱。,,
TRES_FANGSHI_BANZHUAN_FALLBACK_NAME_0,搬砖糊口,,
TRES_FANGSHI_FALLBACK_DESCRIPTION_0,市井无声\n坊间寂寥，商贩稀疏，偶有过客也是行色匆匆。无甚可看之处，不如归去翻翻书卷。,,
TRES_FANGSHI_FALLBACK_NAME_0,坊市萧索,,
TRES_FANGSHI_FGMAIZI_FAILED_FALLBACK_DESCRIPTION_0,知音稀\n有人驻足看了半晌，你以为是知音，却听他道：「这字写得倒是有力，可惜不似王右军。」你苦笑——世人只知右军，哪知天地之大，岂止一家？,,
TRES_FANGSHI_FGMAIZI_FAILED_FALLBACK_NAME_0,知音难觅,,
TRES_FANGSHI_FGMAIZI_FALLBACK_DESCRIPTION_0,卖字\n你带着近日最得意的一幅字来到东市，寻了个显眼的位置挂起来。有识货的文人驻足良久，最终点头掏钱——虽不多，却是知音之价。,,
TRES_FANGSHI_FGMAIZI_FALLBACK_NAME_0,风骨卖字,,
TRES_FANGSHI_MAIZI_FAILED_FALLBACK_DESCRIPTION_0,市侩\n摆了一上午摊，好不容易来了个问价的，却是个附庸风雅的商人。嫌你字「不够工整」，只肯出三文钱的润笔费，气得你收摊走人。,,
TRES_FANGSHI_MAIZI_FAILED_FALLBACK_NAME_0,斯文扫地,,
TRES_FANGSHI_MAIZI_FALLBACK_DESCRIPTION_0,卖字\n铺开宣纸，研墨挥毫，写了三两幅字挂在摊前。有路人驻足看了看，掏出几文钱买去——虽不识草隶行楷，倒也图个新鲜。,,
TRES_FANGSHI_MAIZI_FALLBACK_NAME_0,卖字换米,,
TRES_FANGSHI_SELL_POEM_FAILED_FALLBACK_DESCRIPTION_0,无人问津\n你辗转几个歌坊递上新词，皆被婉拒——「这位先生的诗，不合时下的调子」。你只得将诗稿收回袖中。,,
TRES_FANGSHI_SELL_POEM_FAILED_FALLBACK_NAME_0,无人问津,,
TRES_FANGSHI_SELL_POEM_FALLBACK_DESCRIPTION_0,平康坊传唱\n你将诗稿递入平康坊。数日后，坊中歌女竟已在传唱你的新词——虽只卖了几个铜板，但曲声穿过帘栊，落在行人的耳边。,,
TRES_FANGSHI_SELL_POEM_FALLBACK_NAME_0,歌女传唱,,
TRES_FANGSHI_SHIYAO_FAILED_FALLBACK_DESCRIPTION_0,试药\n掌柜的递来一碗新配的汤药，说是大补之方。你喝下去只觉得腹中翻腾，冷汗涔涔，半天缓不过气来——这药怕是配错了。,,
TRES_FANGSHI_SHIYAO_FAILED_FALLBACK_NAME_0,药不对症,,
TRES_FANGSHI_SHIYAO_FALLBACK_DESCRIPTION_0,试药\n掌柜的递来一碗新配的汤药，说是补气血的方子。你仰头喝下，药性平和，倒无不适。掌柜满意地点点头，从柜下摸出几枚铜钱递来。,,
TRES_FANGSHI_SHIYAO_FALLBACK_NAME_0,试药换钱,,
TRES_FANG_SHI_DESCRIPTION_0,脱下长衫,,
TRES_FANG_SHI_LOCK_NARRATIVE_0,适逢某公忌日，长安罢市，百肆紧闭,,
TRES_FANG_SHI_NAME_0,集市,,
TRES_FENGXIAN_ASK_LIZHENG_DESCRIPTION_0,转身离开,,
TRES_FENGXIAN_ASK_LIZHENG_DESCRIPTION_1,里正还坐在那张磨得发亮的木凳上，像是从未挪过。你走过去的时候，他正[glitch level=6]闭着眼[/glitch]晒太阳——不，也许只是在打盹。冬天的太阳没有温度，照在他脸上像一层薄灰。,,
TRES_FENGXIAN_ASK_LIZHENG_INFO_0,里正闭着眼，指了一个你根本不认识的方向。风里…听不到哭声了。,,
TRES_FENGXIAN_ASK_LIZHENG_NAME_0,村口的里正,,
TRES_FENGXIAN_ASK_LIZHENG_TRANSITION_TEXT_0,我怎么对这个地方一点都不熟悉,,
TRES_FENGXIAN_FAMILIAR_PATH_DESCRIPTION_0,折返回村口,,
TRES_FENGXIAN_FAMILIAR_PATH_DESCRIPTION_1,你凭着十年前的记忆在这片田野里摸索。路早就被荒草吞没了大半，但方向还在骨头里。风从奉先县城那边吹过来，夹着一股[glitch]柴̧̧̱̰̣̱̈̄̃̇́̀́̄烟̄̂̈̆̂̇̌̀[/glitch]味。,,
TRES_FENGXIAN_FAMILIAR_PATH_INFO_0,远处的茅草屋里传来婴儿断断续续的啼哭，像是在硬撑。,,
TRES_FENGXIAN_FAMILIAR_PATH_NAME_0,熟悉的路径,,
TRES_FENGXIAN_FAMILIAR_PATH_TRANSITION_TEXT_0,你回到村头，察看着四周,,
TRES_FENGXIAN_OLD_HOME_CORPSE_DESCRIPTION_0,退出门外,,
TRES_FENGXIAN_OLD_HOME_CORPSE_DESCRIPTION_1,门虚掩着。你推开门，屋里的霉味混着一股甜腻的腐烂气息迎面扑来。地上趴着一具[glitch level=4]干尸[/glitch]——骨节粗大，肩宽，不像女人，更不是孩子。你蹲下来翻看尸体的手，指节上有老茧，是握锄头的痕迹。,,
TRES_FENGXIAN_OLD_HOME_CORPSE_INFO_0,你急疯了，在泥水里跌跌撞撞。那阵哭声变得极其微弱，几乎要被风声盖过。,,
TRES_FENGXIAN_OLD_HOME_CORPSE_NAME_0,旧居,,
TRES_FENGXIAN_OLD_HOME_CORPSE_TRANSITION_TEXT_0,哭声弱下来了...,,
TRES_FENGXIAN_VILLAGE_ENTRANCE_DESCRIPTION_0,沿着记忆中的小径，去找十年前住过的那间屋,,
TRES_FENGXIAN_VILLAGE_ENTRANCE_DESCRIPTION_1,回头去找村口的里正，他应该知道这些年发生了什么,,
TRES_FENGXIAN_VILLAGE_ENTRANCE_DESCRIPTION_2,不去问人，直接凭着直觉去找那间漏雨的老屋,,
TRES_FENGXIAN_VILLAGE_ENTRANCE_DESCRIPTION_3,你站在奉先村的村口，风从骊山方向灌过来，把衣摆吹得猎猎作响。十年前的记忆在脑子里乱撞，每条巷子都像，又都不像。村口的老槐树还在，但树下的石凳上坐着陌生的人。,,
TRES_FENGXIAN_VILLAGE_ENTRANCE_FAILED_HINT_0,你不知道家在哪里,,
TRES_FENGXIAN_VILLAGE_ENTRANCE_NAME_0,奉先村村头,,
TRES_FENGXIAN_VILLAGE_ENTRANCE_REVISIT_DESCRIPTION_0,沿着记忆中的小径，去找十年前住过的那间屋,,
TRES_FENGXIAN_VILLAGE_ENTRANCE_REVISIT_DESCRIPTION_1,回头去找村口的里正，他应该知道这些年发生了什么,,
TRES_FENGXIAN_VILLAGE_ENTRANCE_REVISIT_DESCRIPTION_2,不去问人，直接凭着直觉去找那间漏雨的老屋,,
TRES_FENGXIAN_VILLAGE_ENTRANCE_REVISIT_DESCRIPTION_3,向小木屋走去,,
TRES_FENGXIAN_VILLAGE_ENTRANCE_REVISIT_DESCRIPTION_4,你又站在了村口。风还是从骊山方向来，但现在你知道有些东西已经不一样了。里正死了，那片你住过的区域已经换了模样——他们似乎搬迁到了你不熟悉的地方。你不常回来，也没钱，这些年村子对你来说，已经成了一个陌生的地方。,,
TRES_FENGXIAN_VILLAGE_ENTRANCE_REVISIT_FAILED_HINT_0,你知道那里不对，里正死了，他们似乎搬迁到了你不熟悉的地方,,
TRES_FENGXIAN_VILLAGE_ENTRANCE_REVISIT_FAILED_HINT_1,你知道那里不对，里正死了，他们似乎搬迁到了你不熟悉的地方,,
TRES_FENGXIAN_VILLAGE_ENTRANCE_REVISIT_FAILED_HINT_2,你知道那里不对，里正死了，他们似乎搬迁到了你不熟悉的地方,,
TRES_FENGXIAN_VILLAGE_ENTRANCE_REVISIT_NAME_0,奉先村村头,,
TRES_FENG_ZHAO_DESCRIPTION_0,写诗,,
TRES_FENG_ZHAO_LOCK_NARRATIVE_0,文思枯涩，笔端如坠千钧，纸上空无一字,,
TRES_FENG_ZHAO_NAME_0,奉召,,
TRES_FOCUSED_CHAT_ENTER_EXAM_DESCRIPTION_0,开始考试,,
TRES_FOCUSED_CHAT_ENTER_EXAM_NAME_0,你带着这几年在长安四处干谒换来的微薄名望，深吸一口气，跨过贡院高高的门槛。阳光洒在你的白袍上，你觉得大唐的未来就在你笔下。,,
TRES_FOCUSED_CHAT_ENTER_EXAM_NAME_1,进入贡院,,
TRES_FOCUSED_CHAT_EXAM_FIRST_QUESTION_DESCRIPTION_0,选A,,
TRES_FOCUSED_CHAT_EXAM_FIRST_QUESTION_NAME_0,正常的诗词题,,
TRES_FOCUSED_CHAT_EXAM_FIRST_QUESTION_NAME_1,第一题,,
TRES_FOCUSED_CHAT_EXAM_SECOND_QUESTION_DESCRIPTION_0,针砭时弊：言明边镇兵权过重，朝堂言路闭塞。,,
TRES_FOCUSED_CHAT_EXAM_SECOND_QUESTION_DESCRIPTION_1,违心作答：“右相调理阴阳，海内晏清，真乃千古贤相！”,,
TRES_FOCUSED_CHAT_EXAM_SECOND_QUESTION_DISABLED_REASON_0,考官死死盯着你的笔尖。你敢写下半个字，今天就别想活着走出贡院。,,
TRES_FOCUSED_CHAT_EXAM_SECOND_QUESTION_INFO_0,你感到一阵反胃,,
TRES_FOCUSED_CHAT_EXAM_SECOND_QUESTION_NAME_0,试卷的第二题并非诗词经义，而是策问：“今圣上垂拱而治，右相理政，天下如何？”你握紧了笔，冷汗滴在纸上。主考官（李林甫的心腹）在走道里来回巡视，眼神阴冷。,,
TRES_FOCUSED_CHAT_EXAM_SECOND_QUESTION_NAME_1,第二题,,
TRES_GAN_LU_DESCRIPTION_0,长路漫漫，归乡,,
TRES_GAN_LU_NAME_0,归家,,
TRES_HEALTH_DESCRIPTION_0,你的生命之本。健康越低，行动越受限。低于20将触发濒死危机。,,
TRES_HEALTH_GAIN_TEXT_0,精神稍振,,
TRES_HEALTH_GAIN_TEXT_1,容光焕发,,
TRES_HEALTH_GAIN_TEXT_2,脱胎换骨，百病不侵,,
TRES_HEALTH_LOSS_TEXT_0,偶感不适,,
TRES_HEALTH_LOSS_TEXT_1,病来如山倒,,
TRES_HEALTH_LOSS_TEXT_2,命悬一线,,
TRES_HEALTH_PERCEPTION_TEXT_0,奄奄一息,,
TRES_HEALTH_PERCEPTION_TEXT_1,体弱多病,,
TRES_HEALTH_PERCEPTION_TEXT_2,尚算康健,,
TRES_HEALTH_PERCEPTION_TEXT_3,身强体健,,
TRES_HEALTH_PERCEPTION_TEXT_4,百病不侵,,
TRES_HOLD_FEAST_FAILURE_FALLBACK_DESCRIPTION_0,宴席之上，玉盘珍馐，觥筹交错。你端着酒杯在人群中穿梭，试图与几位说得上话的人物攀谈。然而这些贵人要么被更显赫的宾客包围，要么对你只是敷衍地点头寒暄便转身而去。夜深宴散，朱门在身后吱呀关上。你立在阶下，望着一地狼藉的残烛，心中空落落的。这重金购得的入席券，终究没有换来一句承诺。,,
TRES_HOLD_FEAST_FAILURE_FALLBACK_NAME_0,宴散人空,,
TRES_HOLD_FEAST_SUCCESS_FALLBACK_DESCRIPTION_0,朱门之内，灯火辉煌。你与{@npc_name}相谈甚欢，从他的言谈中你感受到此人虽素未谋面，却在长安城中颇有根基。宴罢，{@npc_name}从袖中取出一封亲笔书信递给你，以作引荐之资。,,
TRES_HOLD_FEAST_SUCCESS_FALLBACK_NAME_0,宴上知遇,,
TRES_IDEA_CAOMANGLUOTUO_DESCRIPTION_0,宁与市井小民为伍,,
TRES_IDEA_CAOMANGLUOTUO_IDEA_DEMONSTRATIONS_0,势获取效率提高 20%,,
TRES_IDEA_CAOMANGLUOTUO_IDEA_DEMONSTRATIONS_1,下层人的好感提高需要的事件减少 1 旬,,
TRES_IDEA_CAOMANGLUOTUO_NAME_0,势：草莽落拓,,
TRES_IDEA_CHENYUDUNCUO_DESCRIPTION_0,胸中有丘壑，情到深处兴方浓,,
TRES_IDEA_CHENYUDUNCUO_IDEA_DEMONSTRATIONS_0,爬少陵原获取的兴加 80%,,
TRES_IDEA_CHENYUDUNCUO_IDEA_DEMONSTRATIONS_1,被动提升城府上限和加速度（50%）,,
TRES_IDEA_CHENYUDUNCUO_NAME_0,兴：沉郁顿挫,,
TRES_IDEA_CHIZIBAIYI_DESCRIPTION_0,童心未泯，万事皆可兴,,
TRES_IDEA_CHIZIBAIYI_IDEA_DEMONSTRATIONS_0,平时的兴获取效率提高 20%,,
TRES_IDEA_CHIZIBAIYI_IDEA_DEMONSTRATIONS_1,任何一个行动都会附带少量的兴获取，缓慢增加灵感,,
TRES_IDEA_CHIZIBAIYI_NAME_0,兴：赤子白衣,,
TRES_IDEA_QINGLIUFENGGU_DESCRIPTION_0,风骨清高，以才华立身,,
TRES_IDEA_QINGLIUFENGGU_IDEA_DEMONSTRATIONS_0,缓慢增加才华,,
TRES_IDEA_QINGLIUFENGGU_IDEA_DEMONSTRATIONS_1,减少 50%提升清流关系的需求,,
TRES_IDEA_QINGLIUFENGGU_NAME_0,望：清流风骨,,
TRES_IDEA_WULINGSHAONIAN_DESCRIPTION_0,千金散尽还复来,,
TRES_IDEA_WULINGSHAONIAN_IDEA_DEMONSTRATIONS_0,缓慢增加望,,
TRES_IDEA_WULINGSHAONIAN_IDEA_DEMONSTRATIONS_1,增加清流 NPC 交易提供的内容（上一个档次）,,
TRES_IDEA_WULINGSHAONIAN_NAME_0,望：五陵年少,,
TRES_IDEA_ZHEJIEGANYE_DESCRIPTION_0,隐忍待发，攀附权贵,,
TRES_IDEA_ZHEJIEGANYE_IDEA_DEMONSTRATIONS_0,提升携诗拜谒的效果 20%,,
TRES_IDEA_ZHEJIEGANYE_IDEA_DEMONSTRATIONS_1,势上限提高 20%，缓慢增加定力,,
TRES_IDEA_ZHEJIEGANYE_NAME_0,势：折节干谒,,
TRES_INSPIRATION_DESCRIPTION_0,诗兴如泉涌，是创作的不竭动力。兴致愈高，下笔愈畅，灵感迸发。,,
TRES_INSPIRATION_GAIN_TEXT_0,灵光微闪,,
TRES_INSPIRATION_GAIN_TEXT_1,文思如泉涌,,
TRES_INSPIRATION_GAIN_TEXT_2,诗兴勃发，不可遏制,,
TRES_INSPIRATION_GAIN_TEXT_3,如有神助，下笔千言,,
TRES_INSPIRATION_LOSS_TEXT_0,灵感稍纵,,
TRES_INSPIRATION_LOSS_TEXT_1,灵感枯竭,,
TRES_INSPIRATION_LOSS_TEXT_2,无从下笔，心意茫然,,
TRES_INSPIRATION_LOSS_TEXT_3,江郎才尽，文脉断绝,,
TRES_INSPIRATION_NAME_0,兴,,
TRES_INSPIRATION_PERCEPTION_TEXT_0,文思枯竭,,
TRES_INSPIRATION_PERCEPTION_TEXT_1,灵光偶现,,
TRES_INSPIRATION_PERCEPTION_TEXT_2,文思涌动,,
TRES_INSPIRATION_PERCEPTION_TEXT_3,灵感迸发,,
TRES_INSPIRATION_PERCEPTION_TEXT_4,诗兴大发，下笔如有神,,
TRES_INTRO_GACHA_FAILURE_FALLBACK_DESCRIPTION_0,宴席之上，玉盘珍馐，觥筹交错。你端着酒杯在人群中穿梭，试图与几位说得上话的人物攀谈。然而这些贵人要么被更显赫的宾客包围，要么对你只是敷衍地点头寒暄便转身而去。夜深宴散，朱门在身后吱呀关上。你立在阶下，望着一地狼藉的残烛，心中空落落的。这重金购得的入席券，终究没有换来一句承诺。,,
TRES_INTRO_GACHA_FAILURE_FALLBACK_NAME_0,宴散人空,,
TRES_INTRO_GACHA_SUCCESS_FALLBACK_DESCRIPTION_0,雅集之上，墨香与酒香交融。你注意到人群中有一人独坐一角，气度不凡——上前攀谈方知是{@npc_name}。此人虽名声不显，言谈间却见地独到，令你暗自折服。,,
TRES_INTRO_GACHA_SUCCESS_FALLBACK_NAME_0,宴上知遇,,
TRES_JIAOYOU_POEM_PUBLIC_DESCRIPTION_0,献上诗词,,
TRES_JIAOYOU_RECITE_POEM_FAILED_FALLBACK_DESCRIPTION_0,无人应和\n你捧出诗稿，却无人抬头。席上众人已醉，各自谈笑，你的新诗无人问津。,,
TRES_JIAOYOU_RECITE_POEM_FAILED_FALLBACK_NAME_0,无人应和,,
TRES_JIAOYOU_RECITE_POEM_FALLBACK_DESCRIPTION_0,席间诵读\n酒过三巡，众人起哄让你诵读新作。你取出近日的诗稿，朗声念出。满座寂静，随后有人抚掌而叹：「妙！」诗名遂在坊间传开。,,
TRES_JIAOYOU_RECITE_POEM_FALLBACK_NAME_0,席间诵读,,
TRES_JIAOYOU_TONGYOU_CHANGAN_FAILED_FALLBACK_DESCRIPTION_0,策马行过长安街市，本想与友人共赏风物。奈何天公不作美，一场急雨从终南山方向压过来，街上行人四散，你们也只能拨转马头，匆匆退回坊中。檐下听雨声，友人苦笑一声，今日算是白跑了一趟。,,
TRES_JIAOYOU_TONGYOU_CHANGAN_FAILED_FALLBACK_NAME_0,雨阻长安,,
TRES_JIAOYOU_TONGYOU_CHANGAN_FALLBACK_DESCRIPTION_0,与{@npc_name}并辔行过长安街市，朱雀大街两侧的槐树投下斑驳的影子。你们一路谈诗论文，从东市逛到西市，虽未有什么了不得的际遇，却有这半日清闲，也算不负长安好时节。,,
TRES_JIAOYOU_TONGYOU_CHANGAN_FALLBACK_NAME_0,长安偶得,,
TRES_JIAO_YOU_DESCRIPTION_0,交游,,
TRES_JIAO_YOU_LOCK_NARRATIVE_0,故交皆随某王出城射猎，长安空无一人,,
TRES_JIAO_YOU_NAME_0,交游朋友,,
TRES_KUANGDA_1_TO_2_NAME_0,你变得更加旷达了,,
TRES_KUANGDA_2_TO_1_NAME_0,你变得更加不旷达了,,
TRES_KUANGDA_2_TO_3_NAME_0,你变得更加不旷达了,,
TRES_KUANGDA_3_TO_2_NAME_0,你变得更加不旷达了,,
TRES_KUANGKE_QINGLIU_GAOSHI_EMOTION_ANGER_DESCRIPTION_0,你摔碗，我摔碗。河西怎么走——他问的是河西怎么走。,,
TRES_KUANGKE_QINGLIU_GAOSHI_EMOTION_ANGER_DESCRIPTION_1,下杜城西的小酒肆，高适灌下第三碗浊酒，碗底往桌上一顿，酒水溅出来洒了半张桌。「今日在朱雀街碰见兵部的书吏，」他声音压得极低，「他问我河西怎么走——他娘的兵部书吏，问一个幕府参谋河西怎么走。」说完笑得浑身发抖，笑容里有火。,,
TRES_KUANGKE_QINGLIU_GAOSHI_EMOTION_ANGER_IDENTITY_QINGLIU_OFFICIAL_DESCRIPTION_0,你摔碗，我摔碗。河西怎么走——他问的是河西怎么走。,,
TRES_KUANGKE_QINGLIU_GAOSHI_EMOTION_ANGER_IDENTITY_QINGLIU_OFFICIAL_DESCRIPTION_1,下杜城西的小酒肆，高适灌下第三碗浊酒，碗底往桌上一顿，酒水溅出来洒了半张桌。「今日在朱雀街碰见兵部的书吏，」他声音压得极低，「他问我河西怎么走——他娘的兵部书吏，问一个幕府参谋河西怎么走。」说完笑得浑身发抖，笑容里有火。,,
TRES_KUANGKE_QINGLIU_GAOSHI_EMOTION_ANGER_IDENTITY_QINGLIU_OFFICIAL_NAME_0,三碗酒后摔碗,,
TRES_KUANGKE_QINGLIU_GAOSHI_EMOTION_ANGER_NAME_0,三碗酒后摔碗,,
TRES_KUANGKE_QINGLIU_GAOSHI_EMOTION_SORROW_DESCRIPTION_0,走近，并排倚在另一棵柳树上，不说话，和高适一起看路的尽头。,,
TRES_KUANGKE_QINGLIU_GAOSHI_EMOTION_SORROW_DESCRIPTION_1,高适站在官驿门外的柳树下，出神地望着驿道尽头。秋风把他的衣摆反复掀起又落下。听见脚步声，他没有回头。「四十三天了。」手指摸上树干——密密麻麻的刀痕，最新那道还泛着青白的木茬。官袍穿在他身上总觉得大了一号，肩头空落落的。驿站门里有人喊了声「高参军」，他肩背一僵，却没应声。风把柳叶吹落在他肩上，他也没拂去。,,
TRES_KUANGKE_QINGLIU_GAOSHI_EMOTION_SORROW_IDENTITY_QINGLIU_OFFICIAL_DESCRIPTION_0,走近，并排倚在另一棵柳树上，不说话，和高适一起看路的尽头。,,
TRES_KUANGKE_QINGLIU_GAOSHI_EMOTION_SORROW_IDENTITY_QINGLIU_OFFICIAL_DESCRIPTION_1,高适站在官驿门外的柳树下，出神地望着驿道尽头。秋风把他的衣摆反复掀起又落下。听见脚步声，他没有回头。「四十三天了。」手指摸上树干——密密麻麻的刀痕，最新那道还泛着青白的木茬。官袍穿在他身上总觉得大了一号，肩头空落落的。驿站门里有人喊了声「高参军」，他肩背一僵，却没应声。风把柳叶吹落在他肩上，他也没拂去。,,
TRES_KUANGKE_QINGLIU_GAOSHI_EMOTION_SORROW_IDENTITY_QINGLIU_OFFICIAL_NAME_0,第四十三道刀痕,,
TRES_KUANGKE_QINGLIU_GAOSHI_EMOTION_SORROW_NAME_0,第四十三道刀痕,,
TRES_KUANGKE_QINGLIU_LIBAI_EMOTION_ARROGANCE_DESCRIPTION_0,你捡起纸，啐口唾沫在砚台上，提笔改掉他第三联的韵脚。,,
TRES_KUANGKE_QINGLIU_LIBAI_EMOTION_ARROGANCE_DESCRIPTION_1,黄昏时分，李白蹲在下杜城陋室的矮墙头上，像只鹞子。他从怀里掏出一卷纸扔下来，墨迹张牙舞爪，像是写的时候笔跟纸有仇。「前两天写的，第三联总觉得不够劲。」纸卷散开在泥地上，黄昏的光把那些潦草的字迹压得很低。屋里没有点灯。,,
TRES_KUANGKE_QINGLIU_LIBAI_EMOTION_ARROGANCE_IDENTITY_QINGLIU_OWNER_DESCRIPTION_0,你捡起纸，啐口唾沫在砚台上，提笔改掉他第三联的韵脚。,,
TRES_KUANGKE_QINGLIU_LIBAI_EMOTION_ARROGANCE_IDENTITY_QINGLIU_OWNER_DESCRIPTION_1,黄昏时分，李白蹲在下杜城陋室的矮墙头上，像只鹞子。他从怀里掏出一卷纸扔下来，墨迹张牙舞爪，像是写的时候笔跟纸有仇。「前两天写的，第三联总觉得不够劲。」纸卷散开在泥地上，黄昏的光把那些潦草的字迹压得很低。屋里没有点灯。,,
TRES_KUANGKE_QINGLIU_LIBAI_EMOTION_ARROGANCE_IDENTITY_QINGLIU_OWNER_NAME_0,纸与仇,,
TRES_KUANGKE_QINGLIU_LIBAI_EMOTION_ARROGANCE_NAME_0,纸与仇,,
TRES_KUANGKE_QINGLIU_LIBAI_EMOTION_TRANQUILITY_DESCRIPTION_0,你爬上土台，在李白身旁躺下，也闭上眼。,,
TRES_KUANGKE_QINGLIU_LIBAI_EMOTION_TRANQUILITY_DESCRIPTION_1,“你猜我在看什么？”没等你回答，他自己接下去：“什么都没看。就是躺着。”然后他往旁边挪了挪，让出一块干裂的黄土。土台边沿的野草被晒得卷了边，远处的蝉鸣像一根绷紧的弦。,,
TRES_KUANGKE_QINGLIU_LIBAI_EMOTION_TRANQUILITY_IDENTITY_QINGLIU_OWNER_DESCRIPTION_0,你爬上土台，在李白身旁躺下，也闭上眼。,,
TRES_KUANGKE_QINGLIU_LIBAI_EMOTION_TRANQUILITY_IDENTITY_QINGLIU_OWNER_DESCRIPTION_1,“你猜我在看什么？”没等你回答，他自己接下去：“什么都没看。就是躺着。”然后他往旁边挪了挪，让出一块干裂的黄土。土台边沿的野草被晒得卷了边，远处的蝉鸣像一根绷紧的弦。,,
TRES_KUANGKE_QINGLIU_LIBAI_EMOTION_TRANQUILITY_IDENTITY_QINGLIU_OWNER_NAME_0,土台上的白昼星辰,,
TRES_KUANGKE_QINGLIU_LIBAI_EMOTION_TRANQUILITY_NAME_0,土台上的白昼星辰,,
TRES_KUANGKE_QINGLIU_WANGWEI_EMOTION_SORROW_DESCRIPTION_0,你拿起案上那支干透了的笔，在信纸旁的空宣纸上补了几笔枯枝。,,
TRES_KUANGKE_QINGLIU_WANGWEI_EMOTION_SORROW_DESCRIPTION_1,「裴迪说河西入冬了。」手里那张信纸的边角，被他拇指捏得微微发白。他侧身，把信搁在画案空白的宣纸上。,,
TRES_KUANGKE_QINGLIU_WANGWEI_EMOTION_SORROW_IDENTITY_ZHUOLIU_OFFICIAL_DESCRIPTION_0,你拿起案上那支干透了的笔，在信纸旁的空宣纸上补了几笔枯枝。,,
TRES_KUANGKE_QINGLIU_WANGWEI_EMOTION_SORROW_IDENTITY_ZHUOLIU_OFFICIAL_DESCRIPTION_1,「裴迪说河西入冬了。」手里那张信纸的边角，被他拇指捏得微微发白。他侧身，把信搁在画案空白的宣纸上。,,
TRES_KUANGKE_QINGLIU_WANGWEI_EMOTION_SORROW_IDENTITY_ZHUOLIU_OFFICIAL_NAME_0,回廊上，信纸起毛边了,,
TRES_KUANGKE_QINGLIU_WANGWEI_EMOTION_SORROW_NAME_0,回廊上，信纸起毛边了,,
TRES_KUANGKE_QINGLIU_WANGWEI_EMOTION_TRANQUILITY_DESCRIPTION_0,将红叶轻搁王维琴尾，压住未落的弦音。,,
TRES_KUANGKE_QINGLIU_WANGWEI_EMOTION_TRANQUILITY_DESCRIPTION_1,“坐下吧，山色刚好。”面前的蒲团像是特意为你备下的，矮几上的茶还冒着热气。你未接话，只是走过去，将方才山道上拾得的一片红叶轻轻放在琴尾，正压住那根还在微微颤动的弦。,,
TRES_KUANGKE_QINGLIU_WANGWEI_EMOTION_TRANQUILITY_IDENTITY_ZHUOLIU_OFFICIAL_DESCRIPTION_0,将红叶轻搁王维琴尾，压住未落的弦音。,,
TRES_KUANGKE_QINGLIU_WANGWEI_EMOTION_TRANQUILITY_IDENTITY_ZHUOLIU_OFFICIAL_DESCRIPTION_1,“坐下吧，山色刚好。”面前的蒲团像是特意为你备下的，矮几上的茶还冒着热气。你未接话，只是走过去，将方才山道上拾得的一片红叶轻轻放在琴尾，正压住那根还在微微颤动的弦。,,
TRES_KUANGKE_QINGLIU_WANGWEI_EMOTION_TRANQUILITY_IDENTITY_ZHUOLIU_OFFICIAL_NAME_0,山色刚好时,,
TRES_KUANGKE_QINGLIU_WANGWEI_EMOTION_TRANQUILITY_NAME_0,山色刚好时,,
TRES_KUANGKE_QINGLIU_ZHENGQIAN_EMOTION_ANGER_DESCRIPTION_0,你接过纸卷看也不看，一脚把井台上的碎砚台踢进井里：「听个响。」,,
TRES_KUANGKE_QINGLIU_ZHENGQIAN_EMOTION_ANGER_DESCRIPTION_1,广文馆后院，郑虔把一摞学生默写的诗卷摔在井台上，井绳晃了两晃。碎纸从捆扎处崩开，散了一地。「错别字比对的还多——有个学生把『烽火』写成了『峰火』，我怎么教的？」他用拇指和中指掐着鼻梁，掌根压住眼睛，把一卷皱巴巴的纸往你怀里塞，「你看看，你自己看。」纸上的墨迹洇了水，字都鼓着毛边。郑虔的手腕在抖。,,
TRES_KUANGKE_QINGLIU_ZHENGQIAN_EMOTION_ANGER_IDENTITY_QINGLIU_OFFICIAL_DESCRIPTION_0,你接过纸卷看也不看，一脚把井台上的碎砚台踢进井里：「听个响。」,,
TRES_KUANGKE_QINGLIU_ZHENGQIAN_EMOTION_ANGER_IDENTITY_QINGLIU_OFFICIAL_DESCRIPTION_1,广文馆后院，郑虔把一摞学生默写的诗卷摔在井台上，井绳晃了两晃。碎纸从捆扎处崩开，散了一地。「错别字比对的还多——有个学生把『烽火』写成了『峰火』，我怎么教的？」他用拇指和中指掐着鼻梁，掌根压住眼睛，把一卷皱巴巴的纸往你怀里塞，「你看看，你自己看。」纸上的墨迹洇了水，字都鼓着毛边。郑虔的手腕在抖。,,
TRES_KUANGKE_QINGLIU_ZHENGQIAN_EMOTION_ANGER_IDENTITY_QINGLIU_OFFICIAL_NAME_0,井台上的愤懑,,
TRES_KUANGKE_QINGLIU_ZHENGQIAN_EMOTION_ANGER_NAME_0,井台上的愤懑,,
TRES_KUANGKE_QINGLIU_ZHENGQIAN_EMOTION_SORROW_DESCRIPTION_0,杜甫什么也不说，把脚边还没烧的废卷纸一张张递给郑虔。火又续上了。,,
TRES_KUANGKE_QINGLIU_ZHENGQIAN_EMOTION_SORROW_DESCRIPTION_1,「以前觉得教书是天下最好的事，可以教人识字，教人读诗。现在觉得，教他们识字干什么呢？识了字也还是穷。」火盆里的纸灰薄薄地积了一层，他不再往里添纸，就那么坐着。,,
TRES_KUANGKE_QINGLIU_ZHENGQIAN_EMOTION_SORROW_IDENTITY_QINGLIU_OFFICIAL_DESCRIPTION_0,杜甫什么也不说，把脚边还没烧的废卷纸一张张递给郑虔。火又续上了。,,
TRES_KUANGKE_QINGLIU_ZHENGQIAN_EMOTION_SORROW_IDENTITY_QINGLIU_OFFICIAL_DESCRIPTION_1,「以前觉得教书是天下最好的事，可以教人识字，教人读诗。现在觉得，教他们识字干什么呢？识了字也还是穷。」火盆里的纸灰薄薄地积了一层，他不再往里添纸，就那么坐着。,,
TRES_KUANGKE_QINGLIU_ZHENGQIAN_EMOTION_SORROW_IDENTITY_QINGLIU_OFFICIAL_NAME_0,纸灰落定,,
TRES_KUANGKE_QINGLIU_ZHENGQIAN_EMOTION_SORROW_NAME_0,纸灰落定,,
TRES_LEVERAGE_FARM_FAILURE_FALLBACK_DESCRIPTION_0,你在暗巷的角落蹲了整整一夜，腿脚发麻，露水浸透了衣衫。往来的人影在巷口晃了又晃，却没有一个停下来的。更夫的梆子敲了三响，天边已露鱼肚白。你站起身来拍了拍尘土，白费了一夜功夫和几两碎银。这长安城的秘密，比你想的要深得多。,,
TRES_LEVERAGE_FARM_FAILURE_FALLBACK_NAME_0,空守一夜,,
TRES_LEVERAGE_FARM_SUCCESS_FALLBACK_DESCRIPTION_0,你在暗巷的阴影中蹲守了半夜，终于等到了那个低语。一个裹着斗篷的身影匆匆走过，从怀中滑落了一封蜡封的信笺。借着月光匆匆一瞥——竟是{@npc_name}的把柄。你嘴角泛起一丝微笑，将信笺仔细收好，悄无声息地消失在了黑暗中。,,
TRES_LEVERAGE_FARM_SUCCESS_FALLBACK_NAME_0,暗巷拾遗,,
TRES_LIANJU_INTRO_DESCRIPTION_0,开始联句,,
TRES_LIANJU_INTRO_DESCRIPTION_1,联句规则：宾客先就一意象作联句，你对句时需选择你的意象。[br]评分依据：[br]  · 意象等级（L1/L2/L3）决定基础分[br]  · 若你的当前情绪与所选意象契合，将获得额外倍率加成[br]  · 等级越高、情绪越合，得分越高！,,
TRES_LIANJU_INTRO_NAME_0,联句,,
TRES_LIANJU_NPC_TURN_DESCRIPTION_0,欣赏联句,,
TRES_LIANJU_NPC_TURN_DESCRIPTION_1,宾客以「{@lianju_npc_name}」为题，略作沉吟，开口吟道：[br][br]{@npc_couplet},,
TRES_LIANJU_NPC_TURN_NAME_0,联句·宾先,,
TRES_LIANJU_PLAYER_TURN_CUSTOM_EVALUATION,宴席上泛起一丝尴尬的沉默…,,
TRES_LIANJU_PLAYER_TURN_CUSTOM_PICKED_NAME,认输,,
TRES_LIANJU_PLAYER_TURN_DESCRIPTION_0,对句,,
TRES_LIANJU_PLAYER_TURN_DESCRIPTION_1,认输,,
TRES_LIANJU_PLAYER_TURN_DESCRIPTION_2,宾客以「{@lianju_npc_name}」为题吟完，轮到你一展诗才了！[br]选择你的意象来对句，根据意象等级和情绪契合度计分。,,
TRES_LIANJU_PLAYER_TURN_NAME_0,联句·我对,,
TRES_LIANJU_RESULT_DESCRIPTION_0,回到宴席,,
TRES_LIANJU_RESULT_DESCRIPTION_1,你以「{@lianju_picked_name}」对句，赢得 {@lianju_score} 文名！[br]{@lianju_evaluation},,
TRES_LIANJU_RESULT_NAME_0,联句·结果,,
TRES_LIANJU_SHOW_POEM_DESCRIPTION_0,轮到我了,,
TRES_LIANJU_SHOW_POEM_DESCRIPTION_1,{@npc_couplet}[br][br]——好一句「{@lianju_npc_name}」！现在轮到你对句了。,,
TRES_LIANJU_SHOW_POEM_NAME_0,联句·赏诗,,
TRES_LIBAI_TASTE_INFO_0,“尚才相戏尔！”,,
TRES_LILINFU_PROMISE_DESCRIPTION_0,穿过重重院落，相府的奢华让你甚至不敢抬头。你被引至一处熏着沉香的幽静暖阁。珠帘掀开，那位权倾朝野的大唐右相，并没有端坐在高堂之上。,,
TRES_LILINFU_PROMISE_DESCRIPTION_1,是子美吗？快，上前些，让老夫好好看看。,,
TRES_LILINFU_PROMISE_DESCRIPTION_2,相爷，草民那卷《雕赋》……不知是否污了相爷的眼。,,
TRES_LILINFU_PROMISE_DESCRIPTION_3,（叹气）大唐太庞大了，朝堂上尽是些尸位素餐的蠢物。老夫昨夜挑灯将你的赋看了三遍……字字珠玑，这是王佐之才啊！,,
TRES_LILINFU_PROMISE_DESCRIPTION_4,他竟亲自离座，走到你面前。那双翻手为云覆手为雨的手，重重地、却又极具温度地拍了拍你的肩膀。,,
TRES_LILINFU_PROMISE_DESCRIPTION_5,天下，太需要你这样的年轻人了。回去好好歇息，无需再四处奔波受气。明年的春闱科举，老夫要在紫宸殿的金榜上，看到你的名字,,
TRES_LILINFU_PROMISE_DESCRIPTION_6,欣喜若狂,,
TRES_LILINFU_PROMISE_DESCRIPTION_7,你终于获得了一次面见右相的机会,,
TRES_LILINFU_PROMISE_NAME_0,旁白,,
TRES_LILINFU_PROMISE_NAME_1,李林甫,,
TRES_LILINFU_PROMISE_NAME_2,杜甫,,
TRES_LILINFU_PROMISE_NAME_3,李林甫,,
TRES_LILINFU_PROMISE_NAME_4,旁白,,
TRES_LILINFU_PROMISE_NAME_5,李林甫,,
TRES_LILINFU_PROMISE_NAME_6,面见右相,,
TRES_MEET_YOUXIANG_DESCRIPTION_0,是时候去拜访一下那位一人之下的右相了...,,
TRES_MEET_YOUXIANG_NAME_0,面见右相,,
TRES_MOMENTUM_DESCRIPTION_0,时运之风。势高则诸事顺遂，势低则举步维艰。每旬自然衰减，城府可稍加减缓。,,
TRES_MOMENTUM_GAIN_TEXT_0,势微起，前路渐开,,
TRES_MOMENTUM_GAIN_TEXT_1,运势渐起，诸事顺遂,,
TRES_MOMENTUM_GAIN_TEXT_2,大势已成，所向披靡,,
TRES_MOMENTUM_GAIN_TEXT_3,天下大势汇于我身,,
TRES_MOMENTUM_LOSS_TEXT_0,势头稍减,,
TRES_MOMENTUM_LOSS_TEXT_1,势头受挫,,
TRES_MOMENTUM_LOSS_TEXT_2,势头大挫，处处碰壁,,
TRES_MOMENTUM_LOSS_TEXT_3,大势已去，回天乏术,,
TRES_MOMENTUM_NAME_0,势,,
TRES_MOMENTUM_PERCEPTION_TEXT_0,寸步难行,,
TRES_MOMENTUM_PERCEPTION_TEXT_1,时运不济,,
TRES_MOMENTUM_PERCEPTION_TEXT_2,顺势而为,,
TRES_MOMENTUM_PERCEPTION_TEXT_3,势不可挡,,
TRES_MOMENTUM_PERCEPTION_TEXT_4,大势所趋，天下归心,,
TRES_MONEY_DESCRIPTION_0,铜钱银两，长安米贵。行卷、买酒、交游，样样要钱。无钱寸步难行。,,
TRES_MONEY_GAIN_TEXT_0,荷包微沉，多了几文铜钱,,
TRES_MONEY_GAIN_TEXT_1,一笔不小的进项,,
TRES_MONEY_GAIN_TEXT_2,你掂量着一大袋钱，沉重厚实,,
TRES_MONEY_GAIN_TEXT_3,富可敌国！银钱堆积如山,,
TRES_MONEY_LOSS_TEXT_0,用了几文铜钱,,
TRES_MONEY_LOSS_TEXT_1,花销不小呢,,
TRES_MONEY_LOSS_TEXT_2,这一下可花了不少,,
TRES_MONEY_LOSS_TEXT_3,倾家荡产...,,
TRES_MONEY_PERCEPTION_TEXT_0,囊中羞涩,,
TRES_MONEY_PERCEPTION_TEXT_1,尚可度日,,
TRES_MONEY_PERCEPTION_TEXT_2,小有积蓄,,
TRES_MONEY_PERCEPTION_TEXT_3,家资殷实,,
TRES_MONEY_PERCEPTION_TEXT_4,富甲一方,,
TRES_NEAR_DEATH_BURN_MANUSCRIPT_DESCRIPTION_0,选一份诗稿，投入火中,,
TRES_NEAR_DEATH_BURN_MANUSCRIPT_DESCRIPTION_1,这些轻薄的丝帛和宣纸，曾是你叩开长安权贵大门的敲门砖。你看着它们在火光中卷曲、发黑，变成一小撮灰烬。火很小，但足够让你的手指恢复一点知觉了。,,
TRES_NEAR_DEATH_BURN_MANUSCRIPT_INFO_0,你的诗稿在火焰中化为灰烬。手指恢复了知觉。,,
TRES_NEAR_DEATH_BURN_MANUSCRIPT_INFO_1,你身上没有什么可烧的。但身体莫名回暖了一些。,,
TRES_NEAR_DEATH_BURN_MANUSCRIPT_NAME_0,焚稿求生,,
TRES_NEAR_DEATH_NOTHING_TO_BURN_DESCRIPTION_0,你翻遍了全身，没有纸，没有酒，甚至连悲哀和愤怒的情绪都已被榨干。大唐已经没有什么东西可以让你拿来燃烧了。,,
TRES_NEAR_DEATH_NOTHING_TO_BURN_INFO_0,什么都没有发生。,,
TRES_NEAR_DEATH_NOTHING_TO_BURN_NAME_0,無物可燒,,
TRES_NORMAL_DEEPSEEK_DESCRIPTION_0,你舒展身体，回忆自己都做了什么...,,
TRES_NORMAL_DEEPSEEK_NAME_0,一般探索思绪,,
TRES_NOTE_ACCEPT_LINIAN_DESCRIPTION_0,去马来牛不复辨，浊泾清渭何当分？,,
TRES_NOTE_ACCEPT_LINIAN_DESCRIPTION_EXPLANATION_0,暴雨倾盆、道路泥泞，极目望去，连跑去的马和走来的牛都分不清了。连绵的阴雨让山洪暴发，原本清浊分明的泾河与渭河，此时又怎能分得清呢？,,
TRES_NOTE_ACCEPT_LINIAN_NAME_0,接受理念,,
TRES_NOTE_ACCEPT_LINIAN_NOTE_EXPLANATION_0,点击右下角理念按钮以决定何所往,,
TRES_NOTE_ACCEPT_LINIAN_NOTE_NARRATIVE_0,莫再蹉跎于裘马清狂之间，立定志向当在今日——哪怕多历坎坷、走些弯路，也胜过在犹豫不决中白了少年头。,,
TRES_NOTE_FANGSHI_CHUYOU_DESCRIPTION_0,朝扣富儿门，暮随肥马尘。残杯与冷炙，到处潜悲辛。,,
TRES_NOTE_FANGSHI_CHUYOU_DESCRIPTION_EXPLANATION_0,清晨去敲富豪的大门，傍晚随在达官贵人的马后吃尘土；吃的是别人的残羹冷炙，到处偷偷吞咽着悲伤与痛苦。即使如此的下贱，但仍然吃不上饭。,,
TRES_NOTE_FANGSHI_CHUYOU_HEALTH_DESCRIPTION_0,朝扣富儿门，暮随肥马尘。残杯与冷炙，到处潜悲辛。,,
TRES_NOTE_FANGSHI_CHUYOU_HEALTH_DESCRIPTION_EXPLANATION_0,清晨去敲富豪的大门，傍晚随在达官贵人的马后吃尘土；吃的是别人的残羹冷炙，到处偷偷吞咽着悲伤与痛苦。即使如此的下贱，但仍然吃不上饭。,,
TRES_NOTE_FANGSHI_CHUYOU_HEALTH_NAME_0,坊市-出游循环,,
TRES_NOTE_FANGSHI_CHUYOU_HEALTH_NOTE_EXPLANATION_0,去【坊市】行动出卖体力之后去【出游】可以有效获取生命。,,
TRES_NOTE_FANGSHI_CHUYOU_HEALTH_NOTE_NARRATIVE_0,昔年泰山清狂，不知薪米之贵；今入长安，方知出卖体力之迫切也。,,
TRES_NOTE_FANGSHI_CHUYOU_NAME_0,坊市-出游循环,,
TRES_NOTE_FANGSHI_CHUYOU_NOTE_EXPLANATION_0,去坊市出卖体力之后去出游可以有效获取额外的资源。,,
TRES_NOTE_FANGSHI_CHUYOU_NOTE_NARRATIVE_0,昔年泰山清狂，不知薪米之贵；今入长安，方知出卖体力之迫切也。,,
TRES_NOTE_JIEDU_DESCRIPTION_0,疟疠三秋孰可忍，寒热百日相交战,,
TRES_NOTE_JIEDU_DESCRIPTION_EXPLANATION_0,体内的寒气与热毒像两支军队一样，在我的身体里交锋厮杀。,,
TRES_NOTE_JIEDU_NAME_0,解毒,,
TRES_NOTE_JIEDU_NOTE_EXPLANATION_0,…或许和西市地下神医打好关系到【相识】之后他有办法？,,
TRES_NOTE_JIEDU_NOTE_NARRATIVE_0,莫硬撑了！那寒热消渴非小疾，快去求医。莫等老来右臂偏枯、日夕枯渴，徒留一身病骨，悔之晚矣！,,
TRES_NPC_DOC_JIWEN_NAME_0,吉温,,
TRES_NPC_DOC_LIBAI_NAME_0,李白,,
TRES_NPC_DOC_SHENYI_NAME_0,神医,,
TRES_NPC_DOC_WANGWEI_NAME_0,王维,,
TRES_NPC_DOC_ZHENGQIAN_NAME_0,郑虔,,
TRES_OUT_OF_THE_CITY_DESCRIPTION_0,你终于拿到了对应的官职，你唯一想做的事情就是回家报喜，改善家人的生活。,,
TRES_OUT_OF_THE_CITY_NAME_0,岁暮出城,,
TRES_PARTY_SUBJECTIVE_CHANGHE_DESCRIPTION_0,唱和,,
TRES_PARTY_SUBJECTIVE_CHANGHE_DESCRIPTION_1,回去,,
TRES_PARTY_SUBJECTIVE_CHANGHE_DESCRIPTION_2,你决定与{@target_npc}唱和一首,,
TRES_PARTY_SUBJECTIVE_CHANGHE_NAME_0,主动唱和,,
TRES_PLOT_PROMPT_USER_ACTION_DESCRIPTION_0,收下银钱，谢过同乡,,
TRES_PLOT_PROMPT_USER_ACTION_DESCRIPTION_1,同乡老张风尘仆仆地找到你，从怀里掏出一个灰布包裹塞进你手中。\n\n「这是三十钱，乡里凑的。子美啊，你到长安也有些时日了，怎么还不去拜谒？这都第三旬了，再不去可就晚了！」\n\n他说完，重重拍了拍你的肩，转身消失在街巷尽头。\n\n（天意旁白：是时候了，点击右下角「拜谒」行动，叩响仕途的第一扇门。）,,
TRES_PLOT_PROMPT_USER_ACTION_NAME_0,同乡来访,,
TRES_POEM_FENGXUE_YE_DESCRIPTION_0,寒月孤雪落叶：羁旅登高，天地苍茫,,
TRES_POEM_FENGXUE_YE_NAME_0,风雪夜归人,,
TRES_POEM_GIVING_OPTION_DESCRIPTION_0,献上诗词,,
TRES_POEM_LEVEL_1_FALLBACK_DESCRIPTION_0,欣赏诗作,,
TRES_POEM_LEVEL_1_FALLBACK_DESCRIPTION_1,你展开卷轴，墨迹未干。这是一首平平无奇的诗，自我安慰尚可，赠人则略显寒酸。,,
TRES_POEM_LEVEL_1_FALLBACK_NAME_0,平庸之诗,,
TRES_POEM_LEVEL_2_FALLBACK_DESCRIPTION_0,欣赏诗作,,
TRES_POEM_LEVEL_2_FALLBACK_DESCRIPTION_1,你展开卷轴，墨迹未干。这是一首颇有章法的诗，令人点头称赞，唯欠几分神来之笔。,,
TRES_POEM_LEVEL_2_FALLBACK_NAME_0,佳作之诗,,
TRES_POEM_LEVEL_3_FALLBACK_DESCRIPTION_0,欣赏诗作,,
TRES_POEM_LEVEL_3_FALLBACK_DESCRIPTION_1,你展开卷轴，墨迹未干。这是一首泣鬼惊神的绝唱！字字珠玑，力透纸背，必将千古流传。,,
TRES_POEM_LEVEL_3_FALLBACK_NAME_0,绝唱之诗,,
TRES_POEM_REVEAL_DESCRIPTION_0,欣赏诗作,,
TRES_POEM_REVEAL_DESCRIPTION_1,你展开卷轴，墨迹未干。一首「{@poem_type}」诗已然落成。,,
TRES_POEM_REVEAL_NAME_0,诗词新成,,
TRES_POEM_TIAN_CHENG_DESCRIPTION_0,干将未省钝 + 主将收才子：献赋求荐，含蓄自尊,,
TRES_POEM_TIAN_CHENG_NAME_0,赠献纳使起居田舍人澄,,
TRES_POEM_TYPE_CHOOSE_YOUXIANGFU_DESCRIPTION_0,展示三级干谒诗,,
TRES_POEM_TYPE_CHOOSE_ZHUOLIU_DESCRIPTION_0,展示诗词,,
TRES_POEM_WANG_YUE_DESCRIPTION_0,泰山,,
TRES_POEM_WANG_YUE_NAME_0,望岳,,
TRES_POEM_WEIZUO_CHENG_DESCRIPTION_0,求职诗的巅峰：骑驴十三载(羁旅) + 骅骝作骨(骐骥) + 致君尧舜上(尧舜),,
TRES_POEM_WEIZUO_CHENG_NAME_0,奉赠韦左丞丈二十二韵,,
TRES_POEM_ZHENG_JIANYI_DESCRIPTION_0,饥寒 + 明主：谏议底色，穷年忧黎,,
TRES_POEM_ZHENG_JIANYI_NAME_0,敬赠郑谏议十韵,,
TRES_POET_DUFU_002_NAME_0,杜甫,,
TRES_POET_LIBAI_001_NAME_0,李白,,
TRES_PRESTIGE_DESCRIPTION_0,才名与望誉。行卷投谒、风评交游的核心资本，是进入权贵圈层的入场券。,,
TRES_PRESTIGE_GAIN_TEXT_0,文思稍动，微名渐起,,
TRES_PRESTIGE_GAIN_TEXT_1,才名渐起，坊间偶有传颂,,
TRES_PRESTIGE_GAIN_TEXT_2,声名鹊起，文人争相传颂,,
TRES_PRESTIGE_GAIN_TEXT_3,文曲星动，天下皆知,,
TRES_PRESTIGE_LOSS_TEXT_0,文名微损,,
TRES_PRESTIGE_LOSS_TEXT_1,声名稍坠,,
TRES_PRESTIGE_LOSS_TEXT_2,文名受损，颇受微词,,
TRES_PRESTIGE_LOSS_TEXT_3,声名狼藉，人人唾弃,,
TRES_PRESTIGE_NAME_0,望,,
TRES_PRESTIGE_PERCEPTION_TEXT_0,籍籍无名,,
TRES_PRESTIGE_PERCEPTION_TEXT_1,小有名气,,
TRES_PRESTIGE_PERCEPTION_TEXT_2,文名远播,,
TRES_PRESTIGE_PERCEPTION_TEXT_3,名动天下,,
TRES_PRESTIGE_PERCEPTION_TEXT_4,千古流芳,,
TRES_PROGRESS_GAIN_TEXT_0,小有进展,,
TRES_PROGRESS_GAIN_TEXT_1,平步青云,,
TRES_PROGRESS_GAIN_TEXT_2,飞黄腾达,,
TRES_PROGRESS_LOSS_TEXT_0,略有波折,,
TRES_PROGRESS_LOSS_TEXT_1,宦海沉浮,,
TRES_PROGRESS_LOSS_TEXT_2,一落千丈,,
TRES_PROGRESS_PERCEPTION_TEXT_0,布衣之身,,
TRES_PROGRESS_PERCEPTION_TEXT_1,初入仕途,,
TRES_PROGRESS_PERCEPTION_TEXT_2,官居要职,,
TRES_PROGRESS_PERCEPTION_TEXT_3,封侯拜相,,
TRES_PROGRESS_PERCEPTION_TEXT_4,权倾朝野,,
TRES_PROVIDER_MANIA_EXAMPLE_CRAZY_OPTION_TEXT_0,狂笑不止，踽踽独行,,
TRES_QINGLIU_JIAOLV_DOOMSDAY_BINGE_IDENTITY_VENDOR_DESCRIPTION_0,袖口抹去坛沿的灰，仰头灌下第一口时，喉结还没动，鼻腔先涌出酸气。,,
TRES_QINGLIU_JIAOLV_DOOMSDAY_BINGE_IDENTITY_VENDOR_DESCRIPTION_1,更声敲到第三下时，你已经坐进东市那家不收欠据的酒肆。锣声在你决定不去数的今夜，敲得格外清楚——一共是五更，而你走了六条街才找到这家还亮着灯火的铺子。你在角落里坐下，手指按在桌面那道裂缝上，顺着它推过去，推回来。酒保把坛子往桌上一搁，没有看你。,,
TRES_QINGLIU_JIAOLV_DOOMSDAY_BINGE_IDENTITY_VENDOR_NAME_0,第五更,,
TRES_QINGLIU_JIAOLV_FOMO_SCAM_DESCRIPTION_0,袖口在墙灰上蹭出一道痕，铜钱已从腰间解下攥进手中,,
TRES_QINGLIU_JIAOLV_FOMO_SCAM_DESCRIPTION_1,「三月十七·吏部东院·未时·携——」后面的字被雨水洇成淡青色的一团。纸边有撕扯时留下的毛刺。你站在墙前的时间长度，足够西边的云把日头吃掉一半。,,
TRES_QINGLIU_JIAOLV_FOMO_SCAM_NAME_0,墙头残纸,,
TRES_QINGLIU_JIAOLV_ILLUSION_CONTROL_DESCRIPTION_0,指尖在筹身木纹的断茬处停了片刻，然后拿过来。,,
TRES_QINGLIU_JIAOLV_ILLUSION_CONTROL_DESCRIPTION_1,“上一个和你鞋底有一样泥的人，现在已不穿这双靴了。他拿了我一枚木筹，那天起，他的靴底再没沾过寺后泥土。”他从怀里摸出一枚拇指长的旧木筹，递到离你一尺远的地方，没有催促，只是让它悬在那里。,,
TRES_QINGLIU_JIAOLV_ILLUSION_CONTROL_NAME_0,鞋底泥,,
TRES_QINGLIU_JIAOLV_STATUS_TAX_DESCRIPTION_0,肩颈微微一僵。鞋尖转向床边，已迈了半步。,,
TRES_QINGLIU_JIAOLV_STATUS_TAX_DESCRIPTION_1,张垍旧宅偏院的槐树下，小厮引你到一处厢房。床上摊开一件半旧圆领袍，袖口磨得发亮，料子在暗处隐隐泛着青灰——不是新物，是被人穿过的。那人靠在门框上，没开口谈价。他说，上次穿着这件衣裳的人现在在万年县做县尉。又说，集贤院散席的时候，魏某人在门口看见这领子——唤了一声张公。说完他从袖中抽出一封信，是你三年前写给张垍的自荐诗。信纸在浆洗过的衣领旁展开，墨迹已经有些洇开了。他把信放在袍子上，什么也没说。,,
TRES_QINGLIU_JIAOLV_STATUS_TAX_NAME_0,一件旧袍,,
TRES_QINGLIU_PASSIVE_BENEFITS_GAOSHI_INTEL_ROUTING_DESCRIPTION_0,杜甫端碗饮尽，也不道谢，只说：正好练笔。碗底叩在桌上的声响干脆利落。,,
TRES_QINGLIU_PASSIVE_BENEFITS_GAOSHI_INTEL_ROUTING_DESCRIPTION_1,杜甫看着晃动的酒碗，手指在桌沿停了一瞬，才说：知道了。,,
TRES_QINGLIU_PASSIVE_BENEFITS_GAOSHI_INTEL_ROUTING_DESCRIPTION_2,杜甫点头记下，随后问起王员外的交游——他最近跟谁走得近？,,
TRES_QINGLIU_PASSIVE_BENEFITS_GAOSHI_INTEL_ROUTING_DESCRIPTION_3,夏夜，城南一家胡人开的酒肆里，高适喝到第三碗时忽然把碗往桌上一推。他说城西的王员外最近手头松，家中老太太要立碑，四处托人寻像样的碑文。说完便起身去结账，走到门口又回头补了一句——只说是我偶然提起，别的话没有。酒碗在木桌上晃了晃，稳住了。,,
TRES_QINGLIU_PASSIVE_BENEFITS_GAOSHI_INTEL_ROUTING_IDENTITY_QINGLIU_OFFICIAL_DESCRIPTION_0,杜甫端碗饮尽，也不道谢，只说：正好练笔。碗底叩在桌上的声响干脆利落。,,
TRES_QINGLIU_PASSIVE_BENEFITS_GAOSHI_INTEL_ROUTING_IDENTITY_QINGLIU_OFFICIAL_DESCRIPTION_1,杜甫看着晃动的酒碗，手指在桌沿停了一瞬，才说：知道了。,,
TRES_QINGLIU_PASSIVE_BENEFITS_GAOSHI_INTEL_ROUTING_IDENTITY_QINGLIU_OFFICIAL_DESCRIPTION_2,杜甫点头记下，随后问起王员外的交游——他最近跟谁走得近？,,
TRES_QINGLIU_PASSIVE_BENEFITS_GAOSHI_INTEL_ROUTING_IDENTITY_QINGLIU_OFFICIAL_DESCRIPTION_3,夏夜，城南一家胡人开的酒肆里，高适喝到第三碗时忽然把碗往桌上一推。他说城西的王员外最近手头松，家中老太太要立碑，四处托人寻像样的碑文。说完便起身去结账，走到门口又回头补了一句——只说是我偶然提起，别的话没有。酒碗在木桌上晃了晃，稳住了。,,
TRES_QINGLIU_PASSIVE_BENEFITS_GAOSHI_INTEL_ROUTING_IDENTITY_QINGLIU_OFFICIAL_NAME_0,夏夜的线报,,
TRES_QINGLIU_PASSIVE_BENEFITS_GAOSHI_INTEL_ROUTING_NAME_0,夏夜的线报,,
TRES_QINGLIU_PASSIVE_BENEFITS_GAOSHI_SILENT_BAILOUT_DESCRIPTION_0,裹紧袄子，朝那个背影喊了一句：“达夫，下次错买双靴子。”,,
TRES_QINGLIU_PASSIVE_BENEFITS_GAOSHI_SILENT_BAILOUT_DESCRIPTION_1,你低头抻了抻过长的袖口，沉默了许久，才转身进屋去生火。,,
TRES_QINGLIU_PASSIVE_BENEFITS_GAOSHI_SILENT_BAILOUT_DESCRIPTION_2,你摩挲着袄子上的针脚，自言自语：“这是军中的物件……可结实了。”,,
TRES_QINGLIU_PASSIVE_BENEFITS_GAOSHI_SILENT_BAILOUT_DESCRIPTION_3,高适从河西回长安述职，路过下杜城时在街口截住你。他拎着一件羊皮袄子，说是给军中袍泽带的，结果尺码错了退不了——“你试试，穿不上我就扔了。”袄子大了一号，裹在你瘦削的身板上，正够塞进一件旧棉衣。他说完便走，头也不回。你站在巷口，手里攥着这张羊皮，风灌不进去了。,,
TRES_QINGLIU_PASSIVE_BENEFITS_GAOSHI_SILENT_BAILOUT_IDENTITY_QINGLIU_OFFICIAL_DESCRIPTION_0,裹紧袄子，朝那个背影喊了一句：“达夫，下次错买双靴子。”,,
TRES_QINGLIU_PASSIVE_BENEFITS_GAOSHI_SILENT_BAILOUT_IDENTITY_QINGLIU_OFFICIAL_DESCRIPTION_1,你低头抻了抻过长的袖口，沉默了许久，才转身进屋去生火。,,
TRES_QINGLIU_PASSIVE_BENEFITS_GAOSHI_SILENT_BAILOUT_IDENTITY_QINGLIU_OFFICIAL_DESCRIPTION_2,你摩挲着袄子上的针脚，自言自语：“这是军中的物件……可结实了。”,,
TRES_QINGLIU_PASSIVE_BENEFITS_GAOSHI_SILENT_BAILOUT_IDENTITY_QINGLIU_OFFICIAL_DESCRIPTION_3,高适从河西回长安述职，路过下杜城时在街口截住你。他拎着一件羊皮袄子，说是给军中袍泽带的，结果尺码错了退不了——“你试试，穿不上我就扔了。”袄子大了一号，裹在你瘦削的身板上，正够塞进一件旧棉衣。他说完便走，头也不回。你站在巷口，手里攥着这张羊皮，风灌不进去了。,,
TRES_QINGLIU_PASSIVE_BENEFITS_GAOSHI_SILENT_BAILOUT_IDENTITY_QINGLIU_OFFICIAL_NAME_0,错买的冬衣,,
TRES_QINGLIU_PASSIVE_BENEFITS_GAOSHI_SILENT_BAILOUT_NAME_0,错买的冬衣,,
TRES_QINGLIU_PASSIVE_BENEFITS_LIBAI_CULTURAL_CAPITAL_DESCRIPTION_0,取案上残墨，在太白诗旁草草题了两个字：收到。,,
TRES_QINGLIU_PASSIVE_BENEFITS_LIBAI_CULTURAL_CAPITAL_DESCRIPTION_1,对着那行「独立苍茫」垂目良久，转身时袖口蹭了一笔墨痕。,,
TRES_QINGLIU_PASSIVE_BENEFITS_LIBAI_CULTURAL_CAPITAL_DESCRIPTION_2,朝围观文士拱手：「太白兄盛情难却。列位若有雅集，子美愿携此诗同往。」,,
TRES_QINGLIU_PASSIVE_BENEFITS_LIBAI_CULTURAL_CAPITAL_DESCRIPTION_3,「杜二先生，这诗是写给你的！方才李太白就在这儿，说什么'寄问杜陵老'。」壁上的句子确有「独立苍茫」四字，像是隔空递过来的一杯酒。,,
TRES_QINGLIU_PASSIVE_BENEFITS_LIBAI_CULTURAL_CAPITAL_IDENTITY_QINGLIU_OWNER_DESCRIPTION_0,取案上残墨，在太白诗旁草草题了两个字：收到。,,
TRES_QINGLIU_PASSIVE_BENEFITS_LIBAI_CULTURAL_CAPITAL_IDENTITY_QINGLIU_OWNER_DESCRIPTION_1,对着那行「独立苍茫」垂目良久，转身时袖口蹭了一笔墨痕。,,
TRES_QINGLIU_PASSIVE_BENEFITS_LIBAI_CULTURAL_CAPITAL_IDENTITY_QINGLIU_OWNER_DESCRIPTION_2,朝围观文士拱手：「太白兄盛情难却。列位若有雅集，子美愿携此诗同往。」,,
TRES_QINGLIU_PASSIVE_BENEFITS_LIBAI_CULTURAL_CAPITAL_IDENTITY_QINGLIU_OWNER_DESCRIPTION_3,「杜二先生，这诗是写给你的！方才李太白就在这儿，说什么'寄问杜陵老'。」壁上的句子确有「独立苍茫」四字，像是隔空递过来的一杯酒。,,
TRES_QINGLIU_PASSIVE_BENEFITS_LIBAI_CULTURAL_CAPITAL_IDENTITY_QINGLIU_OWNER_NAME_0,壁上龙蛇迹未干,,
TRES_QINGLIU_PASSIVE_BENEFITS_LIBAI_CULTURAL_CAPITAL_NAME_0,壁上龙蛇迹未干,,
TRES_QINGLIU_PASSIVE_BENEFITS_LIBAI_SPIRITUAL_ANCHOR_DESCRIPTION_0,跪坐沙地前以枯枝描深“李太白”于三字之下，完成后起身便走。,,
TRES_QINGLIU_PASSIVE_BENEFITS_LIBAI_SPIRITUAL_ANCHOR_DESCRIPTION_1,盯着字迹直到日影偏移，用袖子抹平那片沙地，字迹消失后离去。,,
TRES_QINGLIU_PASSIVE_BENEFITS_LIBAI_SPIRITUAL_ANCHOR_DESCRIPTION_2,等那人走后对身旁的人说“太白过此竟未相访”，让对方把话传出去。,,
TRES_QINGLIU_PASSIVE_BENEFITS_LIBAI_SPIRITUAL_ANCHOR_DESCRIPTION_3,天宝十三载秋，李白过下杜城。他醉了，没叩你的门。后来有人在渭水边的沙地上看见一行字——是用剑尖划出的“杜子美”三字，歪斜潦草，旁边散落着马蹄印，延伸向潼关方向。那人来告诉你时，沙上的字迹已被风吹浅了一半。,,
TRES_QINGLIU_PASSIVE_BENEFITS_LIBAI_SPIRITUAL_ANCHOR_IDENTITY_QINGLIU_OWNER_DESCRIPTION_0,跪坐沙地前以枯枝描深“李太白”于三字之下，完成后起身便走。,,
TRES_QINGLIU_PASSIVE_BENEFITS_LIBAI_SPIRITUAL_ANCHOR_IDENTITY_QINGLIU_OWNER_DESCRIPTION_1,盯着字迹直到日影偏移，用袖子抹平那片沙地，字迹消失后离去。,,
TRES_QINGLIU_PASSIVE_BENEFITS_LIBAI_SPIRITUAL_ANCHOR_IDENTITY_QINGLIU_OWNER_DESCRIPTION_2,等那人走后对身旁的人说“太白过此竟未相访”，让对方把话传出去。,,
TRES_QINGLIU_PASSIVE_BENEFITS_LIBAI_SPIRITUAL_ANCHOR_IDENTITY_QINGLIU_OWNER_DESCRIPTION_3,天宝十三载秋，李白过下杜城。他醉了，没叩你的门。后来有人在渭水边的沙地上看见一行字——是用剑尖划出的“杜子美”三字，歪斜潦草，旁边散落着马蹄印，延伸向潼关方向。那人来告诉你时，沙上的字迹已被风吹浅了一半。,,
TRES_QINGLIU_PASSIVE_BENEFITS_LIBAI_SPIRITUAL_ANCHOR_IDENTITY_QINGLIU_OWNER_NAME_0,沙上剑书,,
TRES_QINGLIU_PASSIVE_BENEFITS_LIBAI_SPIRITUAL_ANCHOR_NAME_0,沙上剑书,,
TRES_QINGLIU_PASSIVE_BENEFITS_WANGWEI_HALO_PROTECTION_DESCRIPTION_0,将荐书对折收入怀中，抬眼看他：「何不早来？」,,
TRES_QINGLIU_PASSIVE_BENEFITS_WANGWEI_HALO_PROTECTION_DESCRIPTION_1,指尖触到纸沿时停了半拍，垂下眼去，一路不曾碰那纸。,,
TRES_QINGLIU_PASSIVE_BENEFITS_WANGWEI_HALO_PROTECTION_DESCRIPTION_2,连声称谢，目光却反复扫过荐书上右丞的印鉴——落款处空着一行。,,
TRES_QINGLIU_PASSIVE_BENEFITS_WANGWEI_HALO_PROTECTION_DESCRIPTION_3,「上来。」车中散出檀香。他一路无言，只在车驾转入辋川别业方向时，将一纸荐书搁在你膝上，不算什么好缺——崇文馆校书郎，正九品下。,,
TRES_QINGLIU_PASSIVE_BENEFITS_WANGWEI_HALO_PROTECTION_IDENTITY_ZHUOLIU_OFFICIAL_DESCRIPTION_0,将荐书对折收入怀中，抬眼看他：「何不早来？」,,
TRES_QINGLIU_PASSIVE_BENEFITS_WANGWEI_HALO_PROTECTION_IDENTITY_ZHUOLIU_OFFICIAL_DESCRIPTION_1,指尖触到纸沿时停了半拍，垂下眼去，一路不曾碰那纸。,,
TRES_QINGLIU_PASSIVE_BENEFITS_WANGWEI_HALO_PROTECTION_IDENTITY_ZHUOLIU_OFFICIAL_DESCRIPTION_2,连声称谢，目光却反复扫过荐书上右丞的印鉴——落款处空着一行。,,
TRES_QINGLIU_PASSIVE_BENEFITS_WANGWEI_HALO_PROTECTION_IDENTITY_ZHUOLIU_OFFICIAL_DESCRIPTION_3,「上来。」车中散出檀香。他一路无言，只在车驾转入辋川别业方向时，将一纸荐书搁在你膝上，不算什么好缺——崇文馆校书郎，正九品下。,,
TRES_QINGLIU_PASSIVE_BENEFITS_WANGWEI_HALO_PROTECTION_IDENTITY_ZHUOLIU_OFFICIAL_NAME_0,帘内一言,,
TRES_QINGLIU_PASSIVE_BENEFITS_WANGWEI_HALO_PROTECTION_NAME_0,帘内一言,,
TRES_QINGLIU_PASSIVE_BENEFITS_WANGWEI_SILENT_BAILOUT_DESCRIPTION_0,接过便穿上，只问了一句“《辋川集》何时付梓”。,,
TRES_QINGLIU_PASSIVE_BENEFITS_WANGWEI_SILENT_BAILOUT_DESCRIPTION_1,默然许久，才低声道袍子针脚极细密。,,
TRES_QINGLIU_PASSIVE_BENEFITS_WANGWEI_SILENT_BAILOUT_DESCRIPTION_2,穿上后连声说王右丞体恤，转而便问崇文馆可还有空缺。,,
TRES_QINGLIU_PASSIVE_BENEFITS_WANGWEI_SILENT_BAILOUT_DESCRIPTION_3,大慈恩寺的法物流通处里，王维与你并肩站了许久。他在《金刚经》抄本前停下，未曾开口，只将一件厚实的棉袍搁在你臂弯上——“买重了。”语气如谈论今日风大一般平淡。你认得这件袍子，是方才寺门外那个辽东皮货商担来的。王维转身去付抄经的银钱，袍子就这么留在你手中，一言未再多说。,,
TRES_QINGLIU_PASSIVE_BENEFITS_WANGWEI_SILENT_BAILOUT_IDENTITY_ZHUOLIU_OFFICIAL_DESCRIPTION_0,接过便穿上，只问了一句“《辋川集》何时付梓”。,,
TRES_QINGLIU_PASSIVE_BENEFITS_WANGWEI_SILENT_BAILOUT_IDENTITY_ZHUOLIU_OFFICIAL_DESCRIPTION_1,默然许久，才低声道袍子针脚极细密。,,
TRES_QINGLIU_PASSIVE_BENEFITS_WANGWEI_SILENT_BAILOUT_IDENTITY_ZHUOLIU_OFFICIAL_DESCRIPTION_2,穿上后连声说王右丞体恤，转而便问崇文馆可还有空缺。,,
TRES_QINGLIU_PASSIVE_BENEFITS_WANGWEI_SILENT_BAILOUT_IDENTITY_ZHUOLIU_OFFICIAL_DESCRIPTION_3,大慈恩寺的法物流通处里，王维与你并肩站了许久。他在《金刚经》抄本前停下，未曾开口，只将一件厚实的棉袍搁在你臂弯上——“买重了。”语气如谈论今日风大一般平淡。你认得这件袍子，是方才寺门外那个辽东皮货商担来的。王维转身去付抄经的银钱，袍子就这么留在你手中，一言未再多说。,,
TRES_QINGLIU_PASSIVE_BENEFITS_WANGWEI_SILENT_BAILOUT_IDENTITY_ZHUOLIU_OFFICIAL_NAME_0,法物流通处,,
TRES_QINGLIU_PASSIVE_BENEFITS_WANGWEI_SILENT_BAILOUT_NAME_0,法物流通处,,
TRES_QINGLIU_PASSIVE_BENEFITS_ZHENGQIAN_SOLIDARITY_WRETCHED_DESCRIPTION_0,接过毡子披上，顺手把桌上半壶浊酒推到他面前。,,
TRES_QINGLIU_PASSIVE_BENEFITS_ZHENGQIAN_SOLIDARITY_WRETCHED_DESCRIPTION_1,手指碰到毡子时顿了一下。披上后低头研墨，许久没有说话。,,
TRES_QINGLIU_PASSIVE_BENEFITS_ZHENGQIAN_SOLIDARITY_WRETCHED_DESCRIPTION_2,接过毡子连声道谢，随即提起广文馆近日可有富家子弟求学。,,
TRES_QINGLIU_PASSIVE_BENEFITS_ZHENGQIAN_SOLIDARITY_WRETCHED_DESCRIPTION_3,“明日广文馆有课，用不上这个。”毡子上还带着他刚离开的体温。你看见他肩膀在灯下微微发颤。,,
TRES_QINGLIU_PASSIVE_BENEFITS_ZHENGQIAN_SOLIDARITY_WRETCHED_IDENTITY_QINGLIU_OFFICIAL_DESCRIPTION_0,接过毡子披上，顺手把桌上半壶浊酒推到他面前。,,
TRES_QINGLIU_PASSIVE_BENEFITS_ZHENGQIAN_SOLIDARITY_WRETCHED_IDENTITY_QINGLIU_OFFICIAL_DESCRIPTION_1,手指碰到毡子时顿了一下。披上后低头研墨，许久没有说话。,,
TRES_QINGLIU_PASSIVE_BENEFITS_ZHENGQIAN_SOLIDARITY_WRETCHED_IDENTITY_QINGLIU_OFFICIAL_DESCRIPTION_2,接过毡子连声道谢，随即提起广文馆近日可有富家子弟求学。,,
TRES_QINGLIU_PASSIVE_BENEFITS_ZHENGQIAN_SOLIDARITY_WRETCHED_IDENTITY_QINGLIU_OFFICIAL_DESCRIPTION_3,“明日广文馆有课，用不上这个。”毡子上还带着他刚离开的体温。你看见他肩膀在灯下微微发颤。,,
TRES_QINGLIU_PASSIVE_BENEFITS_ZHENGQIAN_SOLIDARITY_WRETCHED_IDENTITY_QINGLIU_OFFICIAL_NAME_0,破毡披肩,,
TRES_QINGLIU_PASSIVE_BENEFITS_ZHENGQIAN_SOLIDARITY_WRETCHED_NAME_0,破毡披肩,,
TRES_QINGLIU_PASSIVE_BENEFITS_ZHENGQIAN_SPIRITUAL_ANCHOR_DESCRIPTION_0,就着菜市的喧嚷大声念出旧作，念到第三句时郑虔回头，两人隔着人潮笑了。,,
TRES_QINGLIU_PASSIVE_BENEFITS_ZHENGQIAN_SPIRITUAL_ANCHOR_DESCRIPTION_1,接过时触到那片焦痕，指腹在纸缘停留了一瞬，低头默默将稿纸卷回。,,
TRES_QINGLIU_PASSIVE_BENEFITS_ZHENGQIAN_SPIRITUAL_ANCHOR_DESCRIPTION_2,连声称难得郑广文眼力，随即翻开其他废纸就近请教——可还有遗珠。,,
TRES_QINGLIU_PASSIVE_BENEFITS_ZHENGQIAN_SPIRITUAL_ANCHOR_DESCRIPTION_3,春晨下杜城菜市口，郑虔从人潮中挤出来拦住你，从怀里掏出一卷被油渍浸透的旧稿——去岁你丢进灶膛的那卷，被他从火口抢了回来。他什么也没说，只是把那卷纸塞进你手里，转身便走。纸张边缘焦痕犹在，烟熏味混着菜市的葱韭气息。,,
TRES_QINGLIU_PASSIVE_BENEFITS_ZHENGQIAN_SPIRITUAL_ANCHOR_IDENTITY_QINGLIU_OFFICIAL_DESCRIPTION_0,就着菜市的喧嚷大声念出旧作，念到第三句时郑虔回头，两人隔着人潮笑了。,,
TRES_QINGLIU_PASSIVE_BENEFITS_ZHENGQIAN_SPIRITUAL_ANCHOR_IDENTITY_QINGLIU_OFFICIAL_DESCRIPTION_1,接过时触到那片焦痕，指腹在纸缘停留了一瞬，低头默默将稿纸卷回。,,
TRES_QINGLIU_PASSIVE_BENEFITS_ZHENGQIAN_SPIRITUAL_ANCHOR_IDENTITY_QINGLIU_OFFICIAL_DESCRIPTION_2,连声称难得郑广文眼力，随即翻开其他废纸就近请教——可还有遗珠。,,
TRES_QINGLIU_PASSIVE_BENEFITS_ZHENGQIAN_SPIRITUAL_ANCHOR_IDENTITY_QINGLIU_OFFICIAL_DESCRIPTION_3,春晨下杜城菜市口，郑虔从人潮中挤出来拦住你，从怀里掏出一卷被油渍浸透的旧稿——去岁你丢进灶膛的那卷，被他从火口抢了回来。他什么也没说，只是把那卷纸塞进你手里，转身便走。纸张边缘焦痕犹在，烟熏味混着菜市的葱韭气息。,,
TRES_QINGLIU_PASSIVE_BENEFITS_ZHENGQIAN_SPIRITUAL_ANCHOR_IDENTITY_QINGLIU_OFFICIAL_NAME_0,菜市口旧稿,,
TRES_QINGLIU_PASSIVE_BENEFITS_ZHENGQIAN_SPIRITUAL_ANCHOR_NAME_0,菜市口旧稿,,
TRES_QINGLIU_ZUANYING_DOUBLE_AGENT_SLIP_IDENTITY_QUANGUI_DESCRIPTION_0,他摔碎茶碗让碎片溅到拜帖上——场域戛然而止。,,
TRES_QINGLIU_ZUANYING_DOUBLE_AGENT_SLIP_IDENTITY_QUANGUI_DESCRIPTION_1,他跪地抓住对方袍角，额头抵住冷砖。,,
TRES_QINGLIU_ZUANYING_DOUBLE_AGENT_SLIP_IDENTITY_QUANGUI_DESCRIPTION_2,他用指尖在桌面划过，声音压得极低：“赵主事那天也离席了，去催茶的。”,,
TRES_QINGLIU_ZUANYING_DOUBLE_AGENT_SLIP_IDENTITY_QUANGUI_DESCRIPTION_3,“那天的密议，中途离席的有三个。一个去更衣，一个出去催茶,,
TRES_QINGLIU_ZUANYING_DOUBLE_AGENT_SLIP_IDENTITY_QUANGUI_NAME_0,辨认书风时的离席者,,
TRES_QINGLIU_ZUANYING_GHOSTWRITER_COLLISION_IDENTITY_QUANGUI_DESCRIPTION_0,抄起案上的酒壶砸向那两张并置的诗笺——但酒壶在手中转了半圈，只倒了一杯，自己喝了。,,
TRES_QINGLIU_ZUANYING_GHOSTWRITER_COLLISION_IDENTITY_QUANGUI_DESCRIPTION_1,从席上滑跪下去，额头抵在两种笔迹交叠的诗笺上——但膝盖锁死在袍摆里，站不起来。,,
TRES_QINGLIU_ZUANYING_GHOSTWRITER_COLLISION_IDENTITY_QUANGUI_DESCRIPTION_2,欠身拿起两张诗笺端详，顺着韵脚往下比对，评了一句“第三字若用去声会更稳”，把话题转向用典。,,
TRES_QINGLIU_ZUANYING_GHOSTWRITER_COLLISION_IDENTITY_QUANGUI_DESCRIPTION_3,“近日坊间传抄的，说是某公子新作，你们品品这句——‘孤舟系在楚云根’。”你握着酒杯的手指未动。王参军接过去看了看，却从自己行囊里翻出另一卷残稿：“巧了，去年子美送我的干谒诗里，也有一联‘独木横于湘水湄’。这押韵的路数，倒是如出一辙。”他把两张诗笺并排放在案上，笔画不清，但韵脚的骨架——仄起平收、第五字必用入声——两首诗像同一只手在打拍子。陈明府的眼睛眯了起来，转向你看了一眼，什么也没问。他在等。,,
TRES_QINGLIU_ZUANYING_GHOSTWRITER_COLLISION_IDENTITY_QUANGUI_NAME_0,韵脚撞车,,
TRES_QINGLIU_ZUANYING_MONETIZED_GUEST_LIST_DESCRIPTION_0,被封锁。这个人不是那种掀桌的脾性——他计算过沉没成本。,,
TRES_QINGLIU_ZUANYING_MONETIZED_GUEST_LIST_DESCRIPTION_1,被封锁。膝盖换不来清流的宽恕，只会把亏空跪成一个笑话。,,
TRES_QINGLIU_ZUANYING_MONETIZED_GUEST_LIST_DESCRIPTION_2,他重新磨墨，铺开一张空白谢柬，在第一行写下那个商人的名字。,,
TRES_QINGLIU_ZUANYING_MONETIZED_GUEST_LIST_DESCRIPTION_3,雅集后第三日，一封谢柬送到。清流主人写给另一位常客的信，信中历数那日席上“尽皆佳士”，列了四个人的名字。你带了五个人来。被略掉的那个是商人——他的茧子太厚、端盏时小指翘得过了、对一幅南唐摹本说了“这纸真新”——当时只有主人皱了一下眉。现在那封谢柬摊在桌上，墨迹干透。你没有被点名指责，你只是看见那行漏掉的名字像一颗拔掉的牙。,,
TRES_QINGLIU_ZUANYING_MONETIZED_GUEST_LIST_NAME_0,席上少了一行姓名,,
TRES_QINGLIU_ZUANYING_PAWNED_ARTIFACT_DESCRIPTION_0,把锦匣连同河石一起摔在地上，告诉他——砚台卖了，爱怎样怎样。,,
TRES_QINGLIU_ZUANYING_PAWNED_ARTIFACT_DESCRIPTION_1,双膝落地，额头抵住砖缝——说那砚台是传家之物，你已送回老家供奉。,,
TRES_QINGLIU_ZUANYING_PAWNED_ARTIFACT_DESCRIPTION_2,从书架暗格取出另一枚旧玉，说端砚「借给族弟进京赶考用了」，这玉是那人抵押在你处的。,,
TRES_QINGLIU_ZUANYING_PAWNED_ARTIFACT_DESCRIPTION_3,卯时三刻，李十二娘托人带了一封短札来——「过两日来取前次托你转呈崔侍御的信，顺道看看我那方端砚养得可好。」不是质问，不是索还。是清流式的「看一眼」。你书架上那只镂雕锦匣已经空了三个月——端砚早在腊月里进了西市当铺，换的银两填了你在平康坊欠下的酒债。锦匣还在，位置没变，只是匣内的砚台换成了一块形状相似的河石。,,
TRES_QINGLIU_ZUANYING_PAWNED_ARTIFACT_NAME_0,锦匣已空,,
TRES_QINGLIU_ZUANYING_SKIMMED_CHARITY_DESCRIPTION_0,径直起身把那盏残茶泼在对账单上，任茶渍把“一石六斗”洇成一团墨。,,
TRES_QINGLIU_ZUANYING_SKIMMED_CHARITY_DESCRIPTION_1,双膝落地，把额头抵在赵崇嗣刚才踩过的青砖上。,,
TRES_QINGLIU_ZUANYING_SKIMMED_CHARITY_DESCRIPTION_2,将对账单推回半寸，指向“实收”那栏：“这一石六斗是米铺记错了——他们送到的是陈米，我退了差价。”,,
TRES_QINGLIU_ZUANYING_SKIMMED_CHARITY_DESCRIPTION_3,赵崇嗣是申时才到的。他先看了檐下的燕子窝，又问了新砌的砖缝为何比旧砖浅了半寸。茶换了三盏，他才从袖中取出那张米铺对账单，放在桌上推过半寸，收件人写的是他的名字。他没用手指去点那个数字——只是把账单留在那里，起身看了看窗外粥棚的方向。“不急，”他说，“你慢慢算。”你注意到账单上“实收”一栏的数字，比你上次报给他的，差了一石六斗。米铺伙计认得你的脸——昨天他去粥棚送米时，你在场。,,
TRES_QINGLIU_ZUANYING_SKIMMED_CHARITY_NAME_0,对账单的收件人,,
TRES_QINGLIU_ZUANYING_TRIPLE_DIPPED_SUFFERING_DESCRIPTION_0,把酒杯扫进炭火盆里，让炉灰和碎瓷溅上三人袍角。,,
TRES_QINGLIU_ZUANYING_TRIPLE_DIPPED_SUFFERING_DESCRIPTION_1,双膝砸在砖地上，额头贴着冰冷的青砖。,,
TRES_QINGLIU_ZUANYING_TRIPLE_DIPPED_SUFFERING_DESCRIPTION_2,你托的那个送信人——他确实抄错了日期，把三封信都写成了同一天。,,
TRES_QINGLIU_ZUANYING_TRIPLE_DIPPED_SUFFERING_DESCRIPTION_3,“九月十三，子美来书，言天寒无炭。”张参军放下酒杯：“巧了，我也是九月十三收到的。”他顿了顿，“他在信里说孩子咳了一冬。”李司仓没收到信——但他记得那个日子。那天他在朱雀街东口碰见你，你拉住他的袖子，说老母病重，等钱抓药。三人在炉边沉默了。崔九把那页日记摊在桌上，手指点着日期：“九月十三……你这一天，挺忙的。”火光照着那一行字，墨迹已经褪成灰褐色。,,
TRES_QINGLIU_ZUANYING_TRIPLE_DIPPED_SUFFERING_NAME_0,冬至对账,,
TRES_RESERVE_BAIYE_NAME_0,预定拜谒,,
TRES_SCENE_IMAGERY_LIBRARY_SCENE_DAYAN_IMAGERY_CLOUD_AND_SUN_DESCRIPTION_0,（冷眼旁观）,,
TRES_SCENE_IMAGERY_LIBRARY_SCENE_DAYAN_IMAGERY_CLOUD_AND_SUN_DESCRIPTION_1,日头被几块薄云交叠着裹住，天光如万千细针穿过云隙，一根一根钉在地上。俯首再望那宅邸，不过巴掌大，可你记得它门前的石阶——每一步都要仰起脖子才能看清匾额。暮鼓沉闷滚来，归鸦绕塔盘旋，你扶栏的手又往里扣了一分。,,
TRES_SCENE_IMAGERY_LIBRARY_SCENE_DAYAN_IMAGERY_CLOUD_AND_SUN_NAME_0,云日塔顶炊烟散,,
TRES_SCENE_IMAGERY_LIBRARY_SCENE_DAYAN_IMAGERY_GIANT_ROC_DESCRIPTION_0,（冷眼旁观）,,
TRES_SCENE_IMAGERY_LIBRARY_SCENE_DAYAN_IMAGERY_GIANT_ROC_DESCRIPTION_1,暮鼓声中，归鸦绕塔。你扶着栏杆，指节发白，视线在棋盘格般的坊市间游移。一辆官轿从东南坊门滑出，从塔顶看不过落叶大小，飘出十字街的棋格。你前倾，脊背绷直，仿佛要吞下那片小小的木片；又后仰，喉头收紧——你知道那顶轿子在地面上有多沉，轿帘里的人抬眼就能压垮你半条街。,,
TRES_SCENE_IMAGERY_LIBRARY_SCENE_DAYAN_IMAGERY_GIANT_ROC_NAME_0,塔顶瞰轿,,
TRES_SCENE_IMAGERY_LIBRARY_SCENE_HUJI_IMAGERY_CLOUD_AND_SUN_DESCRIPTION_0,（冷眼旁观）,,
TRES_SCENE_IMAGERY_LIBRARY_SCENE_HUJI_IMAGERY_CLOUD_AND_SUN_DESCRIPTION_1,胡姬的琵琶声撞碎在酒碗边缘，有人掀翻了案几大笑，有人抱着柱子呕吐。你在角落里——不是因为合群，是因为那儿阴影最厚。窗外阳光斜切进来，被窗棂和灰尘剖成一条条僵直的光柱，落在桌面上画出一片整齐的方格，像长安城的坊图。一个老兵趴在角落桌上，脸颊压着粗糙的木头，手掌摊开搭在桌沿——那光恰好落在他虎口上，指节投下的阴影在掌心划出一道竖线，像宫墙的轮廓。他嘴里含含糊糊地喊了一个字，声音闷在喉咙里，像被什么掐断了。你盯着那道阴影竖线看了很久，手里的酒杯攥得指节发白。,,
TRES_SCENE_IMAGERY_LIBRARY_SCENE_HUJI_IMAGERY_CLOUD_AND_SUN_NAME_0,碎光里的宫墙,,
TRES_SCENE_IMAGERY_LIBRARY_SCENE_HUJI_IMAGERY_GIANT_ROC_DESCRIPTION_0,（冷眼旁观）,,
TRES_SCENE_IMAGERY_LIBRARY_SCENE_HUJI_IMAGERY_GIANT_ROC_DESCRIPTION_1,胡姬的琵琶声溅满酒肆，有人在角落痛哭，有人在桌上踏歌。你的视线越过这一切，钉在一个商人腰间的玉佩上——大鹏振翅，玉质温润，雕工是宫中的样式。一个不该出现在市井之物。身体微微一硬，手指在桌上叩了三下，像是数着翅膀扇动的次数。,,
TRES_SCENE_IMAGERY_LIBRARY_SCENE_HUJI_IMAGERY_GIANT_ROC_NAME_0,大鹏玉佩,,
TRES_SCENE_IMAGERY_LIBRARY_SCENE_LEYOU_IMAGERY_CLOUD_AND_SUN_DESCRIPTION_0,（冷眼旁观）,,
TRES_SCENE_IMAGERY_LIBRARY_SCENE_LEYOU_IMAGERY_CLOUD_AND_SUN_DESCRIPTION_1,乐游原荒冢上，长安城的屋脊将夕阳撕成锯齿。你数着渐次亮起的灯火——第一盏，喉结滑动；第三盏，指节扣进黄土；第七盏，耳膜嗡鸣。皇城方向那盏比所有灯都亮，像一根烧红的铁钉扎进眼底。最后一片暮色合拢时，所有灯光在泪膜上晕成一片——你看见的不是城，是一张被烛火烫出无数窟窿的纸。,,
TRES_SCENE_IMAGERY_LIBRARY_SCENE_LEYOU_IMAGERY_CLOUD_AND_SUN_NAME_0,天光碎尽灯如钉,,
TRES_SCENE_IMAGERY_LIBRARY_SCENE_LEYOU_IMAGERY_GIANT_ROC_DESCRIPTION_0,（冷眼旁观）,,
TRES_SCENE_IMAGERY_LIBRARY_SCENE_LEYOU_IMAGERY_GIANT_ROC_DESCRIPTION_1,残阳如凝血，浸透汉代荒冢的乱石。你站在土丘最高处，衣摆被风扯向长安方向，布料在肋骨上拉出紧绷的弦。长安城在暮色中渐次亮起灯火，你开始计数——第一盏，指节抵住腰带扣；第二盏，喉结向下沉一寸；第三盏，脚趾在靴内蜷紧。灯一盏接一盏地亮，你身体里有什么东西被一盏一盏地抽走。直到其中一盏，偏在东南角，比其他灯更亮更冷，像一把匕首插进暮色的肋间。然后黑暗涌上来，把所有灯牌位都吞没——光与暗的边界在你脚下，你站在黑暗这一侧。,,
TRES_SCENE_IMAGERY_LIBRARY_SCENE_LEYOU_IMAGERY_GIANT_ROC_NAME_0,灯火计数,,
TRES_SCENE_IMAGERY_LIBRARY_SCENE_QUJIANG_IMAGERY_CLOUD_AND_SUN_DESCRIPTION_0,（冷眼旁观）,,
TRES_SCENE_IMAGERY_LIBRARY_SCENE_QUJIANG_IMAGERY_CLOUD_AND_SUN_DESCRIPTION_1,流觞亭的水面，云影与飞檐倒映成完整的画卷。你伸手截住漂来的酒杯，指节在杯沿上压出白痕。有人吟出上句，你脖颈肌肉一绷，笑着接了下句——笑纹没有爬上眼角。斟酒时壶嘴偏了三分，浅了半寸。风掠过水面，倒影碎了；你垂眼，杯中酒面一片浑浊。,,
TRES_SCENE_IMAGERY_LIBRARY_SCENE_QUJIANG_IMAGERY_CLOUD_AND_SUN_NAME_0,流觞碎影,,
TRES_SCENE_IMAGERY_LIBRARY_SCENE_QUJIANG_IMAGERY_GIANT_ROC_DESCRIPTION_0,（冷眼旁观）,,
TRES_SCENE_IMAGERY_LIBRARY_SCENE_QUJIANG_IMAGERY_GIANT_ROC_DESCRIPTION_1,酒杯漂至你面前，水面映出亭角飞檐的倒影。邻座有人吟出大鹏一日同风起，声音未落，你的目光已跟着那诗句攀上檐角——白云之下，檐角翘起如翅。你捏住酒杯的指节泛白，杯底在石面上磕出一声脆响。衣摆被风吹动时，你猛地低头，发现自己的上半身不知何时已探出座席半步。对面的主考官恰好抬眼看着你，嘴角未动。,,
TRES_SCENE_IMAGERY_LIBRARY_SCENE_QUJIANG_IMAGERY_GIANT_ROC_NAME_0,曲水飞鹏影,,
TRES_SCENE_IMAGERY_LIBRARY_SCENE_ZHAIDI_IMAGERY_CLOUD_AND_SUN_DESCRIPTION_0,（冷眼旁观）,,
TRES_SCENE_IMAGERY_LIBRARY_SCENE_ZHAIDI_IMAGERY_CLOUD_AND_SUN_DESCRIPTION_1,背脊挺得发僵，像是脊椎骨要从皮肉里戳出来。酒杯握在指间，忘了放下，忘了喝，只是把它攥成一件道具。传菜小厮的路径从斜角切过，脖颈随着那道轨迹转动，幅度大得几乎拧出声来。风掀了门帘一脚，内院的地毯边缘露出来——那红色扎进眼底，像是太阳被云层咬去半边后残存的一线天光。远处桌上摆着整只炙羊，这边的案上空空如也。脊梁又拔高了一寸，指节在杯沿上泛白。,,
TRES_SCENE_IMAGERY_LIBRARY_SCENE_ZHAIDI_IMAGERY_CLOUD_AND_SUN_NAME_0,门帘掀起的那一瞬,,
TRES_SCENE_IMAGERY_LIBRARY_SCENE_ZHAIDI_IMAGERY_GIANT_ROC_DESCRIPTION_0,（冷眼旁观）,,
TRES_SCENE_IMAGERY_LIBRARY_SCENE_ZHAIDI_IMAGERY_GIANT_ROC_DESCRIPTION_1,偏院冷案上的酒未沾唇，脊背挺得像一根门闩。内院传来杯盏碰撞声，传到廊下时已经钝了。一道银盘从月门端出，目光便咬住盘沿不放，脖颈跟着转了大半圈，直到那盘停在左边第三席。指节抵着杯壁，忘了松开。檐角青砖上，一只大鹏浮雕半没在暮霭里，翅尖的纹路尚可分辨。身体前倾了半寸，又被冷案的边角抵住——那道菜，不曾在这张案前停下。,,
TRES_SCENE_IMAGERY_LIBRARY_SCENE_ZHAIDI_IMAGERY_GIANT_ROC_NAME_0,冷案大鹏影,,
TRES_SCENE_IMAGERY_LIBRARY_SCENE_ZHONGNAN_IMAGERY_CLOUD_AND_SUN_DESCRIPTION_0,（冷眼旁观）,,
TRES_SCENE_IMAGERY_LIBRARY_SCENE_ZHONGNAN_IMAGERY_CLOUD_AND_SUN_DESCRIPTION_1,山风从背后推搡，将你的身体压向前方。云海翻腾，长安如棋盘摊在脚下——阳光被云层撕成碎金，落在东市是整片，落在西坊是几缕，落在皇城方向是一道窄窄的亮线。你的手指在袖中攥紧，指节抵着掌心。风又拽了拽衣襟，提醒你这高度有多虚。云层合拢时，所有光斑同时熄灭，像谁吹熄了一盏灯。,,
TRES_SCENE_IMAGERY_LIBRARY_SCENE_ZHONGNAN_IMAGERY_CLOUD_AND_SUN_NAME_0,绝顶云光碎,,
TRES_SCENE_IMAGERY_LIBRARY_SCENE_ZHONGNAN_IMAGERY_GIANT_ROC_DESCRIPTION_0,（冷眼旁观）,,
TRES_SCENE_IMAGERY_LIBRARY_SCENE_ZHONGNAN_IMAGERY_GIANT_ROC_DESCRIPTION_1,山风灌进袍袖，衣料啪啪作响如百面旌旗撕扯风向。你前倾半步，肩胛骨顶住风压——视线越过翻涌的云海，长安城缩成棋盘方格，朱雀大街细如一道刻痕。指节扣进岩缝，白得发青。风突然转向，将你推回半步；衣襟朝长安方向笔直飞去，像一具被扯直的躯壳。,,
TRES_SCENE_IMAGERY_LIBRARY_SCENE_ZHONGNAN_IMAGERY_GIANT_ROC_NAME_0,终南绝顶瞰长安,,
TRES_STRONG_BODY_HOVER_NARRATIVE_0,筋骨强健，登山涉水不在话下。体力上限永久提升50点。,,
TRES_STRONG_BODY_NAME_0,身强体壮,,
TRES_TALENT_DESCRIPTION_0,你的诗才天赋。才华越高，诗作评分越佳，声望获取越多，清流的赏识亦会倍增。,,
TRES_TALENT_GAIN_TEXT_0,才气微涨，灵光一闪,,
TRES_TALENT_GAIN_TEXT_1,才思泉涌，妙笔生花,,
TRES_TALENT_GAIN_TEXT_2,惊才绝艳，天人之资,,
TRES_TALENT_LOSS_TEXT_0,灵光稍逝,,
TRES_TALENT_LOSS_TEXT_1,才气枯竭，文思滞涩,,
TRES_TALENT_LOSS_TEXT_2,江郎才尽,,
TRES_TALENT_PERCEPTION_TEXT_0,才疏学浅,,
TRES_TALENT_PERCEPTION_TEXT_1,初窥门径,,
TRES_TALENT_PERCEPTION_TEXT_2,才学出众,,
TRES_TALENT_PERCEPTION_TEXT_3,才华横溢,,
TRES_TALENT_PERCEPTION_TEXT_4,天纵之才,,
TRES_TANG_CENTRAL_DESCRIPTION_0,虽然开元盛世的余晖尚在，但繁荣之下危机四伏。玄宗晚年倦勤，朝政渐堕。,,
TRES_TANG_CENTRAL_NAME_0,大唐中央,,
TRES_TAVERN_GACHA_FAILURE_FALLBACK_DESCRIPTION_0,酒肆的灯火昏暗，你独自坐了许久，一壶浊酒已见了底。邻桌的客人换了一拨又一拨，却无一人与你搭话。掌柜的打着哈欠开始收拾桌凳，你叹了口气，放下酒钱，踉跄着走出门外。夜风灌进衣领，今日又是空手而归。,,
TRES_TAVERN_GACHA_FAILURE_FALLBACK_NAME_0,独饮空归,,
TRES_TAVERN_GACHA_SUCCESS_FALLBACK_DESCRIPTION_0,酒肆里人声鼎沸，你寻了个角落的位子坐下，唤来一壶浊酒。几杯下肚，邻桌的汉子端着酒碗凑了过来，压低声音说起了坊间传闻。你竖起耳朵，听到了一个新的名字——{@npc_name}。,,
TRES_TAVERN_GACHA_SUCCESS_FALLBACK_NAME_0,酒肆奇遇,,
TRES_TEST_ANIMATION_EVENT_DESCRIPTION_0,展示卷轴图片,,
TRES_TEST_ANIMATION_EVENT_DESCRIPTION_1,测试滑动动画,,
TRES_TEST_ANIMATION_EVENT_DESCRIPTION_2,测试粉碎动画,,
TRES_TEST_ANIMATION_EVENT_DESCRIPTION_3,测试淡出动画,,
TRES_TEST_ANIMATION_EVENT_DESCRIPTION_4,手动测试 AnimationObject 三种动画效果,,
TRES_TEST_ANIMATION_EVENT_NAME_0,AnimationObject 测试事件,,
TRES_TEST_CODER_DEBUG_NAME_0,测试用Coder特性,,
TRES_TEST_INTERRUPT_DISPLAY_DESCRIPTION_0,继续在街上闲逛,,
TRES_TEST_INTERRUPT_DISPLAY_DESCRIPTION_1,长安的街市一如既往地热闹。卖胡饼的摊贩在吆喝，西域来的珠宝商人在展示货品，远处传来一阵骚动的声音，似乎有人在争吵。你正犹豫要不要过去看看。,,
TRES_TEST_INTERRUPT_DISPLAY_NAME_0,街市漫步,,
TRES_TEST_INTERRUPT_TARGET_DESCRIPTION_0,我知道了,,
TRES_TEST_INTERRUPT_TARGET_DESCRIPTION_1,你挤过人群，只见一个西域商人正与巡街的武侯激烈争执。商人的骆驼倒在地上，货物散落一地，周围围观的百姓越聚越多。武侯手握刀柄，脸上写满了不耐烦。看来事情并不简单。,,
TRES_TEST_INTERRUPT_TARGET_NAME_0,街市异变,,
TRES_TEST_INTERRUPT_TRIGGER_DESCRIPTION_0,派仆从去打探消息,,
TRES_TEST_INTERRUPT_TRIGGER_DESCRIPTION_1,你在府中闲坐看书，忽然听到街市方向传来一阵嘈杂的喧哗声。仆役匆匆来报，说街市上出了事，似乎有人与武侯发生了冲突。你放下书卷，犹豫是否要遣人前去打探。,,
TRES_TEST_INTERRUPT_TRIGGER_INTERRUPT_TEXT_0,查看,,
TRES_TEST_INTERRUPT_TRIGGER_NAME_0,府中闲坐,,
TRES_TEST_MODIFIER_NO_FACTION_DESCRIPTION_0,A) 望+30 (城府↓望 才华↑望),,
TRES_TEST_MODIFIER_NO_FACTION_DESCRIPTION_1,B) 钱+50 (城府↑钱),,
TRES_TEST_MODIFIER_NO_FACTION_DESCRIPTION_2,C) 兴+15 (定力↓兴),,
TRES_TEST_MODIFIER_NO_FACTION_DESCRIPTION_3,D) 健-25 (定力↓健失),,
TRES_TEST_MODIFIER_NO_FACTION_DESCRIPTION_4,E) 钱-30 (无 faction，不应减免),,
TRES_TEST_MODIFIER_NO_FACTION_DESCRIPTION_5,测试城府/才华/定力对声望/金钱/兴致/健康的增减益。\n预期（假设三属性均为 50）：\nA) 望+30 → 城府↓望50% 才华↑望50% → 约+30\nB) 钱+50 → 城府↑钱30% → 约+59\nC) 兴+15 → 定力↓兴50% → 约+11\nD) 健-25 → 定力↓健失60% → 约-14\nE) 钱-30 → 无 faction → 原值 -30,,
TRES_TEST_MODIFIER_NO_FACTION_NAME_0,【测试】修饰符-无派系效果,,
TRES_TEST_MODIFIER_QINGLIU_FACTION_DESCRIPTION_0,A) 清流索钱 -40 (才华↓清流消耗),,
TRES_TEST_MODIFIER_QINGLIU_FACTION_DESCRIPTION_1,B) 清流伤身 -20 (才华↓清流消耗),,
TRES_TEST_MODIFIER_QINGLIU_FACTION_DESCRIPTION_2,C) 清流耗时 -5 (才华↓清流消耗),,
TRES_TEST_MODIFIER_QINGLIU_FACTION_DESCRIPTION_3,"需要先通过 debug console 注入清流 NPC 上下文。\n注入指令: PlayerState.last_event[\""target_tag\""] = \""gaoshi\""\n\n预期（才华 50）：A) 钱-40 → 清流 dampen → ~-24\nB) 健-20 → 清流 dampen → ~-12\nC) 时-5 → 清流 dampen → ~-3",,
TRES_TEST_MODIFIER_QINGLIU_FACTION_NAME_0,【测试】修饰符-清流交互,,
TRES_TEST_MODIFIER_ZHUOLIU_FACTION_DESCRIPTION_0,A) 浊流索钱 -40 (城府↓浊流消耗),,
TRES_TEST_MODIFIER_ZHUOLIU_FACTION_DESCRIPTION_1,B) 浊流伤身 -20 (城府↓浊流消耗),,
TRES_TEST_MODIFIER_ZHUOLIU_FACTION_DESCRIPTION_2,C) 望+20 (城府↓望 才华↑望 不与 faction 交互),,
TRES_TEST_MODIFIER_ZHUOLIU_FACTION_DESCRIPTION_3,"需要先通过 debug console 注入浊流 NPC 上下文。\n注入指令: PlayerState.last_event[\""target_tag\""] = \""lilinfu\""\n\n预期（城府 50）：A) 钱-40 → 浊流 dampen → ~-24\nB) 健-20 → 浊流 dampen → ~-12\nC) 望+20 → 城府↓望 + 才华↑望（无 faction）→ ~+20",,
TRES_TEST_MODIFIER_ZHUOLIU_FACTION_NAME_0,【测试】修饰符-浊流交互,,
TRES_THE_END_DEATH_HINT_0,漁陽鼙鼓動地來，驚破霓裳羽衣曲。你在戰火中歸鄉，卻發現家園已成廢墟，而自己也未能躲過這場浩劫……,,
TRES_THE_END_NAME_0,漁陽鼙鼓,,
TRES_TIME_GAIN_TEXT_0,时光从容，岁月静好,,
TRES_TIME_GAIN_TEXT_1,偷得浮生半日闲,,
TRES_TIME_LOSS_TEXT_0,时光流逝,,
TRES_TIME_LOSS_TEXT_1,光阴似箭，日月如梭,,
TRES_TIME_PERCEPTION_TEXT_0,时间紧迫,,
TRES_TIME_PERCEPTION_TEXT_1,尚有余裕,,
TRES_TIME_PERCEPTION_TEXT_2,时间充裕,,
TRES_TUBO_KHANATE_DESCRIPTION_0,高原上的雄狮，时刻觊觎着河西走廊与安西四镇。,,
TRES_TUBO_KHANATE_NAME_0,吐蕃,,
TRES_TUT_CHUYOU_DESCRIPTION_0,在泰山周围探索,,
TRES_TUT_CHUYOU_EAST_DESCRIPTION_0,前往泰山东麓，寻找幽静的山谷,,
TRES_TUT_CHUYOU_EAST_NAME_0,东麓探幽,,
TRES_TUT_CHUYOU_FALLBACK_DESCRIPTION_0,继续前行,,
TRES_TUT_CHUYOU_FALLBACK_DESCRIPTION_1,"你在泰山山间漫步，呼吸着新鲜空气。山风吹过，树叶沙沙作响，偶尔几声鸟鸣从远处传来。

远远望去，山顶仍被那团浓雾笼罩着。不知何时才能一睹泰山真容。",,
TRES_TUT_CHUYOU_FALLBACK_NAME_0,山间漫步,,
TRES_TUT_CHUYOU_LOOKUP_DESCRIPTION_0,云雾散尽，抬头仰望泰山之巅,,
TRES_TUT_CHUYOU_LOOKUP_NAME_0,出游 · 往上看,,
TRES_TUT_CHUYOU_NAME_0,出游,,
TRES_TUT_CHUYOU_NORTH_DESCRIPTION_0,攀上北面岩壁，远眺泰山主峰,,
TRES_TUT_CHUYOU_NORTH_NAME_0,北岩望岳,,
TRES_TUT_CHUYOU_SOUTH_DESCRIPTION_0,沿着山间溪流向南，寻幽访胜,,
TRES_TUT_CHUYOU_SOUTH_NAME_0,南溪拾趣,,
TRES_TUT_CHUYOU_WEST_DESCRIPTION_0,登上西边山岭，观赏云海奇景,,
TRES_TUT_CHUYOU_WEST_NAME_0,西峰观云,,
TRES_TUT_DEFER_DONE_DESCRIPTION_0,云雾散了！看，泰山！,,
TRES_TUT_DEFER_DONE_DESCRIPTION_1,两旬时光匆匆而过。这一日清晨，你来到道士打坐处，见他缓缓睁开眼睛。\n\n「成了。」道士拂尘一挥。\n\n你抬头望去，笼罩山顶的浓雾正以肉眼可见的速度消散。阳光穿透云层，将泰山之巅染成一片金黄。那巍峨的山体第一次完整地展现在你面前——这就是泰山，如画，如诗。,,
TRES_TUT_DEFER_DONE_NAME_0,云开雾散,,
TRES_TUT_DEFER_INTERRUPT_DESCRIPTION_0,晚辈知错了,,
TRES_TUT_DEFER_INTERRUPT_DESCRIPTION_1,你贸然打断了道士的作法。他手中拂尘一顿，周身气息散了开去。\n\n道士转过头，眉头紧皱：「年轻人，作法讲究一气呵成，你这一打断，贫道又得重头来过。」\n\n他叹了口气，重新闭上双眼：「罢了罢了，下不为例。」,,
TRES_TUT_DEFER_INTERRUPT_NAME_0,道士不悦,,
TRES_TUT_DEFER_START_DESCRIPTION_0,等待道士行动。如果打断他可能不会很开心。,,
TRES_TUT_DEFER_START_DESCRIPTION_1,他坐下，开始作法。,,
TRES_TUT_DEFER_START_NAME_0,等待,,
TRES_TUT_DIALOGUE_1_DESCRIPTION_0,在下杜甫，此番游历是为增长见识,,
TRES_TUT_DIALOGUE_1_DESCRIPTION_1,道士打量了你一番，笑道：「贫道在此山修行多年，看人倒也有几分眼力。小友脚步稳健，不像寻常书生那般弱不禁风。」\n\n他拂尘轻摆，示意你坐下：「未请教大名？此番来泰山，所为何事？」,,
TRES_TUT_DIALOGUE_1_NAME_0,山中偶遇,,
TRES_TUT_DIALOGUE_2_DESCRIPTION_0,晚辈记下了,,
TRES_TUT_DIALOGUE_2_DESCRIPTION_1,道士闻言，微微颔首：「年纪轻轻便有此志，难得。」\n\n他伸手在你肩上按了按，又看了看你的脸色：「身子骨还算硬朗，面色也红润——看来家中不曾亏待了你。出门在外，身体是本钱，钱财是盘缠。这两样本钱，你得时时放在心上。」\n\n他从袖中取出一枚铜钱把玩：「贫道云游四方，深知一文钱难倒英雄汉。好在你眼下囊中尚不羞涩，趁年轻多走走。」,,
TRES_TUT_DIALOGUE_2_NAME_0,少年意气,,
TRES_TUT_DIALOGUE_3_DESCRIPTION_0,晚辈愿闻其详,,
TRES_TUT_DIALOGUE_3_DESCRIPTION_1,道士将铜钱递还给你，正色道：「杜小友，贫道观你不是甘于庸碌之人。你这等读书人，心里都揣着一团火——那是志向，是抱负。」\n\n他抬手指向远方：「你且看这天地。有人为名利奔波，有人为家国忧心。读圣贤书，所为者何？」\n\n他顿了顿：「文思、声望、时运——这三样东西，日后会推着你往前走，也会在关键时刻绊你一脚。心中有数，方能行远。」,,
TRES_TUT_DIALOGUE_3_NAME_0,志在四方,,
TRES_TUT_DIALOGUE_4_DESCRIPTION_0,多谢道长指点,,
TRES_TUT_DIALOGUE_4_DESCRIPTION_1,道士又看了你几眼，忽然说道：「我观你才思尚可，但身子骨还需磨砺。登山不是靠笔杆子，是靠腿脚。你这副身板，若不先打熬打熬，怕是走不了多远。」\n\n他站起身，拍了拍道袍上的尘土，在你肩上按了按，力道不轻不重。\n\n「嗯，底子不错。我见过不少读书人，十年寒窗下来不是弯腰就是驼背。你这副筋骨，比他们强。」\n\n他简单教了你几式调息之法，嘱咐道：「登山之人，气力是本钱。记着这个道理。」\n\n[size=13][color=#888888]系统提示：将鼠标悬浮在左侧出现的刻印上，可以查看详细效果说明[/color][/size],,
TRES_TUT_DIALOGUE_4_NAME_0,身强体壮,,
TRES_TUT_DIALOGUE_TIME_DESCRIPTION_0,晚辈生于大唐开元十五年，今年该是二十有六了,,
TRES_TUT_DIALOGUE_TIME_DESCRIPTION_1,"道士捻须一笑：「贫道久居山中，对年月已不甚在意。小友可知今夕是何年？」\n\n他望向远处天际，目光似乎穿透了云层：「修道之人不计春秋，但你这读书人，须得心中有数。何时赶考、何时进京，都是要紧事。」\n\n他伸手指向山外：「记着时日，莫负光阴。」\n\n[size=13][color=#888888]系统提示：右上角的时间面板展示了当前的年号与旬次。每个白色圆球代表一天——在本教程中，每旬仅有 2 天可用。点击""跳过""按钮可以快速结束本旬，进入下一旬。[/color][/size]",,
TRES_TUT_DIALOGUE_TIME_NAME_0,岁月如梭,,
TRES_TUT_DRINK_TOGETHER_DESCRIPTION_0,与道长对饮,,
TRES_TUT_DRINK_TOGETHER_DESCRIPTION_1,你取出随身携带的酒囊，在道士面前晃了晃。\n\n道士眼睛一亮：「好小子，来泰山还带着酒？」\n\n你们二人在青石上对坐，几杯下肚，道士的话匣子渐渐打开。他讲起年轻时云游各处的见闻，讲起各处的风土人情，语气中透着几分过来人的感慨。\n\n酒酣耳热，你感觉与这道士之间的距离近了不少。,,
TRES_TUT_DRINK_TOGETHER_NAME_0,共饮,,
TRES_TUT_FINAL_REVEAL_DESCRIPTION_0,下山去了,,
TRES_TUT_FINAL_REVEAL_DESCRIPTION_1,你站在山巅，回望这一路——从山脚遇道士，到山腰得指点，再到此刻俯瞰万山。\n\n风从四面八方吹来，你忽然感觉自己不再只是那个初出茅庐的书生了。泰山的灵秀之气仿佛渗入了你的骨血，那些不曾想过的才华、那些深藏的城府、那份与生俱来的定力，都在这一刻变得清晰起来。\n\n再看这天地，你有了新的感悟——朝堂的风声、人间的恩怨、那些暗流涌动的关系网，都隐隐浮现。\n\n泰山之行，不虚此行。\n\n[size=13][color=#888888]系统提示：新的界面元素已解锁。右下角的按钮可查看人脉、理念、诗词等功能[/color][/size],,
TRES_TUT_FINAL_REVEAL_NAME_0,豁然开朗,,
TRES_TUT_GOODBYE_DESCRIPTION_0,后会有期,,
TRES_TUT_GOODBYE_DESCRIPTION_1,"离别的日子终于到了。你在山脚下与玄明道人告别。

「去吧。」道士挥了挥手，神色平静，「你我有缘，日后自会再见。」

你深深鞠了一躬，转身踏上归途。走出几步，又忍不住回头看了一眼——道士已转身走向山中，身形渐渐隐入林间。

你心想，此番泰山之行使你获益良多，日后再来拜访。

只是你没想到，这一别，竟过了二十年。",,
TRES_TUT_GOODBYE_NAME_0,下山,,
TRES_TUT_IDEA_HINT_DESCRIPTION_0,我心中似乎有了方向,,
TRES_TUT_IDEA_HINT_DESCRIPTION_1,站在泰山之巅，你俯瞰着脚下的云海和远方的山河。此行泰山的收获远超预期。\n\n你心中隐隐有了些关于未来的想法——虽然还很模糊，但你能感觉到，自己的人生不该只是随波逐流。\n\n点击右下角蓝色印章，将这份感悟化为前行的方向。,,
TRES_TUT_IDEA_HINT_NAME_0,新的领悟,,
TRES_TUT_IDEA_UNLOCK_DESCRIPTION_0,我明白了,,
TRES_TUT_IDEA_UNLOCK_DESCRIPTION_1,你站在山巅，迎着猎猎山风，心中涌起一股从未有过的豪情。\n\n道士的话又在耳边响起——「人生在世，最要紧的是什么？」\n\n那时你没有回答。但现在，你心中有了答案。天下这么大，总有一条路，是为你准备的。,,
TRES_TUT_IDEA_UNLOCK_NAME_0,远大志向,,
TRES_TUT_JIAOYOU_DRINK_DESCRIPTION_0,与玄明道人共饮,,
TRES_TUT_JIAOYOU_DRINK_NAME_0,交游 · 共饮,,
TRES_TUT_JIAOYOU_TALK_DESCRIPTION_0,和道长说几句话,,
TRES_TUT_JIAOYOU_TALK_NAME_0,交游 · 问道士话,,
TRES_TUT_LOOKUP_MOUNTAIN_DESCRIPTION_0,一览众山小,,
TRES_TUT_LOOKUP_MOUNTAIN_DESCRIPTION_1,"你登上泰山之巅，极目远眺。

脚下的云雾如海浪般翻涌，远处群山在云海中若隐若现，如同浮在白色汪洋中的青色岛屿。天穹如盖，星斗罗列其间，天地间仿佛只剩下你一人。

万里沧波翻涌，日月若出其中，星汉灿烂若出其里。

一页页竹简在眼前展开，上面写满了兴亡成败的名字。

你忽然明白——这壮丽山河，便是你要书写的诗行。",,
TRES_TUT_LOOKUP_MOUNTAIN_NAME_0,一览众山,,
TRES_TUT_MEET_TAOIST_DESCRIPTION_0,我来游历天下，增长见识,,
TRES_TUT_MEET_TAOIST_DESCRIPTION_1,我来寻找作诗的灵感,,
TRES_TUT_MEET_TAOIST_DESCRIPTION_2,我……我也不知道，就是觉得该来,,
TRES_TUT_MEET_TAOIST_DESCRIPTION_ML,"泰山巍峨，山脚下鸟语花香，溪水潺潺。你正沉醉于这天地间的灵气，忽见一位白发道士端坐于青石之上。他仙风道骨，手持拂尘，双目微阖，像是早已在此等候多时。

他缓缓睁开眼，打量着你片刻，开口问道：「少年人，你为何来到这泰山？」",,
TRES_TUT_MEET_TAOIST_NAME_0,泰山脚下,,
TRES_TUT_MOVE_AWAY_DESCRIPTION_0,好大的雾,,
TRES_TUT_MOVE_AWAY_DESCRIPTION_1,"你沿着山路走到了泰山另一侧。抬头想看清山顶的轮廓，却发现一层浓雾将山头裹得严严实实，什么也看不见。

山风一起，雾气翻涌如浪，隐约间似乎能瞧见山巅的轮廓，又好像什么都没有。

你想起了道士——他在此山修行多年，或许知道这雾的来历。",,
TRES_TUT_MOVE_AWAY_NAME_0,山间迷雾,,
TRES_TUT_NO_INSPIRATION_DESCRIPTION_0,看来需要喝点酒助兴,,
TRES_TUT_NO_INSPIRATION_DESCRIPTION_1,还是算了,,
TRES_TUT_NO_INSPIRATION_DESCRIPTION_ML,TRES_TUT_NO_INSPIRATION_DESCRIPTION_0,,
TRES_TUT_NO_INSPIRATION_DESCRIPTION_ML,"你面对壮丽的山河，想要写一首诗记录下来。然而提起笔，脑中却一片空白。

搜肠刮肚半天，只写出几句干巴巴的字句，连你自己看了都摇头。

你想起道士说过的话——「登山不是靠笔杆子」。或许，你还需要一点别的什么。",,
TRES_TUT_NO_INSPIRATION_NAME_0,文思枯涩,,
TRES_TUT_POEM_REVIEW_DESCRIPTION_0,请道长指点,,
TRES_TUT_POEM_REVIEW_DESCRIPTION_1,"几杯药酒下肚，文思果然如泉涌。你一气呵成写下一首《望岳》，字里行间尽是少年人的锐气与壮志。

道士不知何时已站在你身后，探头看了一眼诗稿，眼中闪过惊艳之色。

「好！好一句『会当凌绝顶，一览众山小』！」道士拍手称赞，「年轻人，你这诗才，他日必有大名，青史留名不在话下。」",,
TRES_TUT_POEM_REVIEW_NAME_0,道人评诗,,
TRES_TUT_RESIDE_BASE_DESCRIPTION_0,起身前行,,
TRES_TUT_RESIDE_BASE_DESCRIPTION_1,你在泰山脚下寻了一处青石坐下。山风轻拂，草木清香扑鼻。远处传来几声鸟鸣，更显得山间幽静。歇息片刻，你决定继续前行。,,
TRES_TUT_RESIDE_BASE_NAME_0,山脚歇息,,
TRES_TUT_RESIDE_UPPER_DESCRIPTION_0,继续赶路,,
TRES_TUT_RESIDE_UPPER_DESCRIPTION_1,山腰处的风景与山脚迥然不同。松涛阵阵，云雾时聚时散。你靠在树干上，望着远处的层峦叠嶂，心中涌起一股登高望远的豪情。,,
TRES_TUT_RESIDE_UPPER_NAME_0,山中歇息,,
TRES_TUT_RETURN_TAOIST_DESCRIPTION_0,山顶被大雾罩着，什么也看不见,,
TRES_TUT_RETURN_TAOIST_DESCRIPTION_1,"你回到道士打坐的青石旁。他仍是那副云淡风轻的模样，但听到脚步声便已睁开眼。

「回来了。」他语气平静，「看你的表情，是遇到了什么？」",,
TRES_TUT_RETURN_TAOIST_NAME_0,再见道人,,
TRES_TUT_TALK_NO_RESPONSE_DESCRIPTION_0,先不打扰道长了,,
TRES_TUT_TALK_NO_RESPONSE_DESCRIPTION_1,你走近道士打坐的青石旁，轻声唤了几句。「道长？」\n\n道士盘膝而坐，双目紧闭，呼吸悠长，似乎已入定境。你等了片刻，他依然没有任何回应。\n\n看来道长正在修炼的关键时刻，不便打扰。还是先去别处转转吧。,,
TRES_TUT_TALK_NO_RESPONSE_NAME_0,无回应,,
TRES_TUT_TAOIST_NAME_0,玄明道人,,
TRES_TUT_TRAIT_DEMO_DESCRIPTION_0,多谢道长指点,,
TRES_TUT_TRAIT_DEMO_DESCRIPTION_1,道士在你肩上拍了拍，力道不轻不重。\n\n「嗯，底子不错。我见过不少读书人，十年寒窗下来不是弯腰就是驼背。你这副筋骨，比他们强。」\n\n他简单教了你几式调息之法，嘱咐道：「登山之人，气力是本钱。记着这个道理。」,,
TRES_TUT_TRAIT_DEMO_NAME_0,身强体壮,,
TRES_TUT_VAST_WORLD_DESCRIPTION_0,好一片天地,,
TRES_TUT_VAST_WORLD_DESCRIPTION_1,"道士带你绕过几条山路，眼前豁然开朗——一整片开阔的山谷，远处群山如黛，云海翻涌。风声穿过松林，带着湿润的草木气息。

你站在崖边，看着脚下绵延至天际的山脉，胸中涌起一股说不清的情绪。天地如此之大，而你只是其中一粒尘埃。

道士在你身旁站定，轻声道：「贫道需打坐片刻，你自去转转吧。这山间还有不少可看之处。」

说罢，他寻了一块青石盘膝坐下，闭上双眼，不再言语。",,
TRES_TUT_VAST_WORLD_NAME_0,天地苍茫,,
TRES_TUT_ZHU_LIU_BASE_DESCRIPTION_0,在泰山脚下歇息,,
TRES_TUT_ZHU_LIU_BASE_NAME_0,驻留 · 泰山脚下,,
TRES_TUT_ZHU_LIU_UPPER_DESCRIPTION_0,在山腰处歇息,,
TRES_TUT_ZHU_LIU_UPPER_NAME_0,驻留 · 泰山上,,
TRES_UPDATE_TO_RANK8_OFFICIAL_DESCRIPTION_0,你去找了几个朋友运作了一下,,
TRES_UPDATE_TO_RANK8_OFFICIAL_NAME_0,升八品官,,
TRES_YOUXIANGFU_GANYE_TASTE_INFO_0,你提笔悬腕，却迟迟落不下去——这诗稿上的批注字字如刀，你无从下笔。清客见状，微微摇头，将诗稿收回袖中。,,
TRES_YOUXIANGFU_GATE_L0_DESCRIPTION_0,将袖中所有银钱尽数倒在他摊开的掌中,,
TRES_YOUXIANGFU_GATE_L0_DESCRIPTION_1,转身离去,,
TRES_YOUXIANGFU_GATE_L0_DESCRIPTION_2,将剩余银钱尽数倒出，期望他可以放了你,,
TRES_YOUXIANGFU_GATE_L0_DESCRIPTION_3,相府青鞜大门半开，门房的胖汉横跨在石阶上，正用小指抠着牙缝，连正眼都没落在一个穿布衣的访客身上。当你踏上第一级台阶，一截包着铜皮的水火棍猛地横扫过来，险些砸碎你的膝盖。「相爷府的门，也配沾你的酸泥？」胖汉冷哼一声，蒲扇般的手掌直直摊在你眼前。他掂了掂另一只手里的空钱袋，铜钱碰撞的暗哑声在寒风里格外刺耳。,,
TRES_YOUXIANGFU_GATE_L0_FAILED_HINT_0,门卫对你虎视眈眈，不交钱还想走？,,
TRES_YOUXIANGFU_GATE_L0_NAME_0,右相府门卫,,
TRES_YOUXIANGFU_GATE_L0_REVISIT_DESCRIPTION_0,步入府中,,
TRES_YOUXIANGFU_GATE_L0_REVISIT_DESCRIPTION_1,再次来到相府门前。那胖大门房正与一个西域商贾低声调笑，余光扫到你走近。他甚至没有停下嘴里的诨话，只是懒洋洋地用鞋底踢开挡在路中间的扫帚，留出一条仅供一人侧身挤入的缝隙，随后便低下头，继续盘算着手里新得的银锞子。你掸去袖上的灰尘，从那道狭窄的缝隙中艰难挤入。,,
TRES_YOUXIANGFU_GATE_L0_REVISIT_NAME_0,右相府门卫·再访,,
TRES_YOUXIANGFU_HALL_L1_DESCRIPTION_0,上前一步，拱手请命：在下愿献拙作,,
TRES_YOUXIANGFU_HALL_L1_DESCRIPTION_1,将身上余钱塞给清客，低声求通融,,
TRES_YOUXIANGFU_HALL_L1_DESCRIPTION_2,穿过前院，堂下站着一位着青袍的掌书记。他正用一柄玉如意逗弄着廊下的画眉，听闻你自报家门，他停下手中的玉如意，目光终于落在你破旧的衣摆上。「子美？听说你在洛阳薄有诗名。」他端起茶盏，杯盖轻轻撇去浮沫，发出清脆的刮擦声，「相爷今日乏了。若没有能镇得住这满堂锦绣的千古绝唱，就别拿那些俗物来污了右相府的青砖。」,,
TRES_YOUXIANGFU_HALL_L1_NAME_0,管家为难,,
TRES_YOUXIANGFU_HALL_L1_REVISIT_DESCRIPTION_0,面见右相,,
TRES_YOUXIANGFU_HALL_L1_REVISIT_DESCRIPTION_1,接过诗稿，拱手道谢,,
TRES_YOUXIANGFU_HALL_L1_REVISIT_DESCRIPTION_2,你再次步入前堂。那青袍掌书记正低头翻阅着你昨日呕心沥血献上的诗卷，甚至随手拿朱笔在上面乱勾了几笔。你急忙上前一步拱手，他却仿佛没看见面前这个大活人似的，径直向一旁的侍女招手：「这诗稿的纸张质地太糙，拿去垫偏殿那张缺了角的酸枝木桌吧，莫要划伤了相爷的玉管笔。」从头到尾，他的目光未曾在你身上停留半寸。,,
TRES_YOUXIANGFU_HALL_L1_REVISIT_NAME_0,管家为难·清客,,
TRES_YOUXIANGFU_OUTER_WALL_DESCRIPTION_0,迈上台阶，叩响门环,,
TRES_YOUXIANGFU_OUTER_WALL_DESCRIPTION_1,转身离去,,
TRES_YOUXIANGFU_OUTER_WALL_DESCRIPTION_2,拐过街角，一面高耸得仿佛没有尽头的青砖坊墙将天光生生截断。几十个穿着旧青袍或麻布衣的士子，像冻僵的鹌鹑一样贴着墙根瑟缩排开，没人敢出声，连咳嗽都被死死捂在袖子里。你走到队伍最末端站定。抬头望去，三丈高的朱漆大门紧紧闭合，两尊巨大的石狮子在阴影中俯视着阶下的蝼蚁。一阵穿堂冷风卷过，门上磨盘大小的兽面衔环发出一声沉闷的金属撞击音，墙根下的几十颗脑袋同时条件反射般地瑟缩了一下。你呼出的白气，在这堵绝对寂静的高墙前，瞬间便被吹得粉碎。,,
TRES_YOUXIANGFU_OUTER_WALL_NAME_0,相府青门外,,
TRES_YOUXIANGFU_WAY_DESCRIPTION_0,继续前行,,
TRES_YOUXIANGFU_WAY_DESCRIPTION_1,长安平康坊以南，右相府邸的坊墙连绵如铁。你沿街疾走，晨霜早已湿透了麻鞋。越靠近那两扇高耸的朱漆大门，周围的喧闹声便越是被一种死寂的威压吞没。你的手死死攥着袖口中那卷拜帖，骨节因过度用力而惨白。抬起头，相府门楼上的琉璃兽脊仿佛要刺破厚重的云层，你死死盯着那高不可攀的门槛，喉结艰难地滚动了一下，连呼吸都忘了吐出。,,
TRES_YOUXIANGFU_WAY_NAME_0,相府路上,,
TRES_ZHENGQIAN_POEM_EXCHANGE_DESCRIPTION_0,向郑虔展示诗作换取灵感与文名,,
TRES_ZHENGQIAN_POEM_EXCHANGE_FALLBACK_DESCRIPTION_0,郑虔见你登门，欣然与你论诗谈文。你将从平康坊郑虔处所得的感悟融入诗稿，文思略有进益。,,
TRES_ZHENGQIAN_POEM_EXCHANGE_FALLBACK_NAME_0,郑虔 · 以诗换兴望,,
TRES_ZHENGQIAN_POEM_EXCHANGE_NAME_0,郑虔 · 以诗换兴望,,
TRES_ZHUOLIU_BASIC_TASTE_INFO_0,“尚才相戏尔！”,,
TRES_ZHUOLIU_ZUANYING_DINNER_PARTY_BROKER_DESCRIPTION_0,掷杯在地，拂袖间掀翻案上酒盏。,,
TRES_ZHUOLIU_ZUANYING_DINNER_PARTY_BROKER_DESCRIPTION_1,堆出笑容，双手捧起酒壶为对方斟满。,,
TRES_ZHUOLIU_ZUANYING_DINNER_PARTY_BROKER_DESCRIPTION_2,沉默片刻，问他那位同僚手里有什么可以交换。,,
TRES_ZHUOLIU_ZUANYING_DINNER_PARTY_BROKER_DESCRIPTION_3,“子美兄，我有个同僚想见户部的人。价钱好说。”说这话时他的眼睛没看你，看的是你身后那扇门——门后是今日宴席上所有正在交易的秘密。他笃定你还在这张桌上。,,
TRES_ZHUOLIU_ZUANYING_DINNER_PARTY_BROKER_NAME_0,酒宴上的旧账,,
TRES_ZHUOLIU_ZUANYING_ENDORSEMENT_REQUEST_DESCRIPTION_0,转身抬脚就走，名帖在身后落地。,,
TRES_ZHUOLIU_ZUANYING_ENDORSEMENT_REQUEST_DESCRIPTION_1,双袖一振顺势跪下，额头已触到石阶。,,
TRES_ZHUOLIU_ZUANYING_ENDORSEMENT_REQUEST_DESCRIPTION_2,从袖中摸出一张折好的纸，推过桌面。,,
TRES_ZHUOLIU_ZUANYING_ENDORSEMENT_REQUEST_DESCRIPTION_3,“上次你递的干谒诗，老爷压在案角看了三日。这次又来了？”他往前凑了半步，嗓音压到只有檐下能听见：“不过老爷听说，赵主事那条盐铁司的路子，是你给牵的线。你要是有什么消息或是条件，我一并进去说。”廊柱的影子斜在两人之间，他在等一个数字。,,
TRES_ZHUOLIU_ZUANYING_ENDORSEMENT_REQUEST_NAME_0,旧邸问价,,
TRES_ZHUOLIU_ZUANYING_GATHERING_SUNK_COST_DESCRIPTION_0,名帖往地上一掷，转身踩着新靴踏出廊去。,,
TRES_ZHUOLIU_ZUANYING_GATHERING_SUNK_COST_DESCRIPTION_1,腰一弯，笑容堆满脸，双手将名帖捧过头顶。,,
TRES_ZHUOLIU_ZUANYING_GATHERING_SUNK_COST_DESCRIPTION_2,掂了掂袖中另一条消息，走向厅侧等他的管事。,,
TRES_ZHUOLIU_ZUANYING_GATHERING_SUNK_COST_DESCRIPTION_3,“客人又来了。”他说完就走了，托盘在肘边晃了一下，映出灯影——那块漆掉了一块，露出旧木，上次你见它时还没掉。,,
TRES_ZHUOLIU_ZUANYING_GATHERING_SUNK_COST_NAME_0,旧债新袍,,
TRES_ZHUOLIU_ZUANYING_GHOSTWRITER_CONFRONT_DESCRIPTION_0,拂袖打翻那杯酒，杯盏在案上滚出刺耳的声响。,,
TRES_ZHUOLIU_ZUANYING_GHOSTWRITER_CONFRONT_DESCRIPTION_1,双手接过酒杯一口饮尽，堆着笑连声应承。,,
TRES_ZHUOLIU_ZUANYING_GHOSTWRITER_CONFRONT_DESCRIPTION_2,用食指抵住杯沿慢慢推回半寸，报出一个诗题和价码。,,
TRES_ZHUOLIU_ZUANYING_GHOSTWRITER_CONFRONT_DESCRIPTION_3,贡院东墙外的小酒馆，灯笼在秋风中晃。几个举子的议论声从角落飘来——「那首《登科后》真是意气风发」「听说是张侍郎公子的手笔」。你认得那首诗。三个月前在张府后院，你用了两壶酒的时间把那些句子排好，换来一纸谒帖的承诺。现在张公子端着酒杯走过来了，靴底踩在松木地板上，每一步都稳得很。「子美兄，我爹很满意上回那首。这次再来一首？」酒杯往你这边推了半寸，杯沿上的唇印还没干透。他的语气像在谈一笔已经成交的买卖。,,
TRES_ZHUOLIU_ZUANYING_GHOSTWRITER_CONFRONT_NAME_0,代笔旧账,,
TRES_ZHUOLIU_ZUANYING_INTELLIGENCE_COMMODITY_DESCRIPTION_0,拂袖将茶碗扫落，纸条在湿痕里裂成两半。,,
TRES_ZHUOLIU_ZUANYING_INTELLIGENCE_COMMODITY_DESCRIPTION_1,双手接过那张报价单，脸上堆出笑容，腰已弯下三分。,,
TRES_ZHUOLIU_ZUANYING_INTELLIGENCE_COMMODITY_DESCRIPTION_2,指尖压住纸条一角，不翻也不推，只问他要的这个名字，市价几何。,,
TRES_ZHUOLIU_ZUANYING_INTELLIGENCE_COMMODITY_DESCRIPTION_3,东市茶肆二楼临窗的位置，一个绸缎商把一张纸条推过案面。纸上只写着一个官员的名字，墨迹已干。他将茶碗搁在纸条旁边，碗底在纸上压出一圈湿痕。“上次你在盐商老张那儿‘问’的事，我听说过。”目光越过碗沿，不紧不慢地看着你，“我不是来为难你的。我也是来做生意的。”窗外楼下，东市的骡马队正在卸货，鞭子抽在青石板上的声响传上来。绸缎商从袖口又抽出一张叠好的纸，“这是价钱。你看看。”,,
TRES_ZHUOLIU_ZUANYING_INTELLIGENCE_COMMODITY_NAME_0,茶案上的价码,,
TRES_ZHUOLIU_ZUANYING_POVERTY_PERSONA_DESCRIPTION_0,将纸条揉成一团掷还老周，袍子甩回摊上。,,
TRES_ZHUOLIU_ZUANYING_POVERTY_PERSONA_DESCRIPTION_1,双手接过纸条，弯腰堆笑：“周爷的事就是我的事。”,,
TRES_ZHUOLIU_ZUANYING_POVERTY_PERSONA_DESCRIPTION_2,捏着纸条不接也不拒，平静开口：“递话可以，但你这摊子得替我瞒三年。”,,
TRES_ZHUOLIU_ZUANYING_POVERTY_PERSONA_DESCRIPTION_3,城东的旧衣摊弥漫着霉味和旧尘。你把那件洗得发白的袍子展开——袖口磨出毛边，领子泛黄，正合你经营多年的贫寒模样。摊主老周堆着笑递过来，袖子里却抖出一张纸条。“杜先生，上月南城那封信替你换了五贯，这账我记得。今天这件袍子，就不跟你砍价了——你帮我个忙。”他把纸条往你掌心推了推，上面写着城南韦府一个通房丫头的名字。“你替我给这个人递句话，她的私盐生意我查清了。不递，我就跟左邻右舍讲讲你穿旧袍子替人写密信的事。”,,
TRES_ZHUOLIU_ZUANYING_POVERTY_PERSONA_NAME_0,旧衣摊前的账本,,
TRES_ZHU_LIU_DESCRIPTION_0,择一地面北而栖。,,
TRES_ZHU_LIU_HUANGCHENG_FALLBACK_DESCRIPTION_0,皇城巍峨，朱门深锁。他站在朱雀大街的尽头，远远望着宫墙之内那些飞檐翘角。权谋与荣辱在那里轮番上演，而他只是一个看客。,,
TRES_ZHU_LIU_HUANGCHENG_FALLBACK_NAME_0,皇城远望,,
TRES_ZHU_LIU_LOCK_NARRATIVE_0,四方扰扰，竟无一处可安心驻足,,
TRES_ZHU_LIU_NAME_0,驻留,,
TRES_ZHU_LIU_PINGKANGFANG_FALLBACK_DESCRIPTION_0,平康坊内丝竹声声，歌楼之上有人正唱着一首新词。他在坊间踱步，听着曲声，心底那句「此曲只应天上有」悄悄浮了上来。,,
TRES_ZHU_LIU_PINGKANGFANG_FALLBACK_NAME_0,平康听曲,,
TRES_ZHU_LIU_XISHI_FALLBACK_DESCRIPTION_0,西市喧嚣，胡商牵着骆驼穿过人群，香料、绸缎、宝玉琳琅满目。他在一家胡饼摊前驻足，买了一枚胡饼，边走边看这人间烟火。,,
TRES_ZHU_LIU_XISHI_FALLBACK_NAME_0,西市烟火,,
TRES_ZIZE_FROZEN_CORPSE_DESCRIPTION_0,袖口蹭过坊墙，干土簌簌落下。你继续穿过路口。,,
TRES_ZIZE_FROZEN_CORPSE_DESCRIPTION_1,铁钩刮过石板的声音先于坊丁的身影抵达。你起先以为坊墙下是一堆破被褥，走近三步才看清被褥里伸出的半只手——手指收拢，掌心空着，指甲暗紫色。坊丁走近时你往后退了一步，手不自觉伸进怀里，指腹触到那几枚铜钱，还在。铜钱贴着肋骨，温热。你停了半秒，把铜钱在指间转了一下，按回原处。坊丁弯下腰时你已从他和那具身体旁绕了过去，袖口蹭过坊墙的粗面，带下一撮干土。,,
TRES_ZIZE_FROZEN_CORPSE_NAME_0,坊墙下,,
TRES_ZIZE_HOME_LETTER_DESCRIPTION_0,喉结动一下，袖口拭过案角，往门口走。,,
TRES_ZIZE_HOME_LETTER_DESCRIPTION_1,信差在门廊外跺着脚上的雪泥。信纸摊在案上，墨迹洇开的地方刚好是“不如早归”四个字。那双冬袜叠得齐整，袜口收针处多绕了两道线——她手冻时才这样收针。你坐下磨墨，笔管在指间转了两圈。纸铺好了。墨磨浓了。手落下去时笔尖停在半空，一滴墨坠在纸上，正好盖住“归”字。你从旧袍腋下拆了一颗木扣子放进信封。信差接过时掂了掂，没说话。,,
TRES_ZIZE_HOME_LETTER_NAME_0,家书与冬袜,,
TRES_ZIZE_OLD_FRIEND_DESCRIPTION_0,顿了顿。把下巴搁在最上面那本书的封皮上，朝坊门另一头走。,,
TRES_ZIZE_OLD_FRIEND_DESCRIPTION_1,牛车停在坊门口，车板上的干草簌簌往下掉碎屑。他把书一本一本往你怀里堆，你往后趔趄了小半步——他没看你是否站稳。转身去解缰绳，手指快得像在赶什么东西追上他之前。琴搁在书堆最上面，弦上还绷着昨夜的潮气。你喉咙滚了一下。想说「我也走」——那四个字已经抵在舌根。但你咽回去了。齿关合上时发出一声轻响，像咬碎了一小块脆骨。牛车动了。车轮碾过水沟边沿，琴弦被震出一声闷响——短促，低哑，像被谁从底下踩了一脚。你抱着那摞书站在坊门口。车的影子拉细，缩进春明门方向的灰尘里。,,
TRES_ZIZE_OLD_FRIEND_NAME_0,书堆的重量,,
TRES_ZIZE_PAWN_JADE_DESCRIPTION_0,站住。袖口往下坠了一坠。继续往米铺走。,,
TRES_ZIZE_PAWN_JADE_DESCRIPTION_1,一道老裂痕从云纹中间贯过去，朝奉把它在窗口的光下翻了翻放回柜台。“死当？”你说是。他报的数刚好够付欠了半月的房租和三斗米。你没有还价。帕子在指间叠成方块时，原先包玉的凹处还带着一点余温，四角被玉佩压出的棱硌进掌心。麻绳从栅栏那边推过来，铜钱在绳上沉甸甸地响了一声。你松开帕子，把铜钱拨进袖口——手腕内侧那块被玉焐了十年的皮肉现在贴上了冰凉的方孔。,,
TRES_ZIZE_PAWN_JADE_NAME_0,帕子叠好,,
TRES_ZIZE_WINE_BOY_IDENTITY_QUANGUI_DESCRIPTION_0,等了半截入城鼓。你的手从腿边垂下来。,,
TRES_ZIZE_WINE_BOY_IDENTITY_QUANGUI_DESCRIPTION_1,权贵走后半炷香，才有人把酒保往后厨拖。他的靴底在砖缝上划了一下，留下一道深色的痕迹。你看见桌上的碎银子——指甲盖大小，沾着一点血沫。你的手在袖子里张开，拇指碰到两枚铜钱。铜钱是凉的。手慢慢卷回去。旁边有人踢了一脚倒掉的酒坛，酒液还在往砖缝里渗。你站起身，绕过那片湿痕，从另一个方向走了。,,
TRES_ZIZE_WINE_BOY_IDENTITY_QUANGUI_NAME_0,地上的湿痕,,
TRES_ZIZE_YOUNG_SCHOLAR_DESCRIPTION_0,顿一下。把那截秃笔推还给他。,,
TRES_ZIZE_YOUNG_SCHOLAR_DESCRIPTION_1,他在门口站定时你正数着袖里的铜钱。余光先触到那件青衫——经纬洗得松了，透出里层麻布的纹路。他往前迈了一步，门槛的阴影从他脚背移到脚踝。你听见自己的脊椎一节节凉下去。他问“先生在长安怎么才能被人看见”。你张开嘴。舌根往上颚顶了一下。然后你听见一句话从自己喉咙里出来——“好好写，总会有人看见的”。那声音薄得像坊墙外飘进来的叫卖。他低着头认真点头，袖子里摸出一截秃笔，用唾沫润了润笔尖，抬头说“您再说一遍，我记一记”。你说不用记了。他写字的姿势让你想起十年前租住在城南土墙房里，每天蘸井水在桌上练字的时辰。,,
TRES_ZIZE_YOUNG_SCHOLAR_NAME_0,那件松了的青衫,,
UI_ACTION_BUTTON_TEXT_0,赴宴,,
UI_ACTION_BUTTON_TEXT_1,颍川，王维召开了盛大宴会,,
UI_AMBITION_HUD_TEXT_0,致君尧舜上,,
UI_AMBITION_HUD_TEXT_1,"你想齐家治国平天下，而这需要以做官为前提。
你打算去京城碰碰运气，那里的大官格外多，理应有赏识你的人",,
UI_AMBITION_HUD_TEXT_2,如果完不成，你的一身才华将无用武之处,,
UI_AMBITION_HUD_TEXT_3,「状态」没有人认得你，你是彻底的无名之辈,,
UI_BAMBOO_SLIP_TEXT_0,贺知章,,
UI_CONFIRMATION_DIALOG_CUSTOM_TEXT_0,泰山游历,,
UI_CONFIRMATION_DIALOG_CUSTOM_TEXT_1,"昔游齐鲁，登泰山而小天下了么?
(开始新手教程?)",,
UI_CONFIRMATION_DIALOG_CUSTOM_TEXT_2,跳过,,
UI_CONFIRMATION_DIALOG_CUSTOM_TEXT_3,开始引导,,
UI_GAME_DATA_PANEL_TEXT_0,存档1,,
UI_GAME_DATA_PANEL_TEXT_1,保存于 7.7 17.37,,
UI_GAME_DATA_PANEL_TEXT_2,保存到此,,
UI_GAME_DATA_PANEL_TEXT_3,依此加载,,
UI_IDEA_BTN_TEXT_0,兴：存在城府,,
UI_IDEA_BTN_TEXT_1,平易近人,,
UI_IDEA_BTN_TEXT_2,被锁定，由于和兴：没有城府冲突,,
UI_IDEA_PAGE_TEXT_0,当前理念,,
UI_IDEA_PAGE_TEXT_1,空槽位,,
UI_IDEA_PAGE_TEXT_2,空槽位,,
UI_IDEA_PAGE_TEXT_3,空槽位,,
UI_IDEA_PAGE_TEXT_4,空槽位,,
UI_IDEA_PAGE_TEXT_5,空槽位,,
UI_IDEA_PAGE_TEXT_6,选择一个理念,,
UI_IDEA_PAGE_TEXT_7,选择一个理念,,
UI_IDEA_PAGE_TEXT_8,点击选择理念,,
UI_ITEM_PICKER_TAPE_ATTACHMENT_TEXT_0,【选择物品】,,
UI_ITEM_PICKER_TAPE_ATTACHMENT_TEXT_1,不回答,,
UI_ITEM_PICKER_TAPE_ATTACHMENT_TEXT_2,请选择一项,,
UI_ITEM_PICKER_TAPE_ATTACHMENT_TEXT_3,确认,,
UI_LEFT_PLAYER_PANEL_TEXT_0,杜甫[字子美],,
UI_LEFT_PLAYER_PANEL_TEXT_1,距离大考还剩: -- 旬,,
UI_LEFT_PLAYER_PANEL_TEXT_2,京兆府·举子,,
UI_LEFT_PLAYER_PANEL_TEXT_3,东市：李白在此,,
UI_LEFT_PLAYER_PANEL_TEXT_4,特质,,
UI_LEFT_PLAYER_PANEL_TEXT_5,政略主权,,
UI_LEFT_PLAYER_PANEL_TEXT_6,底层修饰,,
UI_MAIN_ACTION_BUTTON_TEXT_0,赴宴,,
UI_MAIN_ACTION_BUTTON_TEXT_1,颍川，王维召开了盛大宴会,,
UI_MAIN_PAGE_TEXT_0,京,,
UI_MAIN_PAGE_TEXT_1,隐,,
UI_MAIN_PAGE_TEXT_2,律法,,
UI_MAIN_PAGE_TEXT_3,泰山,,
UI_NARRATIVE_OVERLAY_COPY_TEST_TEXT_0,标题,,
UI_NARRATIVE_OVERLAY_COPY_TEST_TEXT_1,例子,,
UI_NARRATIVE_OVERLAY_TEXT_0,查看,,
UI_NARRATIVE_OVERLAY_TEXT_1,行动,,
UI_NARRATIVE_OVERLAY_TEXT_2,显示异地行动,,
UI_NARRATIVE_OVERLAY_TEXT_3,效果,,
UI_NOTE_PAGE_TEXT_0,已触发 0/0 篇笔记,,
UI_NOTE_PAGE_TEXT_1,坊市-出游循环,,
UI_NOTE_PAGE_TEXT_2,朝扣富儿门，暮随肥马尘。残杯与冷炙，到处潜悲辛。,,
UI_NOTE_PAGE_TEXT_3,"清晨去敲富豪的大门，傍晚随在达官贵人的马后吃尘土；吃的是别人的残羹冷炙，到处偷偷吞咽着悲伤与痛苦。
即使如此的下贱，但仍然吃不上饭。",,
UI_NOTE_PAGE_TEXT_4,注：,,
UI_NOTE_PAGE_TEXT_5,昔年泰山清狂，不知薪米之贵；今入长安，方知出卖体力之迫切也。,,
UI_NOTE_PAGE_TEXT_6,去坊市出卖体力之后去出游可以有效获取额外的资源。,,
UI_NOTE_PAGE_TEXT_7,暂无可查看的笔记,,
UI_NPC_ACTION_BUTTON_TEXT_0,神医,,
UI_NPC_ACTION_BUTTON_TEXT_1,邀请神医赴宴治疗他人,,
UI_NPC_ACTION_BUTTON_TEXT_2,可行性：高,,
UI_NPC_ACTION_BUTTON_TEXT_3,耗费：xxxx,,
UI_NPC_ACTION_BUTTON_TEXT_4,产出,,
UI_NPC_ACTION_BUTTON_TEXT_5,风险：会趋势,,
UI_OVERRIDE_ACTION_BUTTON_TEXT_0,行动名称,,
UI_OVERRIDE_ACTION_BUTTON_TEXT_1,NPC提供,,
UI_OVERRIDE_ACTION_BUTTON_TEXT_2,可行性,,
UI_OVERRIDE_ACTION_BUTTON_TEXT_3,耗费,,
UI_OVERRIDE_ACTION_BUTTON_TEXT_4,产出,,
UI_OVERRIDE_ACTION_BUTTON_TEXT_5,风险,,
UI_PICKER_ITEM_TEXT_0,初级拜谒,,
UI_PICKER_TAPE_ATTACHMENT_TEXT_0,【呈堂物证】,,
UI_PICKER_TAPE_ATTACHMENT_TEXT_1,不回答,,
UI_PICKER_TAPE_ATTACHMENT_TEXT_2,显示异地行动,,
UI_PICKER_TAPE_ATTACHMENT_TEXT_3,普通,,
UI_PICKER_TAPE_ATTACHMENT_TEXT_4,特殊,,
UI_PICKER_TAPE_ATTACHMENT_TEXT_5,行动,,
UI_PICKER_TAPE_ATTACHMENT_TEXT_6,选择行动 + 姿态以行动,,
UI_PICKER_TAPE_ATTACHMENT_TEXT_7,姿态,,
UI_POEM_CRAFTER_TEXT_0,wasd移动,,
UI_POEM_CRAFTER_TEXT_1,登高抒怀,,
UI_POEM_CRAFTER_TEXT_2,干谒权贵,,
UI_POEM_CRAFTER_TEXT_3,代价是...,,
UI_POEM_CRAFTER_TEXT_4,开始创作,,
UI_POEM_CRAFTER_TEXT_5,撕毁卷轴,,
UI_POEM_DEMAND_TEXT_0,自京附奉先县诵咏五百字,,
UI_POEM_DEMAND_TEXT_1,骊山权贵 + 幼子饿殍 + 自觉荒谬,,
UI_POEM_SLOT_TEXT_0,意象,,
UI_POEM_START_TEXT_0,开始创作,,
UI_PROP_LABEL_TEXT_0,50 健,,
UI_PROP_LABEL_TEXT_1,「奄奄一息」,,
UI_RIGHT_INFO_PANEL_TEXT_0,点击人脉按钮查看社交关系,,
UI_RIGHT_INFO_PANEL_TEXT_1,风闻,,
UI_RIGHT_INFO_PANEL_TEXT_2,右相府：「死穴：西市私盐」  「恩义」,,
UI_RIGHT_INFO_PANEL_TEXT_3,决议,,
UI_SMALLER_ACTION_BUTTON_TEXT_0,交游 · 赴宴,,
UI_SMALLER_ACTION_BUTTON_TEXT_1,颍川，王维召开了盛大宴会,,
UI_SMALLER_PROP_LABEL_TEXT_0,生命: 50,,
UI_SMALLER_PROP_LABEL_TEXT_1,(奄奄一息),,
UI_SOCIAL_CONNECTION_PAGE_TEXT_0,按地区分类,,
UI_SOCIAL_CONNECTION_PAGE_TEXT_1,按阵营分类,,
UI_SOCIAL_CONNECTION_PAGE_TEXT_2,基本信息,,
UI_SOCIAL_CONNECTION_PAGE_TEXT_3,当前状态 + 名字 + 偏好地点,,
UI_SOCIAL_CONNECTION_PAGE_TEXT_4,关系,,
UI_SOCIAL_CONNECTION_PAGE_TEXT_5,把柄 + 推荐信,,
UI_SOCIAL_CONNECTION_PAGE_TEXT_6,相关人物,,
UI_SOCIAL_CONNECTION_PAGE_TEXT_7,已经探索的所有可用任务,,
UI_SOCIAL_CONNECTION_PAGE_TEXT_8,可用资源转换配方,,
UI_SOCIAL_WALL_PANEL_TEXT_0,红黑榜,,
UI_SYSTEM_MENU_TEXT_0,系统,,
UI_SYSTEM_MENU_TEXT_1,继续游戏,,
UI_SYSTEM_MENU_TEXT_2,返回主菜单,,
UI_TIME_CONTROL_PANEL_TEXT_0,天宝十四载,,
UI_TIME_CONTROL_PANEL_TEXT_1,跳过,,
UI_TIME_CONTROL_PANEL_TEXT_2,上旬,,
UI_TIME_CONTROL_PANEL_TEXT_3,第1天,,
UI_TOMB_STONE_SCREEN_TEXT_0,退出观测,,
UI_TRAIT_DEMONSTRATOR_TEXT_0,身心俱疲,,
UI_YANG_KE_TEXT_0,疲,,
